DROP TABLE IF EXISTS AreaPermissionAssignments;

CREATE TABLE IF NOT EXISTS `AreaPermissionAssignments` (
  `cID` int(10) unsigned NOT NULL DEFAULT '0',
  `arHandle` varchar(255) NOT NULL,
  `pkID` int(10) unsigned NOT NULL DEFAULT '0',
  `paID` int(10) unsigned NOT NULL DEFAULT '0',
  PRIMARY KEY (`cID`,`arHandle`,`pkID`,`paID`)
) ENGINE=InnoDB DEFAULT CHARSET=utf8;



DROP TABLE IF EXISTS AreaPermissionBlockTypeAccessList;

CREATE TABLE IF NOT EXISTS `AreaPermissionBlockTypeAccessList` (
  `paID` int(10) unsigned NOT NULL DEFAULT '0',
  `peID` int(10) unsigned NOT NULL DEFAULT '0',
  `permission` varchar(1) NOT NULL DEFAULT '1',
  PRIMARY KEY (`paID`,`peID`)
) ENGINE=InnoDB DEFAULT CHARSET=utf8;



DROP TABLE IF EXISTS AreaPermissionBlockTypeAccessListCustom;

CREATE TABLE IF NOT EXISTS `AreaPermissionBlockTypeAccessListCustom` (
  `paID` int(10) unsigned NOT NULL DEFAULT '0',
  `peID` int(10) unsigned NOT NULL DEFAULT '0',
  `btID` int(10) unsigned NOT NULL DEFAULT '0',
  PRIMARY KEY (`paID`,`peID`,`btID`)
) ENGINE=InnoDB DEFAULT CHARSET=utf8;



DROP TABLE IF EXISTS Areas;

CREATE TABLE IF NOT EXISTS `Areas` (
  `arID` int(10) unsigned NOT NULL AUTO_INCREMENT,
  `cID` int(10) unsigned NOT NULL DEFAULT '0',
  `arHandle` varchar(255) NOT NULL,
  `arOverrideCollectionPermissions` tinyint(1) NOT NULL DEFAULT '0',
  `arInheritPermissionsFromAreaOnCID` int(10) unsigned NOT NULL DEFAULT '0',
  `arIsGlobal` int(1) unsigned NOT NULL DEFAULT '0',
  PRIMARY KEY (`arID`),
  KEY `arIsGlobal` (`arIsGlobal`),
  KEY `cID` (`cID`),
  KEY `arHandle` (`arHandle`)
) ENGINE=InnoDB AUTO_INCREMENT=54 DEFAULT CHARSET=utf8;

INSERT INTO Areas VALUES(1,105,'Header',0,0,0)
 ,(2,105,'Column 1',0,0,0)
 ,(3,105,'Column 2',0,0,0)
 ,(4,105,'Column 3',0,0,0)
 ,(5,105,'Column 4',0,0,0)
 ,(6,106,'Primary',0,0,0)
 ,(7,106,'Secondary 1',0,0,0)
 ,(8,106,'Secondary 2',0,0,0)
 ,(9,106,'Secondary 3',0,0,0)
 ,(10,106,'Secondary 4',0,0,0)
 ,(11,106,'Secondary 5',0,0,0)
 ,(12,1,'Header Nav',0,0,0)
 ,(13,1,'Header',0,0,0)
 ,(14,1,'Sidebar',0,0,0)
 ,(15,1,'Main',0,0,0)
 ,(16,1,'highlights',0,0,0)
 ,(17,1,'Introduction',0,0,0)
 ,(18,123,'highlights',0,0,0)
 ,(19,123,'Introduction',0,0,0)
 ,(20,122,'highlights',0,0,0)
 ,(21,122,'Introduction',0,0,0)
 ,(22,124,'Introduction',0,0,0)
 ,(23,125,'Introduction',0,0,0)
 ,(24,126,'Introduction',0,0,0)
 ,(25,124,'Content',0,0,0)
 ,(26,1,'Content',0,0,0)
 ,(27,117,'Main',0,0,0)
 ,(28,130,'Introduction',0,0,0)
 ,(29,132,'Introduction',0,0,0)
 ,(30,132,'Content',0,0,0)
 ,(31,126,'Content',0,0,0)
 ,(32,1,'Sitemap',0,0,0)
 ,(33,124,'Sitemap',0,0,1)
 ,(34,133,'Main',0,0,0)
 ,(35,124,'ContactUs',0,0,1)
 ,(36,134,'Main',0,0,0)
 ,(37,124,'Legals',0,0,1)
 ,(38,135,'Main',0,0,0)
 ,(39,1,'ContactUs',0,0,1)
 ,(40,1,'Legals',0,0,1)
 ,(41,126,'Sitemap',0,0,1)
 ,(42,126,'ContactUs',0,0,1)
 ,(43,126,'Legals',0,0,1)
 ,(44,132,'Sitemap',0,0,1)
 ,(45,132,'ContactUs',0,0,1)
 ,(46,132,'Legals',0,0,1)
 ,(47,125,'Showcase',0,0,0)
 ,(48,125,'Sitemap',0,0,1)
 ,(49,125,'ContactUs',0,0,1)
 ,(50,125,'Legals',0,0,1)
 ,(51,130,'Sitemap',0,0,1)
 ,(52,130,'ContactUs',0,0,1)
 ,(53,130,'Legals',0,0,1);

DROP TABLE IF EXISTS AttributeKeyCategories;

CREATE TABLE IF NOT EXISTS `AttributeKeyCategories` (
  `akCategoryID` int(10) unsigned NOT NULL AUTO_INCREMENT,
  `akCategoryHandle` varchar(255) NOT NULL,
  `akCategoryAllowSets` smallint(4) NOT NULL DEFAULT '0',
  `pkgID` int(10) unsigned DEFAULT NULL,
  PRIMARY KEY (`akCategoryID`)
) ENGINE=InnoDB AUTO_INCREMENT=4 DEFAULT CHARSET=utf8;

INSERT INTO AttributeKeyCategories VALUES(1,'collection',1,NULL)
 ,(2,'user',1,NULL)
 ,(3,'file',1,NULL);

DROP TABLE IF EXISTS AttributeKeys;

CREATE TABLE IF NOT EXISTS `AttributeKeys` (
  `akID` int(10) unsigned NOT NULL AUTO_INCREMENT,
  `akHandle` varchar(255) NOT NULL,
  `akName` varchar(255) NOT NULL,
  `akIsSearchable` tinyint(1) NOT NULL DEFAULT '0',
  `akIsSearchableIndexed` tinyint(1) NOT NULL DEFAULT '0',
  `akIsAutoCreated` tinyint(1) NOT NULL DEFAULT '0',
  `akIsInternal` tinyint(1) NOT NULL DEFAULT '0',
  `akIsColumnHeader` tinyint(1) NOT NULL DEFAULT '0',
  `akIsEditable` tinyint(1) NOT NULL DEFAULT '0',
  `atID` int(10) unsigned DEFAULT NULL,
  `akCategoryID` int(10) unsigned DEFAULT NULL,
  `pkgID` int(10) unsigned DEFAULT NULL,
  PRIMARY KEY (`akID`),
  UNIQUE KEY `akHandle` (`akHandle`,`akCategoryID`)
) ENGINE=InnoDB AUTO_INCREMENT=15 DEFAULT CHARSET=utf8;

INSERT INTO AttributeKeys VALUES(1,'meta_title','Meta Title',1,1,0,0,0,1,1,1,0)
 ,(2,'meta_description','Meta Description',1,1,0,0,0,1,2,1,0)
 ,(3,'meta_keywords','Meta Keywords',1,1,0,0,0,1,2,1,0)
 ,(4,'icon_dashboard','Dashboard Icon',1,1,0,1,0,1,2,1,0)
 ,(5,'exclude_nav','Exclude From Nav',1,1,0,0,0,1,3,1,0)
 ,(6,'exclude_page_list','Exclude From Page List',1,1,0,0,0,1,3,1,0)
 ,(7,'header_extra_content','Header Extra Content',1,1,0,0,0,1,2,1,0)
 ,(8,'exclude_search_index','Exclude From Search Index',1,1,0,0,0,1,3,1,0)
 ,(9,'exclude_sitemapxml','Exclude From sitemap.xml',1,1,0,0,0,1,3,1,0)
 ,(10,'profile_private_messages_enabled','I would like to receive private messages.',1,1,0,0,0,1,3,2,0)
 ,(11,'profile_private_messages_notification_enabled','Send me email notifications when I receive a private message.',1,1,0,0,0,1,3,2,0)
 ,(12,'width','Width',1,1,0,0,0,1,6,3,0)
 ,(13,'height','Height',1,1,0,0,0,1,6,3,0)
 ,(14,'duration','Duration',1,1,0,0,0,1,6,3,0);

DROP TABLE IF EXISTS AttributeSetKeys;

CREATE TABLE IF NOT EXISTS `AttributeSetKeys` (
  `akID` int(10) unsigned NOT NULL DEFAULT '0',
  `asID` int(10) unsigned NOT NULL DEFAULT '0',
  `displayOrder` int(10) unsigned NOT NULL DEFAULT '0',
  PRIMARY KEY (`akID`,`asID`)
) ENGINE=InnoDB DEFAULT CHARSET=utf8;

INSERT INTO AttributeSetKeys VALUES(1,1,1)
 ,(2,1,2)
 ,(3,1,3)
 ,(5,2,1)
 ,(6,2,2)
 ,(7,1,4)
 ,(8,2,3)
 ,(9,2,4);

DROP TABLE IF EXISTS AttributeSets;

CREATE TABLE IF NOT EXISTS `AttributeSets` (
  `asID` int(10) unsigned NOT NULL AUTO_INCREMENT,
  `asName` varchar(255) DEFAULT NULL,
  `asHandle` varchar(255) NOT NULL,
  `akCategoryID` int(10) unsigned NOT NULL DEFAULT '0',
  `pkgID` int(10) unsigned NOT NULL DEFAULT '0',
  `asIsLocked` int(1) NOT NULL DEFAULT '1',
  `asDisplayOrder` int(10) unsigned NOT NULL DEFAULT '0',
  PRIMARY KEY (`asID`)
) ENGINE=InnoDB AUTO_INCREMENT=3 DEFAULT CHARSET=utf8;

INSERT INTO AttributeSets VALUES(1,'Page Header','page_header',1,0,0,0)
 ,(2,'Navigation and Indexing','navigation',1,0,0,1);

DROP TABLE IF EXISTS AttributeTypeCategories;

CREATE TABLE IF NOT EXISTS `AttributeTypeCategories` (
  `atID` int(10) unsigned NOT NULL DEFAULT '0',
  `akCategoryID` int(10) unsigned NOT NULL DEFAULT '0',
  PRIMARY KEY (`atID`,`akCategoryID`)
) ENGINE=InnoDB DEFAULT CHARSET=utf8;

INSERT INTO AttributeTypeCategories VALUES(1,1)
 ,(1,2)
 ,(1,3)
 ,(2,1)
 ,(2,2)
 ,(2,3)
 ,(3,1)
 ,(3,2)
 ,(3,3)
 ,(4,1)
 ,(4,2)
 ,(4,3)
 ,(5,1)
 ,(6,1)
 ,(6,2)
 ,(6,3)
 ,(7,1)
 ,(7,3)
 ,(8,1)
 ,(8,2)
 ,(8,3)
 ,(9,2);

DROP TABLE IF EXISTS AttributeTypes;

CREATE TABLE IF NOT EXISTS `AttributeTypes` (
  `atID` int(10) unsigned NOT NULL AUTO_INCREMENT,
  `atHandle` varchar(255) NOT NULL,
  `atName` varchar(255) NOT NULL,
  `pkgID` int(10) unsigned DEFAULT NULL,
  PRIMARY KEY (`atID`)
) ENGINE=InnoDB AUTO_INCREMENT=10 DEFAULT CHARSET=utf8;

INSERT INTO AttributeTypes VALUES(1,'text','Text',0)
 ,(2,'textarea','Text Area',0)
 ,(3,'boolean','Checkbox',0)
 ,(4,'date_time','Date/Time',0)
 ,(5,'image_file','Image/File',0)
 ,(6,'number','Number',0)
 ,(7,'rating','Rating',0)
 ,(8,'select','Select',0)
 ,(9,'address','Address',0);

DROP TABLE IF EXISTS AttributeValues;

CREATE TABLE IF NOT EXISTS `AttributeValues` (
  `avID` int(10) unsigned NOT NULL AUTO_INCREMENT,
  `akID` int(10) unsigned DEFAULT NULL,
  `avDateAdded` datetime NOT NULL DEFAULT '0000-00-00 00:00:00',
  `uID` int(10) unsigned DEFAULT NULL,
  `atID` int(10) unsigned DEFAULT NULL,
  PRIMARY KEY (`avID`)
) ENGINE=InnoDB AUTO_INCREMENT=184 DEFAULT CHARSET=utf8;

INSERT INTO AttributeValues VALUES(1,3,'2013-11-22 09:17:57',1,2)
 ,(2,4,'2013-11-22 09:17:57',1,2)
 ,(3,3,'2013-11-22 09:17:57',1,2)
 ,(4,4,'2013-11-22 09:17:57',1,2)
 ,(5,3,'2013-11-22 09:17:57',1,2)
 ,(6,4,'2013-11-22 09:17:57',1,2)
 ,(7,3,'2013-11-22 09:17:57',1,2)
 ,(8,3,'2013-11-22 09:17:58',1,2)
 ,(9,4,'2013-11-22 09:17:58',1,2)
 ,(10,3,'2013-11-22 09:17:58',1,2)
 ,(11,4,'2013-11-22 09:17:58',1,2)
 ,(12,3,'2013-11-22 09:17:58',1,2)
 ,(13,4,'2013-11-22 09:17:58',1,2)
 ,(14,3,'2013-11-22 09:17:58',1,2)
 ,(15,4,'2013-11-22 09:17:58',1,2)
 ,(16,3,'2013-11-22 09:17:58',1,2)
 ,(17,4,'2013-11-22 09:17:59',1,2)
 ,(18,3,'2013-11-22 09:17:59',1,2)
 ,(19,4,'2013-11-22 09:17:59',1,2)
 ,(20,5,'2013-11-22 09:17:59',1,3)
 ,(21,3,'2013-11-22 09:17:59',1,2)
 ,(22,4,'2013-11-22 09:17:59',1,2)
 ,(23,3,'2013-11-22 09:17:59',1,2)
 ,(24,3,'2013-11-22 09:17:59',1,2)
 ,(25,4,'2013-11-22 09:17:59',1,2)
 ,(26,3,'2013-11-22 09:17:59',1,2)
 ,(27,4,'2013-11-22 09:17:59',1,2)
 ,(28,3,'2013-11-22 09:18:00',1,2)
 ,(29,4,'2013-11-22 09:18:00',1,2)
 ,(30,3,'2013-11-22 09:18:00',1,2)
 ,(31,5,'2013-11-22 09:18:00',1,3)
 ,(32,4,'2013-11-22 09:18:00',1,2)
 ,(33,3,'2013-11-22 09:18:00',1,2)
 ,(34,5,'2013-11-22 09:18:00',1,3)
 ,(35,4,'2013-11-22 09:18:01',1,2)
 ,(36,3,'2013-11-22 09:18:01',1,2)
 ,(37,4,'2013-11-22 09:18:01',1,2)
 ,(38,3,'2013-11-22 09:18:01',1,2)
 ,(39,3,'2013-11-22 09:18:01',1,2)
 ,(40,4,'2013-11-22 09:18:01',1,2)
 ,(41,3,'2013-11-22 09:18:01',1,2)
 ,(42,4,'2013-11-22 09:18:01',1,2)
 ,(43,3,'2013-11-22 09:18:01',1,2)
 ,(44,4,'2013-11-22 09:18:02',1,2)
 ,(45,3,'2013-11-22 09:18:02',1,2)
 ,(46,4,'2013-11-22 09:18:02',1,2)
 ,(47,3,'2013-11-22 09:18:02',1,2)
 ,(48,4,'2013-11-22 09:18:02',1,2)
 ,(49,3,'2013-11-22 09:18:02',1,2)
 ,(50,3,'2013-11-22 09:18:02',1,2)
 ,(51,3,'2013-11-22 09:18:02',1,2)
 ,(52,3,'2013-11-22 09:18:02',1,2)
 ,(53,4,'2013-11-22 09:18:02',1,2)
 ,(54,3,'2013-11-22 09:18:02',1,2)
 ,(55,4,'2013-11-22 09:18:03',1,2)
 ,(56,3,'2013-11-22 09:18:03',1,2)
 ,(57,4,'2013-11-22 09:18:03',1,2)
 ,(58,3,'2013-11-22 09:18:03',1,2)
 ,(59,4,'2013-11-22 09:18:03',1,2)
 ,(60,4,'2013-11-22 09:18:03',1,2)
 ,(61,3,'2013-11-22 09:18:03',1,2)
 ,(62,4,'2013-11-22 09:18:03',1,2)
 ,(63,4,'2013-11-22 09:18:03',1,2)
 ,(64,5,'2013-11-22 09:18:04',1,3)
 ,(65,8,'2013-11-22 09:18:04',1,3)
 ,(66,3,'2013-11-22 09:18:04',1,2)
 ,(67,4,'2013-11-22 09:18:04',1,2)
 ,(68,5,'2013-11-22 09:18:04',1,3)
 ,(69,5,'2013-11-22 09:18:04',1,3)
 ,(70,3,'2013-11-22 09:18:04',1,2)
 ,(71,3,'2013-11-22 09:18:04',1,2)
 ,(72,3,'2013-11-22 09:18:04',1,2)
 ,(73,3,'2013-11-22 09:18:04',1,2)
 ,(74,3,'2013-11-22 09:18:04',1,2)
 ,(75,5,'2013-11-22 09:18:04',1,3)
 ,(76,3,'2013-11-22 09:18:05',1,2)
 ,(77,3,'2013-11-22 09:18:05',1,2)
 ,(78,3,'2013-11-22 09:18:05',1,2)
 ,(79,3,'2013-11-22 09:18:05',1,2)
 ,(80,3,'2013-11-22 09:18:05',1,2)
 ,(81,3,'2013-11-22 09:18:05',1,2)
 ,(82,3,'2013-11-22 09:18:05',1,2)
 ,(83,3,'2013-11-22 09:18:05',1,2)
 ,(84,3,'2013-11-22 09:18:05',1,2)
 ,(85,3,'2013-11-22 09:18:05',1,2)
 ,(86,3,'2013-11-22 09:18:06',1,2)
 ,(87,3,'2013-11-22 09:18:06',1,2)
 ,(88,3,'2013-11-22 09:18:06',1,2)
 ,(89,3,'2013-11-22 09:18:06',1,2)
 ,(90,3,'2013-11-22 09:18:06',1,2)
 ,(91,3,'2013-11-22 09:18:06',1,2)
 ,(92,3,'2013-11-22 09:18:06',1,2)
 ,(93,3,'2013-11-22 09:18:06',1,2)
 ,(94,3,'2013-11-22 09:18:06',1,2)
 ,(95,3,'2013-11-22 09:18:06',1,2)
 ,(96,3,'2013-11-22 09:18:06',1,2)
 ,(97,3,'2013-11-22 09:18:07',1,2)
 ,(98,3,'2013-11-22 09:18:07',1,2)
 ,(99,3,'2013-11-22 09:18:07',1,2)
 ,(100,3,'2013-11-22 09:18:07',1,2)
 ,(101,3,'2013-11-22 09:18:07',1,2)
 ,(102,3,'2013-11-22 09:18:07',1,2)
 ,(103,3,'2013-11-22 09:18:07',1,2)
 ,(104,3,'2013-11-22 09:18:07',1,2)
 ,(105,3,'2013-11-22 09:18:07',1,2)
 ,(106,3,'2013-11-22 09:18:07',1,2)
 ,(107,3,'2013-11-22 09:18:07',1,2)
 ,(108,8,'2013-11-22 09:18:08',1,3)
 ,(109,3,'2013-11-22 09:18:08',1,2)
 ,(110,3,'2013-11-22 09:18:08',1,2)
 ,(111,3,'2013-11-22 09:18:08',1,2)
 ,(112,3,'2013-11-22 09:18:08',1,2)
 ,(113,3,'2013-11-22 09:18:08',1,2)
 ,(114,3,'2013-11-22 09:18:08',1,2)
 ,(115,3,'2013-11-22 09:18:08',1,2)
 ,(116,3,'2013-11-22 09:18:08',1,2)
 ,(117,5,'2013-11-22 09:18:09',1,3)
 ,(118,5,'2013-11-22 09:18:10',1,3)
 ,(119,8,'2013-11-22 09:18:10',1,3)
 ,(120,12,'2013-11-22 10:37:10',1,6)
 ,(121,13,'2013-11-22 10:37:10',1,6)
 ,(122,12,'2013-11-22 10:37:11',1,6)
 ,(123,13,'2013-11-22 10:37:11',1,6)
 ,(124,12,'2013-11-22 10:37:11',1,6)
 ,(125,13,'2013-11-22 10:37:12',1,6)
 ,(126,12,'2013-11-24 06:49:13',1,6)
 ,(127,13,'2013-11-24 06:49:13',1,6)
 ,(128,12,'2013-11-24 06:49:14',1,6)
 ,(129,13,'2013-11-24 06:49:15',1,6)
 ,(130,12,'2013-11-24 06:49:16',1,6)
 ,(131,13,'2013-11-24 06:49:16',1,6)
 ,(132,12,'2013-11-25 08:38:21',1,6)
 ,(133,13,'2013-11-25 08:38:22',1,6)
 ,(134,12,'2013-12-11 06:03:44',1,6)
 ,(135,13,'2013-12-11 06:03:44',1,6)
 ,(136,12,'2013-12-11 15:50:15',1,6)
 ,(137,13,'2013-12-11 15:50:15',1,6)
 ,(138,12,'2013-12-11 15:50:50',1,6)
 ,(139,13,'2013-12-11 15:50:50',1,6)
 ,(140,12,'2013-12-11 16:56:24',1,6)
 ,(141,13,'2013-12-11 16:56:24',1,6)
 ,(142,12,'2013-12-12 03:20:33',1,6)
 ,(143,13,'2013-12-12 03:20:33',1,6)
 ,(144,12,'2013-12-12 03:20:50',1,6)
 ,(145,13,'2013-12-12 03:20:50',1,6)
 ,(146,12,'2013-12-14 17:22:58',1,6)
 ,(147,13,'2013-12-14 17:22:58',1,6)
 ,(148,12,'2013-12-14 17:23:11',1,6)
 ,(149,13,'2013-12-14 17:23:11',1,6)
 ,(150,12,'2013-12-16 19:48:13',1,6)
 ,(151,13,'2013-12-16 19:48:13',1,6)
 ,(152,12,'2013-12-16 19:48:18',1,6)
 ,(153,13,'2013-12-16 19:48:18',1,6)
 ,(154,12,'2013-12-16 19:48:22',1,6)
 ,(155,13,'2013-12-16 19:48:22',1,6)
 ,(156,12,'2013-12-16 19:48:24',1,6)
 ,(157,13,'2013-12-16 19:48:24',1,6)
 ,(158,12,'2013-12-16 19:48:26',1,6)
 ,(159,13,'2013-12-16 19:48:27',1,6)
 ,(160,12,'2013-12-16 19:48:28',1,6)
 ,(161,13,'2013-12-16 19:48:29',1,6)
 ,(162,12,'2013-12-16 19:49:43',1,6)
 ,(163,13,'2013-12-16 19:49:43',1,6)
 ,(164,12,'2013-12-16 19:50:32',1,6)
 ,(165,13,'2013-12-16 19:50:32',1,6)
 ,(166,12,'2013-12-16 19:52:15',1,6)
 ,(167,13,'2013-12-16 19:52:15',1,6)
 ,(168,12,'2013-12-16 19:52:58',1,6)
 ,(169,13,'2013-12-16 19:52:59',1,6)
 ,(170,12,'2013-12-16 19:53:00',1,6)
 ,(171,13,'2013-12-16 19:53:00',1,6)
 ,(172,12,'2013-12-16 19:53:02',1,6)
 ,(173,13,'2013-12-16 19:53:02',1,6)
 ,(174,12,'2013-12-16 19:56:32',1,6)
 ,(175,13,'2013-12-16 19:56:32',1,6)
 ,(176,12,'2013-12-16 19:56:46',1,6)
 ,(177,13,'2013-12-16 19:56:46',1,6)
 ,(178,12,'2013-12-16 19:57:04',1,6)
 ,(179,13,'2013-12-16 19:57:04',1,6)
 ,(180,12,'2013-12-16 19:57:19',1,6)
 ,(181,13,'2013-12-16 19:57:19',1,6)
 ,(182,12,'2013-12-16 19:58:09',1,6)
 ,(183,13,'2013-12-16 19:58:09',1,6);

DROP TABLE IF EXISTS BasicWorkflowPermissionAssignments;

CREATE TABLE IF NOT EXISTS `BasicWorkflowPermissionAssignments` (
  `wfID` int(10) unsigned NOT NULL DEFAULT '0',
  `pkID` int(10) unsigned NOT NULL DEFAULT '0',
  `paID` int(10) unsigned NOT NULL DEFAULT '0',
  PRIMARY KEY (`wfID`,`pkID`,`paID`)
) ENGINE=InnoDB DEFAULT CHARSET=utf8;



DROP TABLE IF EXISTS BasicWorkflowProgressData;

CREATE TABLE IF NOT EXISTS `BasicWorkflowProgressData` (
  `wpID` int(10) unsigned NOT NULL DEFAULT '0',
  `uIDStarted` int(10) unsigned NOT NULL DEFAULT '0',
  `uIDCompleted` int(10) unsigned NOT NULL DEFAULT '0',
  `wpDateCompleted` datetime DEFAULT NULL,
  PRIMARY KEY (`wpID`)
) ENGINE=InnoDB DEFAULT CHARSET=utf8;



DROP TABLE IF EXISTS BlockPermissionAssignments;

CREATE TABLE IF NOT EXISTS `BlockPermissionAssignments` (
  `cID` int(10) unsigned NOT NULL DEFAULT '0',
  `cvID` int(10) unsigned NOT NULL DEFAULT '0',
  `bID` int(10) unsigned NOT NULL DEFAULT '0',
  `pkID` int(10) unsigned NOT NULL DEFAULT '0',
  `paID` int(10) unsigned NOT NULL DEFAULT '0',
  PRIMARY KEY (`cID`,`cvID`,`bID`,`pkID`,`paID`)
) ENGINE=InnoDB DEFAULT CHARSET=utf8;



DROP TABLE IF EXISTS BlockRelations;

CREATE TABLE IF NOT EXISTS `BlockRelations` (
  `brID` int(10) unsigned NOT NULL AUTO_INCREMENT,
  `bID` int(10) unsigned NOT NULL DEFAULT '0',
  `originalBID` int(10) unsigned NOT NULL DEFAULT '0',
  `relationType` varchar(50) NOT NULL,
  PRIMARY KEY (`brID`)
) ENGINE=InnoDB AUTO_INCREMENT=14 DEFAULT CHARSET=utf8;

INSERT INTO BlockRelations VALUES(1,17,16,'DUPLICATE')
 ,(2,19,17,'DUPLICATE')
 ,(3,22,18,'DUPLICATE')
 ,(4,30,29,'DUPLICATE')
 ,(6,33,30,'DUPLICATE')
 ,(7,34,20,'DUPLICATE')
 ,(9,37,34,'DUPLICATE')
 ,(10,39,37,'DUPLICATE')
 ,(11,40,33,'DUPLICATE')
 ,(12,41,40,'DUPLICATE')
 ,(13,42,13,'DUPLICATE');

DROP TABLE IF EXISTS BlockTypePermissionBlockTypeAccessList;

CREATE TABLE IF NOT EXISTS `BlockTypePermissionBlockTypeAccessList` (
  `paID` int(10) unsigned NOT NULL DEFAULT '0',
  `peID` int(10) unsigned NOT NULL DEFAULT '0',
  `permission` varchar(1) NOT NULL DEFAULT '1',
  PRIMARY KEY (`paID`,`peID`)
) ENGINE=InnoDB DEFAULT CHARSET=utf8;



DROP TABLE IF EXISTS BlockTypePermissionBlockTypeAccessListCustom;

CREATE TABLE IF NOT EXISTS `BlockTypePermissionBlockTypeAccessListCustom` (
  `paID` int(10) unsigned NOT NULL DEFAULT '0',
  `peID` int(10) unsigned NOT NULL DEFAULT '0',
  `btID` int(10) unsigned NOT NULL DEFAULT '0',
  PRIMARY KEY (`paID`,`peID`,`btID`)
) ENGINE=InnoDB DEFAULT CHARSET=utf8;



DROP TABLE IF EXISTS BlockTypes;

CREATE TABLE IF NOT EXISTS `BlockTypes` (
  `btID` int(10) unsigned NOT NULL AUTO_INCREMENT,
  `btHandle` varchar(32) NOT NULL,
  `btName` varchar(128) NOT NULL,
  `btDescription` text,
  `btActiveWhenAdded` tinyint(1) NOT NULL DEFAULT '1',
  `btCopyWhenPropagate` tinyint(1) NOT NULL DEFAULT '0',
  `btIncludeAll` tinyint(1) NOT NULL DEFAULT '0',
  `btIsInternal` tinyint(1) NOT NULL DEFAULT '0',
  `btDisplayOrder` int(10) unsigned NOT NULL DEFAULT '0',
  `btInterfaceWidth` int(10) unsigned NOT NULL DEFAULT '400',
  `btInterfaceHeight` int(10) unsigned NOT NULL DEFAULT '400',
  `pkgID` int(10) unsigned NOT NULL DEFAULT '0',
  PRIMARY KEY (`btID`),
  UNIQUE KEY `btHandle` (`btHandle`)
) ENGINE=InnoDB AUTO_INCREMENT=30 DEFAULT CHARSET=utf8;

INSERT INTO BlockTypes VALUES(1,'core_scrapbook_display','Scrapbook Display (Core)','Proxy block for blocks pasted through the scrapbook.',1,0,0,1,0,400,400,0)
 ,(2,'core_stack_display','Stack Display (Core)','Proxy block for stacks added through the UI.',1,0,0,1,0,400,400,0)
 ,(3,'dashboard_featured_addon','Dashboard Featured Add-On','Features an add-on from concrete5.org.',1,0,0,1,0,300,100,0)
 ,(4,'dashboard_featured_theme','Dashboard Featured Theme','Features a theme from concrete5.org.',1,0,0,1,0,300,100,0)
 ,(5,'dashboard_newsflow_latest','Dashboard Newsflow Latest','Grabs the latest newsflow data from concrete5.org.',1,0,0,1,0,400,400,0)
 ,(6,'dashboard_app_status','Dashboard App Status','Displays update and welcome back information on your dashboard.',1,0,0,1,0,400,400,0)
 ,(7,'dashboard_site_activity','Dashboard Site Activity','Displays a summary of website activity.',1,0,0,1,0,400,400,0)
 ,(8,'autonav','Auto-Nav','Creates navigation trees and sitemaps.',1,0,0,0,1,500,350,0)
 ,(9,'content','Content','HTML/WYSIWYG Editor Content.',1,0,0,0,2,600,465,0)
 ,(10,'date_nav','Date Navigation','A collapsible date based navigation tree',1,0,0,0,3,500,350,0)
 ,(11,'external_form','External Form','Include external forms in the filesystem and place them on pages.',1,0,0,0,4,370,100,0)
 ,(12,'file','File','Link to files stored in the asset library.',1,0,0,0,5,300,250,0)
 ,(13,'flash_content','Flash Content','Embeds SWF files, including flash detection.',1,0,0,0,6,380,200,0)
 ,(14,'form','Form','Build simple forms and surveys.',1,0,0,0,7,420,430,0)
 ,(15,'google_map','Google Map','Enter an address and a Google Map of that location will be placed in your page.',1,0,0,0,8,400,200,0)
 ,(16,'guestbook','Guestbook / Comments','Adds blog-style comments (a guestbook) to your page.',1,0,1,0,9,370,480,0)
 ,(17,'html','HTML','For adding HTML by hand.',1,0,0,0,10,600,465,0)
 ,(18,'image','Image','Adds images and onstates from the library to pages.',1,0,0,0,11,400,550,0)
 ,(19,'next_previous','Next & Previous Nav','Navigate through sibling pages.',1,0,0,0,12,430,400,0)
 ,(20,'page_list','Page List','List pages based on type, area.',1,0,0,0,13,500,350,0)
 ,(21,'rss_displayer','RSS Displayer','Fetch, parse and display the contents of an RSS or Atom feed.',1,0,0,0,14,400,330,0)
 ,(22,'search','Search','Add a search box to your site.',1,0,0,0,15,400,240,0)
 ,(23,'slideshow','Slideshow','Display a running loop of images.',1,0,0,0,16,550,400,0)
 ,(24,'survey','Survey','Provide a simple survey, along with results in a pie chart format.',1,0,0,0,17,420,300,0)
 ,(25,'tags','Tags','List pages based on type, area.',1,0,0,0,18,450,260,0)
 ,(26,'video','Video Player','Embeds uploaded video into a web page. Supports AVI, WMV, Quicktime/MPEG4 and FLV formats.',1,0,0,0,19,320,220,0)
 ,(27,'youtube','YouTube Video','Embeds a YouTube Video in your web page.',1,0,0,0,20,400,210,0)
 ,(29,'people_showcase','People Showcase','Showcase employees',1,0,0,0,21,350,300,0);

DROP TABLE IF EXISTS Blocks;

CREATE TABLE IF NOT EXISTS `Blocks` (
  `bID` int(10) unsigned NOT NULL AUTO_INCREMENT,
  `bName` varchar(60) DEFAULT NULL,
  `bDateAdded` datetime NOT NULL DEFAULT '0000-00-00 00:00:00',
  `bDateModified` datetime NOT NULL DEFAULT '0000-00-00 00:00:00',
  `bFilename` varchar(255) DEFAULT NULL,
  `bIsActive` varchar(1) NOT NULL DEFAULT '1',
  `btID` int(10) unsigned NOT NULL DEFAULT '0',
  `uID` int(10) unsigned DEFAULT NULL,
  `btCachedBlockRecord` longtext,
  PRIMARY KEY (`bID`)
) ENGINE=InnoDB AUTO_INCREMENT=43 DEFAULT CHARSET=utf8;

INSERT INTO Blocks VALUES(1,'','2013-11-22 09:18:08','2013-11-22 09:18:08',NULL,'1',9,1,NULL)
 ,(2,'','2013-11-22 09:18:09','2013-11-22 09:18:09',NULL,'1',9,1,NULL)
 ,(3,'','2013-11-22 09:18:09','2013-11-22 09:18:09',NULL,'1',9,1,NULL)
 ,(4,'','2013-11-22 09:18:09','2013-11-22 09:18:09',NULL,'1',9,1,NULL)
 ,(5,'','2013-11-22 09:18:09','2013-11-22 09:18:09',NULL,'1',9,1,NULL)
 ,(6,'','2013-11-22 09:18:09','2013-11-22 09:18:09',NULL,'1',6,1,NULL)
 ,(7,'','2013-11-22 09:18:09','2013-11-22 09:18:09',NULL,'1',7,1,NULL)
 ,(8,'','2013-11-22 09:18:09','2013-11-22 09:18:10',NULL,'1',5,1,NULL)
 ,(9,'','2013-11-22 09:18:10','2013-11-22 09:18:10',NULL,'1',5,1,NULL)
 ,(10,'','2013-11-22 09:18:10','2013-11-22 09:18:10',NULL,'1',4,1,NULL)
 ,(11,'','2013-11-22 09:18:10','2013-11-22 09:18:10',NULL,'1',3,1,NULL)
 ,(12,'','2013-11-22 09:18:10','2013-11-22 09:18:10',NULL,'1',5,1,NULL)
 ,(13,NULL,'2013-11-22 09:22:06','2013-11-22 09:22:06',NULL,'1',9,1,NULL)
 ,(15,NULL,'2013-11-24 16:28:13','2013-11-24 16:28:28',NULL,'1',9,1,NULL)
 ,(16,NULL,'2013-11-25 08:32:10','2013-11-25 08:32:10',NULL,'1',9,1,NULL)
 ,(17,NULL,'2013-11-25 08:35:16','2013-11-25 09:18:43',NULL,'1',9,1,NULL)
 ,(18,NULL,'2013-11-25 08:46:19','2013-11-25 08:46:19',NULL,'1',9,1,NULL)
 ,(19,NULL,'2013-11-28 16:00:33','2013-11-28 16:00:33',NULL,'1',9,1,NULL)
 ,(20,NULL,'2013-11-28 16:09:33','2013-11-28 16:09:33',NULL,'1',9,1,NULL)
 ,(21,NULL,'2013-12-01 07:04:58','2013-12-01 07:04:58',NULL,'1',8,1,NULL)
 ,(22,NULL,'2013-12-09 13:57:30','2013-12-09 13:57:30',NULL,'1',9,1,NULL)
 ,(23,NULL,'2013-12-09 14:06:13','2013-12-09 14:06:13',NULL,'1',8,1,NULL)
 ,(24,NULL,'2013-12-09 14:07:04','2013-12-09 14:07:04',NULL,'1',9,1,NULL)
 ,(25,NULL,'2013-12-09 14:07:15','2013-12-09 14:07:15',NULL,'1',9,1,NULL)
 ,(29,NULL,'2013-12-10 15:55:13','2013-12-10 17:30:19',NULL,'1',29,1,NULL)
 ,(30,NULL,'2013-12-11 06:09:38','2013-12-11 06:09:38',NULL,'1',29,1,NULL)
 ,(32,NULL,'2013-12-11 16:14:03','2013-12-11 16:14:03',NULL,'1',9,1,NULL)
 ,(33,NULL,'2013-12-11 16:55:30','2013-12-11 16:55:30',NULL,'1',29,1,NULL)
 ,(34,NULL,'2013-12-11 17:04:59','2013-12-11 17:04:59',NULL,'1',9,1,NULL)
 ,(35,NULL,'2013-12-11 17:06:10','2013-12-11 17:06:10',NULL,'1',15,1,NULL)
 ,(37,NULL,'2013-12-11 17:12:38','2013-12-11 17:12:38',NULL,'1',9,1,NULL)
 ,(38,NULL,'2013-12-12 03:34:05','2013-12-12 03:34:38',NULL,'1',9,1,NULL)
 ,(39,NULL,'2013-12-12 03:51:36','2013-12-12 03:51:36',NULL,'1',9,1,NULL)
 ,(40,NULL,'2013-12-16 19:55:10','2013-12-16 19:55:10',NULL,'1',29,1,NULL)
 ,(41,NULL,'2013-12-16 19:57:46','2013-12-16 19:57:46',NULL,'1',29,1,NULL)
 ,(42,NULL,'2014-01-01 23:28:26','2014-01-01 23:28:26',NULL,'1',9,1,NULL);

DROP TABLE IF EXISTS CollectionAttributeValues;

CREATE TABLE IF NOT EXISTS `CollectionAttributeValues` (
  `cID` int(10) unsigned NOT NULL DEFAULT '0',
  `cvID` int(10) unsigned NOT NULL DEFAULT '0',
  `akID` int(10) unsigned NOT NULL DEFAULT '0',
  `avID` int(10) unsigned NOT NULL DEFAULT '0',
  PRIMARY KEY (`cID`,`cvID`,`akID`,`avID`)
) ENGINE=InnoDB DEFAULT CHARSET=utf8;

INSERT INTO CollectionAttributeValues VALUES(3,1,3,1)
 ,(3,1,4,2)
 ,(4,1,3,3)
 ,(4,1,4,4)
 ,(5,1,3,5)
 ,(5,1,4,6)
 ,(6,1,3,7)
 ,(7,1,3,8)
 ,(7,1,4,9)
 ,(8,1,3,10)
 ,(8,1,4,11)
 ,(9,1,3,12)
 ,(9,1,4,13)
 ,(11,1,3,14)
 ,(11,1,4,15)
 ,(12,1,3,16)
 ,(12,1,4,17)
 ,(13,1,3,18)
 ,(13,1,4,19)
 ,(14,1,3,21)
 ,(14,1,4,22)
 ,(14,1,5,20)
 ,(15,1,3,23)
 ,(16,1,3,24)
 ,(16,1,4,25)
 ,(17,1,3,26)
 ,(17,1,4,27)
 ,(18,1,3,28)
 ,(18,1,4,29)
 ,(19,1,3,30)
 ,(19,1,4,32)
 ,(19,1,5,31)
 ,(20,1,3,33)
 ,(20,1,4,35)
 ,(20,1,5,34)
 ,(21,1,3,36)
 ,(21,1,4,37)
 ,(22,1,3,38)
 ,(23,1,3,39)
 ,(23,1,4,40)
 ,(24,1,3,41)
 ,(24,1,4,42)
 ,(25,1,3,43)
 ,(25,1,4,44)
 ,(26,1,3,45)
 ,(26,1,4,46)
 ,(28,1,3,47)
 ,(28,1,4,48)
 ,(29,1,3,49)
 ,(30,1,3,50)
 ,(31,1,3,51)
 ,(32,1,3,52)
 ,(32,1,4,53)
 ,(34,1,3,54)
 ,(34,1,4,55)
 ,(35,1,3,56)
 ,(35,1,4,57)
 ,(36,1,3,58)
 ,(37,1,4,59)
 ,(38,1,4,60)
 ,(40,1,3,61)
 ,(40,1,4,62)
 ,(41,1,4,63)
 ,(42,1,5,64)
 ,(42,1,8,65)
 ,(43,1,3,66)
 ,(43,1,4,67)
 ,(44,1,5,68)
 ,(45,1,5,69)
 ,(46,1,3,70)
 ,(47,1,3,71)
 ,(48,1,3,72)
 ,(49,1,3,73)
 ,(50,1,3,74)
 ,(51,1,5,75)
 ,(53,1,3,76)
 ,(54,1,3,77)
 ,(55,1,3,78)
 ,(56,1,3,79)
 ,(57,1,3,80)
 ,(58,1,3,81)
 ,(60,1,3,82)
 ,(61,1,3,83)
 ,(62,1,3,84)
 ,(63,1,3,85)
 ,(64,1,3,86)
 ,(65,1,3,87)
 ,(67,1,3,88)
 ,(68,1,3,89)
 ,(69,1,3,90)
 ,(71,1,3,91)
 ,(72,1,3,92)
 ,(73,1,3,93)
 ,(74,1,3,94)
 ,(77,1,3,95)
 ,(78,1,3,96)
 ,(79,1,3,97)
 ,(80,1,3,98)
 ,(82,1,3,99)
 ,(83,1,3,100)
 ,(84,1,3,101)
 ,(85,1,3,102)
 ,(86,1,3,103)
 ,(87,1,3,104)
 ,(88,1,3,105)
 ,(89,1,3,106)
 ,(90,1,3,107)
 ,(91,1,8,108)
 ,(92,1,3,109)
 ,(93,1,3,110)
 ,(94,1,3,111)
 ,(95,1,3,112)
 ,(96,1,3,113)
 ,(97,1,3,114)
 ,(99,1,3,115)
 ,(100,1,3,116)
 ,(105,1,5,117)
 ,(106,1,5,118)
 ,(106,1,8,119);

DROP TABLE IF EXISTS CollectionSearchIndexAttributes;

CREATE TABLE IF NOT EXISTS `CollectionSearchIndexAttributes` (
  `cID` int(11) unsigned NOT NULL DEFAULT '0',
  `ak_meta_title` text,
  `ak_meta_description` text,
  `ak_meta_keywords` text,
  `ak_icon_dashboard` text,
  `ak_exclude_nav` tinyint(4) DEFAULT '0',
  `ak_exclude_page_list` tinyint(4) DEFAULT '0',
  `ak_header_extra_content` text,
  `ak_exclude_search_index` tinyint(4) DEFAULT '0',
  `ak_exclude_sitemapxml` tinyint(4) DEFAULT '0',
  PRIMARY KEY (`cID`)
) ENGINE=InnoDB DEFAULT CHARSET=utf8;

INSERT INTO CollectionSearchIndexAttributes VALUES(1,NULL,NULL,NULL,NULL,0,0,NULL,0,0)
 ,(3,NULL,NULL,'blog, blogging','icon-book',0,0,NULL,0,0)
 ,(4,NULL,NULL,'new blog, write blog, blogging','icon-pencil',0,0,NULL,0,0)
 ,(5,NULL,NULL,'blog drafts, composer','icon-book',0,0,NULL,0,0)
 ,(6,NULL,NULL,'pages, add page, delete page, copy, move, alias',NULL,0,0,NULL,0,0)
 ,(7,NULL,NULL,'pages, add page, delete page, copy, move, alias','icon-home',0,0,NULL,0,0)
 ,(8,NULL,NULL,'pages, add page, delete page, copy, move, alias, bulk','icon-road',0,0,NULL,0,0)
 ,(9,NULL,NULL,'find page, search page, search, find, pages, sitemap','icon-search',0,0,NULL,0,0)
 ,(11,NULL,NULL,'add file, delete file, copy, move, alias, resize, crop, rename, images, title, attribute','icon-picture',0,0,NULL,0,0)
 ,(12,NULL,NULL,'file, file attributes, title, attribute, description, rename','icon-cog',0,0,NULL,0,0)
 ,(13,NULL,NULL,'files, category, categories','icon-list-alt',0,0,NULL,0,0)
 ,(14,NULL,NULL,'new file set','icon-plus-sign',1,0,NULL,0,0)
 ,(15,NULL,NULL,'users, groups, people, find, delete user, remove user, change password, password',NULL,0,0,NULL,0,0)
 ,(16,NULL,NULL,'find, search, people, delete user, remove user, change password, password','icon-user',0,0,NULL,0,0)
 ,(17,NULL,NULL,'user, group, people, permissions, access, expire','icon-globe',0,0,NULL,0,0)
 ,(18,NULL,NULL,'user attributes, user data, gather data, registration data','icon-cog',0,0,NULL,0,0)
 ,(19,NULL,NULL,'new user, create','icon-plus-sign',1,0,NULL,0,0)
 ,(20,NULL,NULL,'new user group, new group, group, create','icon-plus',1,0,NULL,0,0)
 ,(21,NULL,NULL,'group set','icon-list',0,0,NULL,0,0)
 ,(22,NULL,NULL,'forms, log, error, email, mysql, exception, survey',NULL,0,0,NULL,0,0)
 ,(23,NULL,NULL,'hits, pageviews, visitors, activity','icon-signal',0,0,NULL,0,0)
 ,(24,NULL,NULL,'forms, questions, response, data','icon-briefcase',0,0,NULL,0,0)
 ,(25,NULL,NULL,'questions, quiz, response','icon-tasks',0,0,NULL,0,0)
 ,(26,NULL,NULL,'forms, log, error, email, mysql, exception, survey, history','icon-time',0,0,NULL,0,0)
 ,(28,NULL,NULL,'new theme, theme, active theme, change theme, template, css','icon-font',0,0,NULL,0,0)
 ,(29,NULL,NULL,'theme',NULL,0,0,NULL,0,0)
 ,(30,NULL,NULL,'page types',NULL,0,0,NULL,0,0)
 ,(31,NULL,NULL,'custom theme, change theme, custom css, css',NULL,0,0,NULL,0,0)
 ,(32,NULL,NULL,'page type defaults, global block, global area, starter, template','icon-file',0,0,NULL,0,0)
 ,(34,NULL,NULL,'page attributes, custom','icon-cog',0,0,NULL,0,0)
 ,(35,NULL,NULL,'single, page, custom, application','icon-wrench',0,0,NULL,0,0)
 ,(36,NULL,NULL,'add workflow, remove workflow',NULL,0,0,NULL,0,0)
 ,(37,NULL,NULL,NULL,'icon-list',0,0,NULL,0,0)
 ,(38,NULL,NULL,NULL,'icon-user',0,0,NULL,0,0)
 ,(40,NULL,NULL,'stacks, reusable content, scrapbook, copy, paste, paste block, copy block, site name, logo','icon-th',0,0,NULL,0,0)
 ,(41,NULL,NULL,NULL,'icon-lock',0,0,NULL,0,0)
 ,(42,NULL,NULL,NULL,NULL,1,0,NULL,1,0)
 ,(43,NULL,NULL,'block, refresh, custom','icon-wrench',0,0,NULL,0,0)
 ,(44,NULL,NULL,NULL,NULL,1,0,NULL,0,0)
 ,(45,NULL,NULL,NULL,NULL,1,0,NULL,0,0)
 ,(46,NULL,NULL,'add-on, addon, ecommerce, install, discussions, forums, themes, templates, blocks',NULL,0,0,NULL,0,0)
 ,(47,NULL,NULL,'update, upgrade',NULL,0,0,NULL,0,0)
 ,(48,NULL,NULL,'concrete5.org, my account, marketplace',NULL,0,0,NULL,0,0)
 ,(49,NULL,NULL,'buy theme, new theme, marketplace, template',NULL,0,0,NULL,0,0)
 ,(50,NULL,NULL,'buy addon, buy add on, buy add-on, purchase addon, purchase add on, purchase add-on, find addon, new addon, marketplace',NULL,0,0,NULL,0,0)
 ,(51,NULL,NULL,NULL,NULL,1,0,NULL,0,0)
 ,(53,NULL,NULL,'website name, title',NULL,0,0,NULL,0,0)
 ,(54,NULL,NULL,'logo, favicon, iphone, icon, bookmark',NULL,0,0,NULL,0,0)
 ,(55,NULL,NULL,'tinymce, content block, fonts, editor, content, overlay',NULL,0,0,NULL,0,0)
 ,(56,NULL,NULL,'translate, translation, internationalization, multilingual',NULL,0,0,NULL,0,0)
 ,(57,NULL,NULL,'timezone, profile, locale',NULL,0,0,NULL,0,0)
 ,(58,NULL,NULL,'interface, quick nav, dashboard background, background image',NULL,0,0,NULL,0,0)
 ,(60,NULL,NULL,'vanity, pretty url, seo, pageview, view',NULL,0,0,NULL,0,0)
 ,(61,NULL,NULL,'bulk, seo, change keywords, engine, optimization, search',NULL,0,0,NULL,0,0)
 ,(62,NULL,NULL,'traffic, statistics, google analytics, quant, pageviews, hits',NULL,0,0,NULL,0,0)
 ,(63,NULL,NULL,'pretty, slug',NULL,0,0,NULL,0,0)
 ,(64,NULL,NULL,'turn off statistics, tracking, statistics, pageviews, hits',NULL,0,0,NULL,0,0)
 ,(65,NULL,NULL,'configure search, site search, search option',NULL,0,0,NULL,0,0)
 ,(67,NULL,NULL,'cache option, change cache, override, turn on cache, turn off cache, no cache, page cache, caching',NULL,0,0,NULL,0,0)
 ,(68,NULL,NULL,'cache option, turn off cache, no cache, page cache, caching',NULL,0,0,NULL,0,0)
 ,(69,NULL,NULL,'index search, reindex search, build sitemap, sitemap.xml, clear old versions, page versions, remove old',NULL,0,0,NULL,0,0)
 ,(71,NULL,NULL,'editors, hide site, offline, private, public, access',NULL,0,0,NULL,0,0)
 ,(72,NULL,NULL,'file options, file manager, upload, modify',NULL,0,0,NULL,0,0)
 ,(73,NULL,NULL,'security, files, media, extension, manager, upload',NULL,0,0,NULL,0,0)
 ,(74,NULL,NULL,'security, actions, administrator, admin, package, marketplace, search',NULL,0,0,NULL,0,0)
 ,(77,NULL,NULL,'security, lock ip, lock out, block ip, address, restrict, access',NULL,0,0,NULL,0,0)
 ,(78,NULL,NULL,'security, registration',NULL,0,0,NULL,0,0)
 ,(79,NULL,NULL,'antispam, block spam, security',NULL,0,0,NULL,0,0)
 ,(80,NULL,NULL,'lock site, under construction, hide, hidden',NULL,0,0,NULL,0,0)
 ,(82,NULL,NULL,'profile, login, redirect, specific, dashboard, administrators',NULL,0,0,NULL,0,0)
 ,(83,NULL,NULL,'member profile, member page, community, forums, social, avatar',NULL,0,0,NULL,0,0)
 ,(84,NULL,NULL,'signup, new user, community',NULL,0,0,NULL,0,0)
 ,(85,NULL,NULL,'smtp, mail settings',NULL,0,0,NULL,0,0)
 ,(86,NULL,NULL,'email server, mail settings, mail configuration, external, internal',NULL,0,0,NULL,0,0)
 ,(87,NULL,NULL,'email server, mail settings, mail configuration, private message, message system, import, email, message',NULL,0,0,NULL,0,0)
 ,(88,NULL,NULL,'attribute configuration',NULL,0,0,NULL,0,0)
 ,(89,NULL,NULL,'attributes, sets',NULL,0,0,NULL,0,0)
 ,(90,NULL,NULL,'attributes, types',NULL,0,0,NULL,0,0)
 ,(91,NULL,NULL,NULL,NULL,0,0,NULL,1,0)
 ,(92,NULL,NULL,'overrides, system info, debug, support, help',NULL,0,0,NULL,0,0)
 ,(93,NULL,NULL,'errors, exceptions, develop, support, help',NULL,0,0,NULL,0,0)
 ,(94,NULL,NULL,'email, logging, logs, smtp, pop, errors, mysql, log',NULL,0,0,NULL,0,0)
 ,(95,NULL,NULL,'security, alternate storage, hide files',NULL,0,0,NULL,0,0)
 ,(96,NULL,NULL,'network, proxy server',NULL,0,0,NULL,0,0)
 ,(97,NULL,NULL,'export, backup, database, sql, mysql, encryption, restore',NULL,0,0,NULL,0,0)
 ,(99,NULL,NULL,'upgrade, new version, update',NULL,0,0,NULL,0,0)
 ,(100,NULL,NULL,'export, database, xml, starting, points, schema, refresh, custom, tables',NULL,0,0,NULL,0,0)
 ,(105,NULL,NULL,NULL,NULL,1,0,NULL,0,0)
 ,(106,NULL,NULL,NULL,NULL,1,0,NULL,1,0)
 ,(123,NULL,NULL,NULL,NULL,0,0,NULL,0,0)
 ,(124,NULL,NULL,NULL,NULL,0,0,NULL,0,0)
 ,(125,NULL,NULL,NULL,NULL,0,0,NULL,0,0)
 ,(126,NULL,NULL,NULL,NULL,0,0,NULL,0,0)
 ,(130,NULL,NULL,NULL,NULL,0,0,NULL,0,0)
 ,(132,NULL,NULL,NULL,NULL,0,0,NULL,0,0)
 ,(133,NULL,NULL,NULL,NULL,0,0,NULL,0,0)
 ,(134,NULL,NULL,NULL,NULL,0,0,NULL,0,0)
 ,(135,NULL,NULL,NULL,NULL,0,0,NULL,0,0);

DROP TABLE IF EXISTS CollectionVersionAreaLayouts;

CREATE TABLE IF NOT EXISTS `CollectionVersionAreaLayouts` (
  `cvalID` int(10) unsigned NOT NULL AUTO_INCREMENT,
  `cID` int(10) unsigned DEFAULT '0',
  `cvID` int(10) unsigned DEFAULT '0',
  `arHandle` varchar(255) DEFAULT NULL,
  `layoutID` int(10) unsigned NOT NULL DEFAULT '0',
  `position` int(10) DEFAULT '1000',
  `areaNameNumber` int(10) unsigned DEFAULT '0',
  PRIMARY KEY (`cvalID`),
  KEY `areaLayoutsIndex` (`cID`,`cvID`,`arHandle`),
  KEY `cID` (`cID`)
) ENGINE=InnoDB DEFAULT CHARSET=utf8;



DROP TABLE IF EXISTS CollectionVersionAreaStyles;

CREATE TABLE IF NOT EXISTS `CollectionVersionAreaStyles` (
  `cID` int(10) unsigned NOT NULL DEFAULT '0',
  `cvID` int(10) unsigned NOT NULL DEFAULT '0',
  `arHandle` varchar(255) NOT NULL,
  `csrID` int(10) unsigned NOT NULL DEFAULT '0',
  PRIMARY KEY (`cID`,`cvID`,`arHandle`)
) ENGINE=InnoDB DEFAULT CHARSET=utf8;



DROP TABLE IF EXISTS CollectionVersionBlockStyles;

CREATE TABLE IF NOT EXISTS `CollectionVersionBlockStyles` (
  `cID` int(10) unsigned NOT NULL DEFAULT '0',
  `cvID` int(10) unsigned NOT NULL DEFAULT '0',
  `bID` int(10) unsigned NOT NULL DEFAULT '0',
  `arHandle` varchar(255) NOT NULL,
  `csrID` int(10) unsigned NOT NULL DEFAULT '0',
  PRIMARY KEY (`cID`,`cvID`,`bID`,`arHandle`)
) ENGINE=InnoDB DEFAULT CHARSET=utf8;



DROP TABLE IF EXISTS CollectionVersionBlocks;

CREATE TABLE IF NOT EXISTS `CollectionVersionBlocks` (
  `cID` int(10) unsigned NOT NULL DEFAULT '0',
  `cvID` int(10) unsigned NOT NULL DEFAULT '1',
  `bID` int(10) unsigned NOT NULL DEFAULT '0',
  `arHandle` varchar(255) NOT NULL,
  `cbDisplayOrder` int(10) unsigned NOT NULL DEFAULT '0',
  `isOriginal` tinyint(1) unsigned NOT NULL DEFAULT '0',
  `cbOverrideAreaPermissions` tinyint(1) NOT NULL DEFAULT '0',
  `cbIncludeAll` tinyint(1) NOT NULL DEFAULT '0',
  PRIMARY KEY (`cID`,`cvID`,`bID`,`arHandle`),
  KEY `cbIncludeAll` (`cbIncludeAll`),
  KEY `isOriginal` (`isOriginal`),
  KEY `bID` (`bID`),
  KEY `cIDcvID` (`cID`,`cvID`)
) ENGINE=InnoDB DEFAULT CHARSET=utf8;

INSERT INTO CollectionVersionBlocks VALUES(1,2,13,'Introduction',0,1,0,0)
 ,(1,3,13,'Introduction',0,0,0,0)
 ,(1,4,13,'Introduction',0,0,0,0)
 ,(1,4,21,'Sitemap',0,1,0,0)
 ,(1,5,13,'Introduction',0,0,0,0)
 ,(1,5,21,'Sitemap',0,0,0,0)
 ,(1,6,21,'Sitemap',0,0,0,0)
 ,(1,6,42,'Introduction',0,1,0,0)
 ,(105,1,1,'Header',0,1,0,0)
 ,(105,1,2,'Column 1',0,1,0,0)
 ,(105,1,3,'Column 2',0,1,0,0)
 ,(105,1,4,'Column 3',0,1,0,0)
 ,(105,1,5,'Column 4',0,1,0,0)
 ,(106,1,6,'Primary',0,1,0,0)
 ,(106,1,7,'Primary',1,1,0,0)
 ,(106,1,8,'Secondary 1',0,1,0,0)
 ,(106,1,9,'Secondary 2',0,1,0,0)
 ,(106,1,10,'Secondary 3',0,1,0,0)
 ,(106,1,11,'Secondary 4',0,1,0,0)
 ,(106,1,12,'Secondary 5',0,1,0,0)
 ,(124,4,18,'Content',0,1,0,0)
 ,(124,5,22,'Content',0,1,0,0)
 ,(125,3,29,'Showcase',0,1,0,0)
 ,(125,4,30,'Showcase',0,1,0,0)
 ,(125,5,30,'Showcase',0,0,0,0)
 ,(125,5,32,'Introduction',0,1,0,0)
 ,(125,6,32,'Introduction',0,0,0,0)
 ,(125,6,33,'Showcase',0,1,0,0)
 ,(125,7,32,'Introduction',0,0,0,0)
 ,(125,7,40,'Showcase',0,1,0,0)
 ,(125,8,32,'Introduction',0,0,0,0)
 ,(125,8,41,'Showcase',0,1,0,0)
 ,(126,3,35,'Content',0,1,0,0)
 ,(126,4,35,'Content',1,0,0,0)
 ,(126,4,38,'Content',0,1,0,0)
 ,(130,3,15,'Introduction',0,1,0,0)
 ,(132,2,16,'Introduction',0,1,0,0)
 ,(132,3,17,'Introduction',0,1,0,0)
 ,(132,4,19,'Introduction',0,1,0,0)
 ,(132,5,19,'Introduction',0,0,0,0)
 ,(132,5,20,'Content',0,1,0,0)
 ,(132,6,19,'Introduction',0,0,0,0)
 ,(132,6,34,'Content',0,1,0,0)
 ,(132,7,19,'Introduction',0,0,0,0)
 ,(132,7,37,'Content',0,1,0,0)
 ,(132,8,19,'Introduction',0,0,0,0)
 ,(132,8,39,'Content',0,1,0,0)
 ,(133,2,23,'Main',0,1,0,0)
 ,(134,2,24,'Main',0,1,0,0)
 ,(135,2,25,'Main',0,1,0,0);

DROP TABLE IF EXISTS CollectionVersionBlocksOutputCache;

CREATE TABLE IF NOT EXISTS `CollectionVersionBlocksOutputCache` (
  `cID` int(10) unsigned NOT NULL DEFAULT '0',
  `cvID` int(10) unsigned NOT NULL DEFAULT '1',
  `bID` int(10) unsigned NOT NULL DEFAULT '0',
  `arHandle` varchar(255) NOT NULL,
  `btCachedBlockOutput` longtext,
  `btCachedBlockOutputExpires` int(10) unsigned NOT NULL DEFAULT '0',
  PRIMARY KEY (`cID`,`cvID`,`bID`,`arHandle`)
) ENGINE=InnoDB DEFAULT CHARSET=utf8;



DROP TABLE IF EXISTS CollectionVersionRelatedEdits;

CREATE TABLE IF NOT EXISTS `CollectionVersionRelatedEdits` (
  `cID` int(10) unsigned NOT NULL DEFAULT '0',
  `cvID` int(10) unsigned NOT NULL DEFAULT '0',
  `cRelationID` int(10) unsigned NOT NULL DEFAULT '0',
  `cvRelationID` int(10) unsigned NOT NULL DEFAULT '0',
  PRIMARY KEY (`cID`,`cvID`,`cRelationID`,`cvRelationID`)
) ENGINE=InnoDB DEFAULT CHARSET=utf8;



DROP TABLE IF EXISTS CollectionVersions;

CREATE TABLE IF NOT EXISTS `CollectionVersions` (
  `cID` int(10) unsigned NOT NULL DEFAULT '0',
  `cvID` int(10) unsigned NOT NULL DEFAULT '1',
  `cvName` text,
  `cvHandle` varchar(255) DEFAULT NULL,
  `cvDescription` text,
  `cvDatePublic` datetime DEFAULT NULL,
  `cvDateCreated` datetime NOT NULL DEFAULT '0000-00-00 00:00:00',
  `cvComments` varchar(255) DEFAULT NULL,
  `cvIsApproved` tinyint(1) NOT NULL DEFAULT '0',
  `cvIsNew` tinyint(1) NOT NULL DEFAULT '0',
  `cvAuthorUID` int(10) unsigned DEFAULT NULL,
  `cvApproverUID` int(10) unsigned DEFAULT NULL,
  `ptID` int(10) unsigned NOT NULL DEFAULT '0',
  `ctID` int(10) unsigned NOT NULL DEFAULT '0',
  `cvActivateDatetime` datetime DEFAULT NULL,
  PRIMARY KEY (`cID`,`cvID`),
  KEY `cvIsApproved` (`cvIsApproved`),
  KEY `ctID` (`ctID`)
) ENGINE=InnoDB DEFAULT CHARSET=utf8;

INSERT INTO CollectionVersions VALUES(1,1,'Home','home','','2013-11-22 09:17:21','2013-11-22 09:17:21','Initial Version',0,0,1,NULL,5,4,NULL)
 ,(1,2,'Home','home','','2013-11-22 09:17:21','2013-11-22 09:22:06','Version 2',0,0,1,1,5,4,NULL)
 ,(1,3,'Home','home','','2013-11-22 09:17:21','2013-11-22 15:54:02','Version 3',0,0,1,1,5,5,NULL)
 ,(1,4,'Home','home','','2013-11-22 09:17:21','2013-12-01 07:04:58','Version 4',0,0,1,1,5,5,NULL)
 ,(1,5,'Home','home','','2013-11-22 09:17:21','2013-12-09 14:06:13','Version 5',0,0,1,1,5,5,NULL)
 ,(1,6,'Home','home','','2013-11-22 09:17:21','2014-01-01 23:28:26','Version 6',1,0,1,1,5,5,NULL)
 ,(2,1,'Dashboard','dashboard','','2013-11-22 09:17:27','2013-11-22 09:17:27','Initial Version',1,0,1,NULL,5,0,NULL)
 ,(3,1,'Composer','composer','Write for your site.','2013-11-22 09:17:29','2013-11-22 09:17:29','Initial Version',1,0,1,NULL,5,0,NULL)
 ,(4,1,'Write','write','','2013-11-22 09:17:29','2013-11-22 09:17:29','Initial Version',1,0,1,NULL,5,0,NULL)
 ,(5,1,'Drafts','drafts','','2013-11-22 09:17:30','2013-11-22 09:17:30','Initial Version',1,0,1,NULL,5,0,NULL)
 ,(6,1,'Sitemap','sitemap','Whole world at a glance.','2013-11-22 09:17:30','2013-11-22 09:17:30','Initial Version',1,0,1,NULL,5,0,NULL)
 ,(7,1,'Full Sitemap','full','','2013-11-22 09:17:30','2013-11-22 09:17:30','Initial Version',1,0,1,NULL,5,0,NULL)
 ,(8,1,'Flat View','explore','','2013-11-22 09:17:30','2013-11-22 09:17:30','Initial Version',1,0,1,NULL,5,0,NULL)
 ,(9,1,'Page Search','search','','2013-11-22 09:17:31','2013-11-22 09:17:31','Initial Version',1,0,1,NULL,5,0,NULL)
 ,(10,1,'Files','files','All documents and images.','2013-11-22 09:17:31','2013-11-22 09:17:31','Initial Version',1,0,1,NULL,5,0,NULL)
 ,(11,1,'File Manager','search','','2013-11-22 09:17:31','2013-11-22 09:17:31','Initial Version',1,0,1,NULL,5,0,NULL)
 ,(12,1,'Attributes','attributes','','2013-11-22 09:17:31','2013-11-22 09:17:31','Initial Version',1,0,1,NULL,5,0,NULL)
 ,(13,1,'File Sets','sets','','2013-11-22 09:17:31','2013-11-22 09:17:31','Initial Version',1,0,1,NULL,5,0,NULL)
 ,(14,1,'Add File Set','add_set','','2013-11-22 09:17:32','2013-11-22 09:17:32','Initial Version',1,0,1,NULL,5,0,NULL)
 ,(15,1,'Members','users','Add and manage the user accounts and groups on your website.','2013-11-22 09:17:32','2013-11-22 09:17:32','Initial Version',1,0,1,NULL,5,0,NULL)
 ,(16,1,'Search Users','search','','2013-11-22 09:17:32','2013-11-22 09:17:32','Initial Version',1,0,1,NULL,5,0,NULL)
 ,(17,1,'User Groups','groups','','2013-11-22 09:17:32','2013-11-22 09:17:32','Initial Version',1,0,1,NULL,5,0,NULL)
 ,(18,1,'Attributes','attributes','','2013-11-22 09:17:33','2013-11-22 09:17:33','Initial Version',1,0,1,NULL,5,0,NULL)
 ,(19,1,'Add User','add','','2013-11-22 09:17:33','2013-11-22 09:17:33','Initial Version',1,0,1,NULL,5,0,NULL)
 ,(20,1,'Add Group','add_group','','2013-11-22 09:17:33','2013-11-22 09:17:33','Initial Version',1,0,1,NULL,5,0,NULL)
 ,(21,1,'Group Sets','group_sets','','2013-11-22 09:17:33','2013-11-22 09:17:33','Initial Version',1,0,1,NULL,5,0,NULL)
 ,(22,1,'Reports','reports','Get data from forms and logs.','2013-11-22 09:17:34','2013-11-22 09:17:34','Initial Version',1,0,1,NULL,5,0,NULL)
 ,(23,1,'Statistics','statistics','View your site activity.','2013-11-22 09:17:34','2013-11-22 09:17:34','Initial Version',1,0,1,NULL,5,0,NULL)
 ,(24,1,'Form Results','forms','Get submission data.','2013-11-22 09:17:34','2013-11-22 09:17:34','Initial Version',1,0,1,NULL,5,0,NULL)
 ,(25,1,'Surveys','surveys','','2013-11-22 09:17:35','2013-11-22 09:17:35','Initial Version',1,0,1,NULL,5,0,NULL)
 ,(26,1,'Logs','logs','','2013-11-22 09:17:35','2013-11-22 09:17:35','Initial Version',1,0,1,NULL,5,0,NULL)
 ,(27,1,'Pages & Themes','pages','Reskin your site.','2013-11-22 09:17:35','2013-11-22 09:17:35','Initial Version',1,0,1,NULL,5,0,NULL)
 ,(28,1,'Themes','themes','Reskin your site.','2013-11-22 09:17:35','2013-11-22 09:17:35','Initial Version',1,0,1,NULL,5,0,NULL)
 ,(29,1,'Add','add','','2013-11-22 09:17:35','2013-11-22 09:17:35','Initial Version',1,0,1,NULL,5,0,NULL)
 ,(30,1,'Inspect','inspect','','2013-11-22 09:17:36','2013-11-22 09:17:36','Initial Version',1,0,1,NULL,5,0,NULL)
 ,(31,1,'Customize','customize','','2013-11-22 09:17:36','2013-11-22 09:17:36','Initial Version',1,0,1,NULL,5,0,NULL)
 ,(32,1,'Page Types','types','What goes in your site.','2013-11-22 09:17:36','2013-11-22 09:17:36','Initial Version',1,0,1,NULL,5,0,NULL)
 ,(33,1,'Add Page Type','add','Add page types to your site.','2013-11-22 09:17:37','2013-11-22 09:17:37','Initial Version',1,0,1,NULL,5,0,NULL)
 ,(34,1,'Attributes','attributes','','2013-11-22 09:17:37','2013-11-22 09:17:37','Initial Version',1,0,1,NULL,5,0,NULL)
 ,(35,1,'Single Pages','single','','2013-11-22 09:17:37','2013-11-22 09:17:37','Initial Version',1,0,1,NULL,5,0,NULL)
 ,(36,1,'Workflow','workflow','','2013-11-22 09:17:37','2013-11-22 09:17:37','Initial Version',1,0,1,NULL,5,0,NULL)
 ,(37,1,'Workflow List','list','','2013-11-22 09:17:38','2013-11-22 09:17:38','Initial Version',1,0,1,NULL,5,0,NULL)
 ,(38,1,'Waiting for Me','me','','2013-11-22 09:17:38','2013-11-22 09:17:38','Initial Version',1,0,1,NULL,5,0,NULL)
 ,(39,1,'Stacks & Blocks','blocks','Manage sitewide content and administer block types.','2013-11-22 09:17:38','2013-11-22 09:17:38','Initial Version',1,0,1,NULL,5,0,NULL)
 ,(40,1,'Stacks','stacks','Share content across your site.','2013-11-22 09:17:38','2013-11-22 09:17:38','Initial Version',1,0,1,NULL,5,0,NULL)
 ,(41,1,'Block & Stack Permissions','permissions','Control who can add blocks and stacks on your site.','2013-11-22 09:17:39','2013-11-22 09:17:39','Initial Version',1,0,1,NULL,5,0,NULL)
 ,(42,1,'Stack List','list','','2013-11-22 09:17:39','2013-11-22 09:17:39','Initial Version',1,0,1,NULL,5,0,NULL)
 ,(43,1,'Block Types','types','Manage the installed block types in your site.','2013-11-22 09:17:40','2013-11-22 09:17:40','Initial Version',1,0,1,NULL,5,0,NULL)
 ,(44,1,'Extend concrete5','extend','Connect to the concrete5 marketplace, install custom add-ons, and download updates for marketplace add-ons and themes.','2013-11-22 09:17:40','2013-11-22 09:17:40','Initial Version',1,0,1,NULL,5,0,NULL)
 ,(45,1,'Dashboard','news','','2013-11-22 09:17:40','2013-11-22 09:17:40','Initial Version',1,0,1,NULL,5,0,NULL)
 ,(46,1,'Add Functionality','install','Install add-ons & themes.','2013-11-22 09:17:41','2013-11-22 09:17:41','Initial Version',1,0,1,NULL,5,0,NULL)
 ,(47,1,'Update Add-Ons','update','Update your installed packages.','2013-11-22 09:17:41','2013-11-22 09:17:41','Initial Version',1,0,1,NULL,5,0,NULL)
 ,(48,1,'Connect to the Community','connect','Connect to the concrete5 community.','2013-11-22 09:17:41','2013-11-22 09:17:41','Initial Version',1,0,1,NULL,5,0,NULL)
 ,(49,1,'Get More Themes','themes','Download themes from concrete5.org.','2013-11-22 09:17:41','2013-11-22 09:17:41','Initial Version',1,0,1,NULL,5,0,NULL)
 ,(50,1,'Get More Add-Ons','add-ons','Download add-ons from concrete5.org.','2013-11-22 09:17:42','2013-11-22 09:17:42','Initial Version',1,0,1,NULL,5,0,NULL)
 ,(51,1,'System & Settings','system','Secure and setup your site.','2013-11-22 09:17:42','2013-11-22 09:17:42','Initial Version',1,0,1,NULL,5,0,NULL)
 ,(52,1,'Basics','basics','Basic information about your website.','2013-11-22 09:17:42','2013-11-22 09:17:42','Initial Version',1,0,1,NULL,5,0,NULL)
 ,(53,1,'Site Name','site_name','','2013-11-22 09:17:42','2013-11-22 09:17:42','Initial Version',1,0,1,NULL,5,0,NULL)
 ,(54,1,'Bookmark Icons','icons','Bookmark icon and mobile home screen icon setup.','2013-11-22 09:17:43','2013-11-22 09:17:43','Initial Version',1,0,1,NULL,5,0,NULL)
 ,(55,1,'Rich Text Editor','editor','','2013-11-22 09:17:43','2013-11-22 09:17:43','Initial Version',1,0,1,NULL,5,0,NULL)
 ,(56,1,'Languages','multilingual','','2013-11-22 09:17:43','2013-11-22 09:17:43','Initial Version',1,0,1,NULL,5,0,NULL)
 ,(57,1,'Time Zone','timezone','','2013-11-22 09:17:43','2013-11-22 09:17:43','Initial Version',1,0,1,NULL,5,0,NULL)
 ,(58,1,'Interface Preferences','interface','','2013-11-22 09:17:44','2013-11-22 09:17:44','Initial Version',1,0,1,NULL,5,0,NULL)
 ,(59,1,'SEO & Statistics','seo','Enable pretty URLs, statistics and tracking codes.','2013-11-22 09:17:44','2013-11-22 09:17:44','Initial Version',1,0,1,NULL,5,0,NULL)
 ,(60,1,'Pretty URLs','urls','','2013-11-22 09:17:44','2013-11-22 09:17:44','Initial Version',1,0,1,NULL,5,0,NULL)
 ,(61,1,'Bulk SEO Updater','bulk_seo_tool','','2013-11-22 09:17:45','2013-11-22 09:17:45','Initial Version',1,0,1,NULL,5,0,NULL)
 ,(62,1,'Tracking Codes','tracking_codes','','2013-11-22 09:17:45','2013-11-22 09:17:45','Initial Version',1,0,1,NULL,5,0,NULL)
 ,(63,1,'Excluded URL Word List','excluded','','2013-11-22 09:17:45','2013-11-22 09:17:45','Initial Version',1,0,1,NULL,5,0,NULL)
 ,(64,1,'Statistics','statistics','','2013-11-22 09:17:45','2013-11-22 09:17:45','Initial Version',1,0,1,NULL,5,0,NULL)
 ,(65,1,'Search Index','search_index','','2013-11-22 09:17:46','2013-11-22 09:17:46','Initial Version',1,0,1,NULL,5,0,NULL)
 ,(66,1,'Optimization','optimization','Keep your site running well.','2013-11-22 09:17:46','2013-11-22 09:17:46','Initial Version',1,0,1,NULL,5,0,NULL)
 ,(67,1,'Cache & Speed Settings','cache','','2013-11-22 09:17:46','2013-11-22 09:17:46','Initial Version',1,0,1,NULL,5,0,NULL)
 ,(68,1,'Clear Cache','clear_cache','','2013-11-22 09:17:47','2013-11-22 09:17:47','Initial Version',1,0,1,NULL,5,0,NULL)
 ,(69,1,'Automated Jobs','jobs','','2013-11-22 09:17:47','2013-11-22 09:17:47','Initial Version',1,0,1,NULL,5,0,NULL)
 ,(70,1,'Permissions & Access','permissions','Control who sees and edits your site.','2013-11-22 09:17:47','2013-11-22 09:17:47','Initial Version',1,0,1,NULL,5,0,NULL)
 ,(71,1,'Site Access','site','','2013-11-22 09:17:48','2013-11-22 09:17:48','Initial Version',1,0,1,NULL,5,0,NULL)
 ,(72,1,'File Manager Permissions','files','','2013-11-22 09:17:48','2013-11-22 09:17:48','Initial Version',1,0,1,NULL,5,0,NULL)
 ,(73,1,'Allowed File Types','file_types','','2013-11-22 09:17:48','2013-11-22 09:17:48','Initial Version',1,0,1,NULL,5,0,NULL)
 ,(74,1,'Task Permissions','tasks','','2013-11-22 09:17:48','2013-11-22 09:17:48','Initial Version',1,0,1,NULL,5,0,NULL)
 ,(75,1,'User Permissions','users','','2013-11-22 09:17:48','2013-11-22 09:17:48','Initial Version',1,0,1,NULL,5,0,NULL)
 ,(76,1,'Advanced Permissions','advanced','','2013-11-22 09:17:49','2013-11-22 09:17:49','Initial Version',1,0,1,NULL,5,0,NULL)
 ,(77,1,'IP Blacklist','ip_blacklist','','2013-11-22 09:17:49','2013-11-22 09:17:49','Initial Version',1,0,1,NULL,5,0,NULL)
 ,(78,1,'Captcha Setup','captcha','','2013-11-22 09:17:49','2013-11-22 09:17:49','Initial Version',1,0,1,NULL,5,0,NULL)
 ,(79,1,'Spam Control','antispam','','2013-11-22 09:17:50','2013-11-22 09:17:50','Initial Version',1,0,1,NULL,5,0,NULL)
 ,(80,1,'Maintenance Mode','maintenance_mode','','2013-11-22 09:17:50','2013-11-22 09:17:50','Initial Version',1,0,1,NULL,5,0,NULL)
 ,(81,1,'Login & Registration','registration','Change login behaviors and setup public profiles.','2013-11-22 09:17:51','2013-11-22 09:17:51','Initial Version',1,0,1,NULL,5,0,NULL)
 ,(82,1,'Login Destination','postlogin','','2013-11-22 09:17:51','2013-11-22 09:17:51','Initial Version',1,0,1,NULL,5,0,NULL)
 ,(83,1,'Public Profiles','profiles','','2013-11-22 09:17:51','2013-11-22 09:17:51','Initial Version',1,0,1,NULL,5,0,NULL)
 ,(84,1,'Public Registration','public_registration','','2013-11-22 09:17:51','2013-11-22 09:17:51','Initial Version',1,0,1,NULL,5,0,NULL)
 ,(85,1,'Email','mail','Control how your site send and processes mail.','2013-11-22 09:17:52','2013-11-22 09:17:52','Initial Version',1,0,1,NULL,5,0,NULL)
 ,(86,1,'SMTP Method','method','','2013-11-22 09:17:52','2013-11-22 09:17:52','Initial Version',1,0,1,NULL,5,0,NULL)
 ,(87,1,'Email Importers','importers','','2013-11-22 09:17:52','2013-11-22 09:17:52','Initial Version',1,0,1,NULL,5,0,NULL)
 ,(88,1,'Attributes','attributes','Setup attributes for pages, users, files and more.','2013-11-22 09:17:53','2013-11-22 09:17:53','Initial Version',1,0,1,NULL,5,0,NULL)
 ,(89,1,'Sets','sets','Group attributes into sets for easier organization','2013-11-22 09:17:53','2013-11-22 09:17:53','Initial Version',1,0,1,NULL,5,0,NULL)
 ,(90,1,'Types','types','Choose which attribute types are available for different items.','2013-11-22 09:17:53','2013-11-22 09:17:53','Initial Version',1,0,1,NULL,5,0,NULL)
 ,(91,1,'Environment','environment','Advanced settings for web developers.','2013-11-22 09:17:53','2013-11-22 09:17:53','Initial Version',1,0,1,NULL,5,0,NULL)
 ,(92,1,'Environment Information','info','','2013-11-22 09:17:54','2013-11-22 09:17:54','Initial Version',1,0,1,NULL,5,0,NULL)
 ,(93,1,'Debug Settings','debug','','2013-11-22 09:17:54','2013-11-22 09:17:54','Initial Version',1,0,1,NULL,5,0,NULL)
 ,(94,1,'Logging Settings','logging','','2013-11-22 09:17:54','2013-11-22 09:17:54','Initial Version',1,0,1,NULL,5,0,NULL)
 ,(95,1,'File Storage Locations','file_storage_locations','','2013-11-22 09:17:54','2013-11-22 09:17:54','Initial Version',1,0,1,NULL,5,0,NULL)
 ,(96,1,'Proxy Server','proxy','','2013-11-22 09:17:55','2013-11-22 09:17:55','Initial Version',1,0,1,NULL,5,0,NULL)
 ,(97,1,'Backup & Restore','backup_restore','Backup or restore your website.','2013-11-22 09:17:55','2013-11-22 09:17:55','Initial Version',1,0,1,NULL,5,0,NULL)
 ,(98,1,'Backup Database','backup','','2013-11-22 09:17:55','2013-11-22 09:17:55','Initial Version',1,0,1,NULL,5,0,NULL)
 ,(99,1,'Update concrete5','update','','2013-11-22 09:17:56','2013-11-22 09:17:56','Initial Version',1,0,1,NULL,5,0,NULL)
 ,(100,1,'Database XML','database','','2013-11-22 09:17:56','2013-11-22 09:17:56','Initial Version',1,0,1,NULL,5,0,NULL)
 ,(101,1,'Composer','composer','','2013-11-22 09:17:56','2013-11-22 09:17:56','Initial Version',1,0,1,NULL,5,0,NULL)
 ,(102,1,'',NULL,NULL,'2013-11-22 09:17:56','2013-11-22 09:17:56','Initial Version',1,0,NULL,NULL,0,1,NULL)
 ,(103,1,'',NULL,NULL,'2013-11-22 09:17:56','2013-11-22 09:17:56','Initial Version',1,0,NULL,NULL,0,2,NULL)
 ,(104,1,'',NULL,NULL,'2013-11-22 09:17:56','2013-11-22 09:17:56','Initial Version',1,0,NULL,NULL,0,3,NULL)
 ,(105,1,'Welcome to concrete5','welcome','Learn about how to use concrete5, how to develop for concrete5, and get general help.','2013-11-22 09:17:56','2013-11-22 09:17:56','Initial Version',1,0,1,NULL,5,3,NULL)
 ,(106,1,'Customize Dashboard Home','home','','2013-11-22 09:17:57','2013-11-22 09:17:57','Initial Version',1,0,1,NULL,5,2,NULL)
 ,(107,1,'Drafts','!drafts','','2013-11-22 09:18:10','2013-11-22 09:18:10','Initial Version',1,0,1,NULL,5,0,NULL)
 ,(108,1,'Trash','!trash','','2013-11-22 09:18:11','2013-11-22 09:18:11','Initial Version',1,0,1,NULL,5,0,NULL)
 ,(109,1,'Stacks','!stacks','','2013-11-22 09:18:11','2013-11-22 09:18:11','Initial Version',1,0,1,NULL,5,0,NULL)
 ,(110,1,'Login','login','','2013-11-22 09:18:11','2013-11-22 09:18:11','Initial Version',1,0,1,NULL,5,0,NULL)
 ,(111,1,'Register','register','','2013-11-22 09:18:12','2013-11-22 09:18:12','Initial Version',1,0,1,NULL,5,0,NULL)
 ,(112,1,'Profile','profile','','2013-11-22 09:18:12','2013-11-22 09:18:12','Initial Version',1,0,1,NULL,5,0,NULL)
 ,(113,1,'Edit','edit','','2013-11-22 09:18:12','2013-11-22 09:18:12','Initial Version',1,0,1,NULL,5,0,NULL)
 ,(114,1,'Avatar','avatar','','2013-11-22 09:18:13','2013-11-22 09:18:13','Initial Version',1,0,1,NULL,5,0,NULL)
 ,(115,1,'Messages','messages','','2013-11-22 09:18:13','2013-11-22 09:18:13','Initial Version',1,0,1,NULL,5,0,NULL)
 ,(116,1,'Friends','friends','','2013-11-22 09:18:13','2013-11-22 09:18:13','Initial Version',1,0,1,NULL,5,0,NULL)
 ,(117,1,'Page Not Found','page_not_found','','2013-11-22 09:18:13','2013-11-22 09:18:13','Initial Version',1,0,1,NULL,5,0,NULL)
 ,(118,1,'Page Forbidden','page_forbidden','','2013-11-22 09:18:14','2013-11-22 09:18:14','Initial Version',1,0,1,NULL,5,0,NULL)
 ,(119,1,'Download File','download_file','','2013-11-22 09:18:14','2013-11-22 09:18:14','Initial Version',1,0,1,NULL,5,0,NULL)
 ,(120,1,'Members','members','','2013-11-22 09:18:14','2013-11-22 09:18:14','Initial Version',1,0,1,NULL,5,0,NULL)
 ,(121,1,'',NULL,NULL,'2013-11-22 09:18:15','2013-11-22 09:18:15','Initial Version',1,0,NULL,NULL,0,4,NULL)
 ,(122,1,'',NULL,NULL,'2013-11-22 09:52:54','2013-11-22 09:52:54','Initial Version',1,0,NULL,NULL,0,5,NULL)
 ,(123,1,'Homepage','homepage','','2013-11-22 09:53:00','2013-11-22 09:53:26','Initial Version',1,0,1,1,5,5,NULL)
 ,(124,1,'Services','services','','2013-11-22 13:43:00','2013-11-22 13:43:00','Initial Version',0,0,1,1,5,5,NULL)
 ,(124,2,'Services','services','','2013-11-22 13:43:00','2013-11-22 14:49:54','New Version 2',0,0,1,1,5,4,NULL)
 ,(124,3,'Services','services','','2013-11-22 13:43:00','2013-11-24 14:25:03','Version 3',0,0,1,1,5,6,NULL)
 ,(124,4,'Services','services','','2013-11-22 13:43:00','2013-11-25 08:46:19','Version 4',0,0,1,1,5,6,NULL)
 ,(124,5,'Services','services','','2013-11-22 13:43:00','2013-12-09 13:57:30','Version 5',1,0,1,1,5,6,NULL)
 ,(125,1,'People','people','','2013-11-22 13:48:00','2013-11-22 13:48:12','Initial Version',0,0,1,1,5,5,NULL)
 ,(125,2,'People','people','','2013-11-22 13:48:00','2013-11-24 15:49:05','Version 2',0,0,1,1,5,7,NULL)
 ,(125,3,'People','people','','2013-11-22 13:48:00','2013-12-10 14:42:53','Version 3',0,0,1,1,5,7,NULL)
 ,(125,4,'People','people','','2013-11-22 13:48:00','2013-12-11 06:09:37','Version 4',0,0,1,1,5,7,NULL)
 ,(125,5,'People','people','','2013-11-22 13:48:00','2013-12-11 16:14:03','Version 5',0,0,1,1,5,7,NULL)
 ,(125,6,'People','people','','2013-11-22 13:48:00','2013-12-11 16:55:30','Version 6',0,0,1,1,5,7,NULL)
 ,(125,7,'People','people','','2013-11-22 13:48:00','2013-12-16 19:55:10','Version 7',0,0,1,1,5,7,NULL)
 ,(125,8,'People','people','','2013-11-22 13:48:00','2013-12-16 19:57:46','Version 8',1,0,1,1,5,7,NULL)
 ,(126,1,'Contact us','contact-us','','2013-11-22 13:48:00','2013-11-22 13:48:37','Initial Version',0,0,1,1,5,5,NULL)
 ,(126,2,'Contact us','contact-us','','2013-11-22 13:48:00','2013-11-28 16:09:57','Version 2',0,0,1,1,5,4,NULL)
 ,(126,3,'Contact us','contact-us','','2013-11-22 13:48:00','2013-12-11 17:06:10','Version 3',0,0,1,1,5,4,NULL)
 ,(126,4,'Contact us','contact-us','','2013-11-22 13:48:00','2013-12-12 03:34:05','Version 4',1,0,1,1,5,4,NULL)
 ,(127,1,'','',NULL,'2013-11-24 12:30:04','2013-11-24 12:30:04','Initial Version',0,1,1,NULL,5,5,NULL)
 ,(128,1,'',NULL,NULL,'2013-11-24 14:15:36','2013-11-24 14:15:36','Initial Version',1,0,NULL,NULL,0,6,NULL)
 ,(129,1,'',NULL,NULL,'2013-11-24 15:48:42','2013-11-24 15:48:42','Initial Version',1,0,NULL,NULL,0,7,NULL)
 ,(130,1,'Chris Davis','chris-davis','','2013-11-24 16:00:00','2013-11-24 16:00:02','Initial Version',0,0,1,1,5,5,NULL)
 ,(130,2,'Chris Davis','chris-davis','','2013-11-24 16:00:00','2013-11-24 16:06:09','Version 2',0,0,1,1,5,8,NULL)
 ,(130,3,'Chris Davis','chris-davis','','2013-11-24 16:00:00','2013-11-24 16:28:13','Version 3',1,0,1,1,5,8,NULL)
 ,(131,1,'',NULL,NULL,'2013-11-24 16:05:41','2013-11-24 16:05:41','Initial Version',1,0,NULL,NULL,0,8,NULL)
 ,(132,1,'Todo','todo','','2013-11-25 08:14:00','2013-11-25 08:14:36','Initial Version',0,0,1,1,5,5,NULL)
 ,(132,2,'Todo','todo','','2013-11-25 08:14:00','2013-11-25 08:32:10','Version 2',0,0,1,1,5,5,NULL)
 ,(132,3,'Todo','todo','','2013-11-25 08:14:00','2013-11-25 08:35:16','Version 3',0,0,1,1,5,5,NULL)
 ,(132,4,'Todo','todo','','2013-11-25 08:14:00','2013-11-28 16:00:33','Version 4',0,0,1,1,5,5,NULL)
 ,(132,5,'Todo','todo','','2013-11-25 08:14:00','2013-11-28 16:08:26','Version 5',0,0,1,1,5,4,NULL)
 ,(132,6,'Todo','todo','','2013-11-25 08:14:00','2013-12-11 17:04:59','Version 6',0,0,1,1,5,4,NULL)
 ,(132,7,'Todo','todo','','2013-11-25 08:14:00','2013-12-11 17:12:38','Version 7',0,0,1,1,5,4,NULL)
 ,(132,8,'Todo','todo','','2013-11-25 08:14:00','2013-12-12 03:51:36','Version 8',1,0,1,1,5,4,NULL)
 ,(133,1,'Sitemap','sitemap',NULL,'2013-12-09 14:05:37','2013-12-09 14:05:37','Initial Version',0,0,1,NULL,5,1,NULL)
 ,(133,2,'Sitemap','sitemap',NULL,'2013-12-09 14:05:37','2013-12-09 14:06:13','New Version 2',1,0,1,1,5,1,NULL)
 ,(134,1,'ContactUs','contactus',NULL,'2013-12-09 14:05:37','2013-12-09 14:05:37','Initial Version',0,0,1,NULL,5,1,NULL)
 ,(134,2,'ContactUs','contactus',NULL,'2013-12-09 14:05:37','2013-12-09 14:07:04','New Version 2',1,0,1,1,5,1,NULL)
 ,(135,1,'Legals','legals',NULL,'2013-12-09 14:05:37','2013-12-09 14:05:37','Initial Version',0,0,1,NULL,5,1,NULL)
 ,(135,2,'Legals','legals',NULL,'2013-12-09 14:05:37','2013-12-09 14:07:15','New Version 2',1,0,1,1,5,1,NULL);

DROP TABLE IF EXISTS Collections;

CREATE TABLE IF NOT EXISTS `Collections` (
  `cID` int(10) unsigned NOT NULL AUTO_INCREMENT,
  `cDateAdded` datetime NOT NULL DEFAULT '0000-00-00 00:00:00',
  `cDateModified` datetime NOT NULL DEFAULT '0000-00-00 00:00:00',
  `cHandle` varchar(255) DEFAULT NULL,
  PRIMARY KEY (`cID`),
  KEY `cDateModified` (`cDateModified`),
  KEY `cDateAdded` (`cDateAdded`)
) ENGINE=InnoDB AUTO_INCREMENT=136 DEFAULT CHARSET=utf8;

INSERT INTO Collections VALUES(1,'2013-11-22 09:17:21','2014-01-01 23:28:45','home')
 ,(2,'2013-11-22 09:17:27','2013-11-22 09:17:29','dashboard')
 ,(3,'2013-11-22 09:17:29','2013-11-22 09:17:29','composer')
 ,(4,'2013-11-22 09:17:29','2013-11-22 09:17:30','write')
 ,(5,'2013-11-22 09:17:30','2013-11-22 09:17:30','drafts')
 ,(6,'2013-11-22 09:17:30','2013-11-22 09:17:30','sitemap')
 ,(7,'2013-11-22 09:17:30','2013-11-22 09:17:30','full')
 ,(8,'2013-11-22 09:17:30','2013-11-22 09:17:30','explore')
 ,(9,'2013-11-22 09:17:31','2013-11-22 09:17:31','search')
 ,(10,'2013-11-22 09:17:31','2013-11-22 09:17:31','files')
 ,(11,'2013-11-22 09:17:31','2013-11-22 09:17:31','search')
 ,(12,'2013-11-22 09:17:31','2013-11-22 09:17:31','attributes')
 ,(13,'2013-11-22 09:17:31','2013-11-22 09:17:32','sets')
 ,(14,'2013-11-22 09:17:32','2013-11-22 09:17:32','add_set')
 ,(15,'2013-11-22 09:17:32','2013-11-22 09:17:32','users')
 ,(16,'2013-11-22 09:17:32','2013-11-22 09:17:32','search')
 ,(17,'2013-11-22 09:17:32','2013-11-22 09:17:33','groups')
 ,(18,'2013-11-22 09:17:33','2013-11-22 09:17:33','attributes')
 ,(19,'2013-11-22 09:17:33','2013-11-22 09:17:33','add')
 ,(20,'2013-11-22 09:17:33','2013-11-22 09:17:33','add_group')
 ,(21,'2013-11-22 09:17:33','2013-11-22 09:17:34','group_sets')
 ,(22,'2013-11-22 09:17:34','2013-11-22 09:17:34','reports')
 ,(23,'2013-11-22 09:17:34','2013-11-22 09:17:34','statistics')
 ,(24,'2013-11-22 09:17:34','2013-11-22 09:17:34','forms')
 ,(25,'2013-11-22 09:17:35','2013-11-22 09:17:35','surveys')
 ,(26,'2013-11-22 09:17:35','2013-11-22 09:17:35','logs')
 ,(27,'2013-11-22 09:17:35','2013-11-22 09:17:35','pages')
 ,(28,'2013-11-22 09:17:35','2013-11-22 09:17:35','themes')
 ,(29,'2013-11-22 09:17:35','2013-11-22 09:17:36','add')
 ,(30,'2013-11-22 09:17:36','2013-11-22 09:17:36','inspect')
 ,(31,'2013-11-22 09:17:36','2013-11-22 09:17:36','customize')
 ,(32,'2013-11-22 09:17:36','2013-11-22 09:17:37','types')
 ,(33,'2013-11-22 09:17:37','2013-11-22 09:17:37','add')
 ,(34,'2013-11-22 09:17:37','2013-11-22 09:17:37','attributes')
 ,(35,'2013-11-22 09:17:37','2013-11-22 09:17:37','single')
 ,(36,'2013-11-22 09:17:37','2013-11-22 09:17:38','workflow')
 ,(37,'2013-11-22 09:17:38','2013-11-22 09:17:38','list')
 ,(38,'2013-11-22 09:17:38','2013-11-22 09:17:38','me')
 ,(39,'2013-11-22 09:17:38','2013-11-22 09:17:38','blocks')
 ,(40,'2013-11-22 09:17:38','2013-11-22 09:17:38','stacks')
 ,(41,'2013-11-22 09:17:39','2013-11-22 09:17:39','permissions')
 ,(42,'2013-11-22 09:17:39','2013-11-22 09:17:40','list')
 ,(43,'2013-11-22 09:17:40','2013-11-22 09:17:40','types')
 ,(44,'2013-11-22 09:17:40','2013-11-22 09:17:40','extend')
 ,(45,'2013-11-22 09:17:40','2013-11-22 09:17:40','news')
 ,(46,'2013-11-22 09:17:41','2013-11-22 09:17:41','install')
 ,(47,'2013-11-22 09:17:41','2013-11-22 09:17:41','update')
 ,(48,'2013-11-22 09:17:41','2013-11-22 09:17:41','connect')
 ,(49,'2013-11-22 09:17:41','2013-11-22 09:17:41','themes')
 ,(50,'2013-11-22 09:17:42','2013-11-22 09:17:42','add-ons')
 ,(51,'2013-11-22 09:17:42','2013-11-22 09:17:42','system')
 ,(52,'2013-11-22 09:17:42','2013-11-22 09:17:42','basics')
 ,(53,'2013-11-22 09:17:42','2013-11-22 09:17:43','site_name')
 ,(54,'2013-11-22 09:17:43','2013-11-22 09:17:43','icons')
 ,(55,'2013-11-22 09:17:43','2013-11-22 09:17:43','editor')
 ,(56,'2013-11-22 09:17:43','2013-11-22 09:17:43','multilingual')
 ,(57,'2013-11-22 09:17:43','2013-11-22 09:17:44','timezone')
 ,(58,'2013-11-22 09:17:44','2013-11-22 09:17:44','interface')
 ,(59,'2013-11-22 09:17:44','2013-11-22 09:17:44','seo')
 ,(60,'2013-11-22 09:17:44','2013-11-22 09:17:44','urls')
 ,(61,'2013-11-22 09:17:45','2013-11-22 09:17:45','bulk_seo_tool')
 ,(62,'2013-11-22 09:17:45','2013-11-22 09:17:45','tracking_codes')
 ,(63,'2013-11-22 09:17:45','2013-11-22 09:17:45','excluded')
 ,(64,'2013-11-22 09:17:45','2013-11-22 09:17:46','statistics')
 ,(65,'2013-11-22 09:17:46','2013-11-22 09:17:46','search_index')
 ,(66,'2013-11-22 09:17:46','2013-11-22 09:17:46','optimization')
 ,(67,'2013-11-22 09:17:46','2013-11-22 09:17:47','cache')
 ,(68,'2013-11-22 09:17:47','2013-11-22 09:17:47','clear_cache')
 ,(69,'2013-11-22 09:17:47','2013-11-22 09:17:47','jobs')
 ,(70,'2013-11-22 09:17:47','2013-11-22 09:17:48','permissions')
 ,(71,'2013-11-22 09:17:48','2013-11-22 09:17:48','site')
 ,(72,'2013-11-22 09:17:48','2013-11-22 09:17:48','files')
 ,(73,'2013-11-22 09:17:48','2013-11-22 09:17:48','file_types')
 ,(74,'2013-11-22 09:17:48','2013-11-22 09:17:48','tasks')
 ,(75,'2013-11-22 09:17:48','2013-11-22 09:17:49','users')
 ,(76,'2013-11-22 09:17:49','2013-11-22 09:17:49','advanced')
 ,(77,'2013-11-22 09:17:49','2013-11-22 09:17:49','ip_blacklist')
 ,(78,'2013-11-22 09:17:49','2013-11-22 09:17:50','captcha')
 ,(79,'2013-11-22 09:17:50','2013-11-22 09:17:50','antispam')
 ,(80,'2013-11-22 09:17:50','2013-11-22 09:17:51','maintenance_mode')
 ,(81,'2013-11-22 09:17:51','2013-11-22 09:17:51','registration')
 ,(82,'2013-11-22 09:17:51','2013-11-22 09:17:51','postlogin')
 ,(83,'2013-11-22 09:17:51','2013-11-22 09:17:51','profiles')
 ,(84,'2013-11-22 09:17:51','2013-11-22 09:17:52','public_registration')
 ,(85,'2013-11-22 09:17:52','2013-11-22 09:17:52','mail')
 ,(86,'2013-11-22 09:17:52','2013-11-22 09:17:52','method')
 ,(87,'2013-11-22 09:17:52','2013-11-22 09:17:52','importers')
 ,(88,'2013-11-22 09:17:53','2013-11-22 09:17:53','attributes')
 ,(89,'2013-11-22 09:17:53','2013-11-22 09:17:53','sets')
 ,(90,'2013-11-22 09:17:53','2013-11-22 09:17:53','types')
 ,(91,'2013-11-22 09:17:53','2013-11-22 09:17:54','environment')
 ,(92,'2013-11-22 09:17:54','2013-11-22 09:17:54','info')
 ,(93,'2013-11-22 09:17:54','2013-11-22 09:17:54','debug')
 ,(94,'2013-11-22 09:17:54','2013-11-22 09:17:54','logging')
 ,(95,'2013-11-22 09:17:54','2013-11-22 09:17:55','file_storage_locations')
 ,(96,'2013-11-22 09:17:55','2013-11-22 09:17:55','proxy')
 ,(97,'2013-11-22 09:17:55','2013-11-22 09:17:55','backup_restore')
 ,(98,'2013-11-22 09:17:55','2013-11-22 09:17:55','backup')
 ,(99,'2013-11-22 09:17:56','2013-11-22 09:17:56','update')
 ,(100,'2013-11-22 09:17:56','2013-11-22 09:17:56','database')
 ,(101,'2013-11-22 09:17:56','2013-11-22 09:17:56','composer')
 ,(102,'2013-11-22 09:17:56','2013-11-22 09:17:56',NULL)
 ,(103,'2013-11-22 09:17:56','2013-11-22 09:17:56',NULL)
 ,(104,'2013-11-22 09:17:56','2013-11-22 09:17:56',NULL)
 ,(105,'2013-11-22 09:17:56','2013-11-22 09:17:57','welcome')
 ,(106,'2013-11-22 09:17:57','2013-11-22 09:17:57','home')
 ,(107,'2013-11-22 09:18:10','2013-11-22 09:18:11','!drafts')
 ,(108,'2013-11-22 09:18:11','2013-11-22 09:18:11','!trash')
 ,(109,'2013-11-22 09:18:11','2013-11-22 09:18:11','!stacks')
 ,(110,'2013-11-22 09:18:11','2013-11-22 09:18:12','login')
 ,(111,'2013-11-22 09:18:12','2013-11-22 09:18:12','register')
 ,(112,'2013-11-22 09:18:12','2013-11-22 09:18:12','profile')
 ,(113,'2013-11-22 09:18:12','2013-11-22 09:18:12','edit')
 ,(114,'2013-11-22 09:18:13','2013-11-22 09:18:13','avatar')
 ,(115,'2013-11-22 09:18:13','2013-11-22 09:18:13','messages')
 ,(116,'2013-11-22 09:18:13','2013-11-22 09:18:13','friends')
 ,(117,'2013-11-22 09:18:13','2013-11-22 09:18:13','page_not_found')
 ,(118,'2013-11-22 09:18:14','2013-11-22 09:18:14','page_forbidden')
 ,(119,'2013-11-22 09:18:14','2013-11-22 09:18:14','download_file')
 ,(120,'2013-11-22 09:18:14','2013-11-22 09:18:14','members')
 ,(121,'2013-11-22 09:18:15','2013-11-22 09:18:15',NULL)
 ,(122,'2013-11-22 09:52:54','2013-11-22 09:52:54',NULL)
 ,(123,'2013-11-22 09:53:26','2013-11-22 09:54:53','')
 ,(124,'2013-11-22 13:43:00','2013-12-09 13:57:35','')
 ,(125,'2013-11-22 13:48:12','2013-12-16 19:57:50','')
 ,(126,'2013-11-22 13:48:37','2013-12-12 03:34:42','')
 ,(127,'2013-11-24 12:30:04','2013-11-24 12:30:04','')
 ,(128,'2013-11-24 14:15:36','2013-11-24 14:15:36',NULL)
 ,(129,'2013-11-24 15:48:42','2013-11-24 15:48:42',NULL)
 ,(130,'2013-11-24 16:00:02','2013-11-24 16:29:03','')
 ,(131,'2013-11-24 16:05:41','2013-11-24 16:05:41',NULL)
 ,(132,'2013-11-25 08:14:36','2013-12-12 03:51:40','')
 ,(133,'2013-12-09 14:05:37','2013-12-09 14:07:20','sitemap')
 ,(134,'2013-12-09 14:05:37','2013-12-09 14:07:21','contactus')
 ,(135,'2013-12-09 14:05:37','2013-12-09 14:07:21','legals');

DROP TABLE IF EXISTS ComposerContentLayout;

CREATE TABLE IF NOT EXISTS `ComposerContentLayout` (
  `cclID` int(10) unsigned NOT NULL AUTO_INCREMENT,
  `bID` int(10) unsigned NOT NULL DEFAULT '0',
  `akID` int(10) unsigned NOT NULL DEFAULT '0',
  `displayOrder` int(10) unsigned NOT NULL DEFAULT '0',
  `ctID` int(10) unsigned NOT NULL DEFAULT '0',
  `ccFilename` varchar(128) DEFAULT NULL,
  PRIMARY KEY (`cclID`)
) ENGINE=InnoDB DEFAULT CHARSET=utf8;



DROP TABLE IF EXISTS ComposerDrafts;

CREATE TABLE IF NOT EXISTS `ComposerDrafts` (
  `cID` int(10) unsigned NOT NULL DEFAULT '0',
  `cpPublishParentID` int(10) unsigned NOT NULL DEFAULT '0',
  PRIMARY KEY (`cID`)
) ENGINE=InnoDB DEFAULT CHARSET=utf8;

INSERT INTO ComposerDrafts VALUES(127,0);

DROP TABLE IF EXISTS ComposerTypes;

CREATE TABLE IF NOT EXISTS `ComposerTypes` (
  `ctID` int(10) unsigned NOT NULL DEFAULT '0',
  `ctComposerPublishPageMethod` varchar(64) NOT NULL DEFAULT 'CHOOSE',
  `ctComposerPublishPageTypeID` int(10) unsigned NOT NULL DEFAULT '0',
  `ctComposerPublishPageParentID` int(10) unsigned NOT NULL DEFAULT '0',
  PRIMARY KEY (`ctID`)
) ENGINE=InnoDB DEFAULT CHARSET=utf8;

INSERT INTO ComposerTypes VALUES(5,'CHOOSE',0,0);

DROP TABLE IF EXISTS Config;

CREATE TABLE IF NOT EXISTS `Config` (
  `cfKey` varchar(64) NOT NULL,
  `timestamp` timestamp NOT NULL DEFAULT CURRENT_TIMESTAMP ON UPDATE CURRENT_TIMESTAMP,
  `cfValue` longtext,
  `uID` int(10) unsigned NOT NULL DEFAULT '0',
  `pkgID` int(10) unsigned NOT NULL DEFAULT '0',
  PRIMARY KEY (`cfKey`,`uID`),
  KEY `uID` (`uID`)
) ENGINE=InnoDB DEFAULT CHARSET=utf8;

INSERT INTO Config VALUES('ACCESS_ENTITY_UPDATED','2013-11-22 10:37:10','1385116630',0,0)
 ,('ANTISPAM_LOG_SPAM','2013-11-22 09:18:14','1',0,0)
 ,('APP_VERSION_LATEST','2014-01-01 23:27:45','5.6.2.1',0,0)
 ,('DO_PAGE_REINDEX_CHECK','2014-01-01 23:28:54','0',0,0)
 ,('ENABLE_BLOCK_CACHE','2013-11-26 09:43:11','0',0,0)
 ,('ENABLE_LOG_EMAILS','2013-11-22 09:18:14','1',0,0)
 ,('ENABLE_LOG_ERRORS','2013-11-22 09:18:14','1',0,0)
 ,('ENABLE_MARKETPLACE_SUPPORT','2013-11-22 09:18:14','1',0,0)
 ,('ENABLE_OVERRIDE_CACHE','2013-11-26 09:43:11','0',0,0)
 ,('FULL_PAGE_CACHE_GLOBAL','2013-11-26 09:43:11','0',0,0)
 ,('FULL_PAGE_CACHE_LIFETIME','2013-11-26 09:43:11','default',0,0)
 ,('FULL_PAGE_CACHE_LIFETIME_CUSTOM','2013-11-26 09:43:11',NULL,0,0)
 ,('NEWSFLOW_LAST_VIEWED','2014-01-01 23:27:45','1388618865',1,0)
 ,('QUICK_NAV_BOOKMARKS','2013-12-11 03:37:53','O:21:\"ConcreteDashboardMenu\":1:{s:8:\"\0*\0items\";a:9:{i:0;s:25:\"/dashboard/composer/write\";i:1;s:26:\"/dashboard/composer/drafts\";i:2;s:23:\"/dashboard/sitemap/full\";i:3;s:25:\"/dashboard/sitemap/search\";i:4;s:23:\"/dashboard/files/search\";i:5;s:21:\"/dashboard/files/sets\";i:6;s:29:\"/dashboard/reports/statistics\";i:7;s:24:\"/dashboard/reports/forms\";i:8;s:23:\"/dashboard/reports/logs\";}}',1,0)
 ,('SEEN_INTRODUCTION','2013-11-22 09:20:04','1',0,0)
 ,('SITE','2013-11-22 09:18:16','Lawler',0,0)
 ,('SITE_APP_VERSION','2013-11-22 09:18:16','5.6.2.1',0,0)
 ,('SITE_DEBUG_LEVEL','2013-11-22 09:18:14','1',0,0)
 ,('SITE_INSTALLED_APP_VERSION','2013-11-22 09:18:16','5.6.2.1',0,0);

DROP TABLE IF EXISTS CustomStylePresets;

CREATE TABLE IF NOT EXISTS `CustomStylePresets` (
  `cspID` int(10) unsigned NOT NULL AUTO_INCREMENT,
  `cspName` varchar(255) NOT NULL,
  `csrID` int(10) unsigned NOT NULL DEFAULT '0',
  PRIMARY KEY (`cspID`)
) ENGINE=InnoDB DEFAULT CHARSET=utf8;



DROP TABLE IF EXISTS CustomStyleRules;

CREATE TABLE IF NOT EXISTS `CustomStyleRules` (
  `csrID` int(10) unsigned NOT NULL AUTO_INCREMENT,
  `css_id` varchar(128) DEFAULT NULL,
  `css_class` varchar(128) DEFAULT NULL,
  `css_serialized` text,
  `css_custom` text,
  PRIMARY KEY (`csrID`)
) ENGINE=InnoDB DEFAULT CHARSET=utf8;



DROP TABLE IF EXISTS DownloadStatistics;

CREATE TABLE IF NOT EXISTS `DownloadStatistics` (
  `dsID` int(10) unsigned NOT NULL AUTO_INCREMENT,
  `fID` int(10) unsigned NOT NULL,
  `fvID` int(10) unsigned NOT NULL,
  `uID` int(10) unsigned NOT NULL,
  `rcID` int(10) unsigned NOT NULL,
  `timestamp` timestamp NOT NULL DEFAULT CURRENT_TIMESTAMP ON UPDATE CURRENT_TIMESTAMP,
  PRIMARY KEY (`dsID`)
) ENGINE=InnoDB AUTO_INCREMENT=2694 DEFAULT CHARSET=utf8;

INSERT INTO DownloadStatistics VALUES(1829,8,1,1,125,'2013-12-11 17:26:44')
 ,(1830,8,1,1,125,'2013-12-11 17:31:18')
 ,(1831,8,1,1,125,'2013-12-11 20:28:57')
 ,(1832,8,1,1,125,'2013-12-11 20:29:13')
 ,(1833,8,1,1,125,'2013-12-11 20:29:30')
 ,(1834,8,1,1,125,'2013-12-11 20:29:44')
 ,(1835,8,1,1,125,'2013-12-11 20:29:58')
 ,(1840,8,1,1,125,'2013-12-11 20:31:26')
 ,(1841,8,1,1,125,'2013-12-11 20:32:38')
 ,(1842,8,1,1,125,'2013-12-11 20:33:33')
 ,(1843,8,1,1,125,'2013-12-11 20:34:32')
 ,(1844,8,1,1,125,'2013-12-11 20:36:22')
 ,(1845,8,1,1,125,'2013-12-11 20:36:34')
 ,(1846,8,1,1,125,'2013-12-11 20:37:00')
 ,(1847,8,1,1,125,'2013-12-11 20:38:21')
 ,(1848,8,1,1,125,'2013-12-11 20:38:24')
 ,(1849,8,1,1,125,'2013-12-11 20:40:42')
 ,(1850,8,1,1,125,'2013-12-11 20:41:47')
 ,(1851,8,1,1,125,'2013-12-11 22:13:17')
 ,(1852,8,1,1,125,'2013-12-11 22:13:43')
 ,(1853,8,1,1,125,'2013-12-12 01:25:00')
 ,(1854,8,1,1,125,'2013-12-12 01:25:19')
 ,(1855,8,1,1,125,'2013-12-12 01:26:19')
 ,(1856,8,1,1,125,'2013-12-12 01:26:37')
 ,(1857,8,1,1,125,'2013-12-12 01:27:08')
 ,(1858,8,1,1,125,'2013-12-12 01:27:41')
 ,(1859,8,1,1,125,'2013-12-12 01:28:03')
 ,(1860,8,1,1,125,'2013-12-12 01:28:24')
 ,(1861,8,1,1,125,'2013-12-12 01:30:57')
 ,(1862,8,1,1,125,'2013-12-12 01:32:02')
 ,(1863,8,1,1,125,'2013-12-12 01:34:49')
 ,(1864,8,1,1,125,'2013-12-12 01:35:15')
 ,(1865,8,1,1,125,'2013-12-12 01:37:42')
 ,(1866,8,1,1,125,'2013-12-12 01:37:54')
 ,(1867,8,1,1,125,'2013-12-12 01:37:58')
 ,(1868,8,1,1,125,'2013-12-12 01:38:08')
 ,(1869,8,1,1,125,'2013-12-12 01:38:19')
 ,(1870,8,1,1,125,'2013-12-12 01:40:10')
 ,(1871,8,1,1,125,'2013-12-12 01:40:21')
 ,(1872,8,1,1,125,'2013-12-12 01:42:37')
 ,(1873,8,1,1,125,'2013-12-12 01:43:03')
 ,(1874,8,1,1,125,'2013-12-12 01:43:18')
 ,(1875,8,1,1,125,'2013-12-12 01:43:28')
 ,(1876,8,1,1,125,'2013-12-12 01:43:38')
 ,(1877,8,1,1,125,'2013-12-12 01:43:48')
 ,(1878,8,1,1,125,'2013-12-12 01:43:55')
 ,(1879,8,1,1,125,'2013-12-12 01:44:28')
 ,(1880,8,1,1,125,'2013-12-12 01:57:47')
 ,(1881,8,1,1,125,'2013-12-12 01:58:53')
 ,(1882,8,1,1,125,'2013-12-12 02:00:04')
 ,(1883,8,1,1,125,'2013-12-12 02:00:42')
 ,(1884,8,1,1,125,'2013-12-12 02:01:21')
 ,(1885,8,1,1,125,'2013-12-12 02:03:30')
 ,(1886,8,1,1,125,'2013-12-12 02:03:56')
 ,(1887,8,1,1,125,'2013-12-12 02:13:39')
 ,(1888,8,1,1,125,'2013-12-12 02:13:57')
 ,(1889,8,1,1,125,'2013-12-12 02:14:08')
 ,(1890,8,1,1,125,'2013-12-12 02:14:18')
 ,(1891,8,1,1,125,'2013-12-12 02:15:19')
 ,(1892,8,1,1,125,'2013-12-12 02:15:29')
 ,(1893,8,1,1,125,'2013-12-12 02:15:36')
 ,(1894,8,1,1,125,'2013-12-12 02:15:59')
 ,(1895,8,1,1,125,'2013-12-12 02:16:10')
 ,(1896,8,1,1,125,'2013-12-12 02:17:09')
 ,(1897,8,1,1,125,'2013-12-12 02:17:20')
 ,(1898,8,1,1,125,'2013-12-12 02:17:44')
 ,(1899,8,1,1,125,'2013-12-12 02:18:00')
 ,(1904,8,3,1,125,'2013-12-12 02:51:19')
 ,(1905,8,3,1,125,'2013-12-12 02:51:53')
 ,(1906,8,3,1,125,'2013-12-12 02:52:40')
 ,(1911,8,3,1,125,'2013-12-12 02:53:03')
 ,(1912,8,3,1,125,'2013-12-12 03:11:45')
 ,(1913,8,3,1,125,'2013-12-12 03:12:21')
 ,(1914,8,3,1,125,'2013-12-12 03:12:42')
 ,(1915,8,3,1,125,'2013-12-12 03:20:23')
 ,(1916,8,3,1,125,'2013-12-12 03:20:56')
 ,(1917,8,3,1,125,'2013-12-12 03:21:44')
 ,(1918,8,3,1,125,'2013-12-12 03:22:10')
 ,(1919,8,3,1,125,'2013-12-12 03:24:17')
 ,(1920,8,3,1,125,'2013-12-12 03:25:03')
 ,(1921,8,3,1,125,'2013-12-12 03:28:24')
 ,(1922,8,3,1,125,'2013-12-12 03:29:27')
 ,(1923,8,3,1,125,'2013-12-12 03:32:00')
 ,(1924,8,3,1,125,'2013-12-12 03:33:55')
 ,(1925,8,3,1,125,'2013-12-12 03:34:16')
 ,(1926,8,3,1,125,'2013-12-12 03:36:30')
 ,(1927,8,3,1,125,'2013-12-12 03:36:48')
 ,(1928,8,3,1,125,'2013-12-12 03:39:02')
 ,(1929,8,3,1,125,'2013-12-12 03:39:57')
 ,(1930,8,3,1,125,'2013-12-12 03:40:13')
 ,(1931,8,3,1,125,'2013-12-12 03:41:11')
 ,(1932,8,3,1,125,'2013-12-12 03:41:45')
 ,(1933,8,3,1,125,'2013-12-12 03:42:07')
 ,(1934,8,3,1,125,'2013-12-12 03:42:32')
 ,(1935,8,3,1,125,'2013-12-12 03:47:13')
 ,(1936,8,3,1,125,'2013-12-12 03:47:56')
 ,(1937,8,3,1,125,'2013-12-12 03:48:10')
 ,(1938,8,3,1,125,'2013-12-12 03:55:03')
 ,(1939,8,3,1,125,'2013-12-12 03:56:50')
 ,(1940,9,1,1,125,'2013-12-12 03:56:50')
 ,(1945,8,3,1,125,'2013-12-12 03:57:45')
 ,(1946,9,1,1,125,'2013-12-12 03:57:45')
 ,(1947,8,3,1,125,'2013-12-12 04:01:45')
 ,(1948,9,1,1,125,'2013-12-12 04:01:45')
 ,(1953,8,3,1,125,'2013-12-12 04:03:44')
 ,(1954,9,1,1,125,'2013-12-12 04:03:44')
 ,(1959,8,3,1,125,'2013-12-12 04:05:28')
 ,(1960,9,1,1,125,'2013-12-12 04:05:29')
 ,(1973,8,3,1,125,'2013-12-12 04:08:53')
 ,(1974,9,1,1,125,'2013-12-12 04:08:53')
 ,(1991,8,3,1,125,'2013-12-12 04:42:26')
 ,(1992,9,1,1,125,'2013-12-12 04:42:26')
 ,(1997,8,3,1,125,'2013-12-12 05:18:14')
 ,(1998,9,1,1,125,'2013-12-12 05:18:14')
 ,(2003,8,3,1,125,'2013-12-12 05:25:15')
 ,(2004,9,1,1,125,'2013-12-12 05:25:15')
 ,(2009,8,3,1,125,'2013-12-12 05:25:37')
 ,(2010,9,1,1,125,'2013-12-12 05:25:37')
 ,(2015,8,3,1,125,'2013-12-12 05:25:59')
 ,(2016,9,1,1,125,'2013-12-12 05:25:59')
 ,(2021,8,3,1,125,'2013-12-12 05:41:31')
 ,(2022,9,1,1,125,'2013-12-12 05:41:31')
 ,(2023,8,3,1,125,'2013-12-12 13:21:47')
 ,(2024,9,1,1,125,'2013-12-12 13:21:48')
 ,(2029,8,3,1,125,'2013-12-12 13:23:17')
 ,(2030,9,1,1,125,'2013-12-12 13:23:17')
 ,(2043,8,3,1,125,'2013-12-12 13:36:19')
 ,(2044,9,1,1,125,'2013-12-12 13:36:20')
 ,(2097,8,3,1,125,'2013-12-12 03:17:16')
 ,(2098,9,1,1,125,'2013-12-12 03:17:16')
 ,(2111,8,3,1,125,'2013-12-12 03:20:02')
 ,(2112,9,1,1,125,'2013-12-12 03:20:02')
 ,(2117,8,4,1,125,'2013-12-12 03:20:58')
 ,(2118,9,2,1,125,'2013-12-12 03:20:58')
 ,(2123,8,4,1,125,'2013-12-12 03:21:26')
 ,(2124,9,2,1,125,'2013-12-12 03:21:26')
 ,(2129,8,4,1,125,'2013-12-12 03:23:22')
 ,(2130,9,2,1,125,'2013-12-12 03:23:22')
 ,(2131,8,4,1,125,'2013-12-12 03:23:28')
 ,(2132,9,2,1,125,'2013-12-12 03:23:28')
 ,(2133,9,2,1,125,'2013-12-12 03:24:00')
 ,(2134,8,4,1,125,'2013-12-12 03:24:00')
 ,(2159,8,4,1,125,'2013-12-12 03:28:52')
 ,(2160,9,2,1,125,'2013-12-12 03:28:52')
 ,(2169,8,4,1,125,'2013-12-12 03:31:14')
 ,(2170,9,2,1,125,'2013-12-12 03:31:14')
 ,(2175,8,4,1,125,'2013-12-12 03:33:25')
 ,(2176,9,2,1,125,'2013-12-12 03:33:25')
 ,(2177,8,4,1,125,'2013-12-12 03:33:47')
 ,(2178,9,2,1,125,'2013-12-12 03:33:47')
 ,(2179,8,4,1,125,'2013-12-12 03:34:52')
 ,(2180,9,2,1,125,'2013-12-12 03:34:52')
 ,(2185,8,4,1,125,'2013-12-12 03:35:09')
 ,(2186,9,2,1,125,'2013-12-12 03:35:09')
 ,(2191,8,4,1,125,'2013-12-12 03:36:04')
 ,(2192,9,2,1,125,'2013-12-12 03:36:04')
 ,(2197,8,4,1,125,'2013-12-12 03:40:21')
 ,(2198,9,2,1,125,'2013-12-12 03:40:21')
 ,(2199,8,4,1,125,'2013-12-12 03:40:43')
 ,(2200,9,2,1,125,'2013-12-12 03:40:43')
 ,(2201,8,4,1,125,'2013-12-12 03:44:09')
 ,(2202,9,2,1,125,'2013-12-12 03:44:09')
 ,(2207,8,4,1,125,'2013-12-12 03:50:08')
 ,(2208,9,2,1,125,'2013-12-12 03:50:08')
 ,(2213,8,4,1,125,'2013-12-12 03:55:26')
 ,(2214,9,2,1,125,'2013-12-12 03:55:26')
 ,(2215,8,4,1,125,'2013-12-12 03:55:32')
 ,(2216,9,2,1,125,'2013-12-12 03:55:32')
 ,(2225,8,4,1,125,'2013-12-12 03:57:57')
 ,(2226,9,2,1,125,'2013-12-12 03:57:57')
 ,(2243,8,4,0,125,'2013-12-12 04:15:01')
 ,(2244,9,2,0,125,'2013-12-12 04:15:01')
 ,(2245,9,2,0,125,'2013-12-12 04:16:42')
 ,(2246,9,2,0,125,'2013-12-12 04:17:16')
 ,(2247,8,4,0,125,'2013-12-12 04:17:24')
 ,(2248,8,4,0,125,'2013-12-12 04:17:35')
 ,(2249,8,4,1,125,'2013-12-12 06:34:56')
 ,(2250,9,2,1,125,'2013-12-12 06:34:56')
 ,(2269,8,4,1,125,'2013-12-12 06:42:33')
 ,(2270,9,2,1,125,'2013-12-12 06:42:33')
 ,(2271,8,4,1,125,'2013-12-12 06:42:41')
 ,(2272,9,2,1,125,'2013-12-12 06:42:41')
 ,(2277,8,4,0,125,'2013-12-12 06:43:53')
 ,(2278,9,2,0,125,'2013-12-12 06:43:53')
 ,(2283,8,4,0,125,'2013-12-12 06:44:19')
 ,(2284,9,2,0,125,'2013-12-12 06:44:19')
 ,(2285,8,4,0,125,'2013-12-12 06:45:06')
 ,(2286,9,2,0,125,'2013-12-12 06:45:06')
 ,(2291,8,4,1,125,'2013-12-12 06:50:42')
 ,(2292,9,2,1,125,'2013-12-12 06:50:42')
 ,(2297,8,4,1,125,'2013-12-12 06:51:17')
 ,(2298,9,2,1,125,'2013-12-12 06:51:18')
 ,(2307,8,4,0,125,'2013-12-12 10:11:24')
 ,(2308,9,2,0,125,'2013-12-12 10:11:25')
 ,(2313,8,4,0,125,'2013-12-12 10:12:15')
 ,(2314,9,2,0,125,'2013-12-12 10:12:15')
 ,(2323,8,4,1,125,'2013-12-12 21:04:24')
 ,(2324,9,2,1,125,'2013-12-12 21:04:24')
 ,(2329,8,4,1,125,'2013-12-12 21:04:32')
 ,(2330,9,2,1,125,'2013-12-12 21:04:32')
 ,(2339,8,4,0,125,'2013-12-14 15:37:19')
 ,(2340,9,2,0,125,'2013-12-14 15:37:19')
 ,(2353,8,4,0,125,'2013-12-14 15:39:34')
 ,(2354,9,2,0,125,'2013-12-14 15:39:34')
 ,(2355,8,4,0,125,'2013-12-14 15:39:46')
 ,(2356,9,2,0,125,'2013-12-14 15:39:46')
 ,(2357,8,4,0,125,'2013-12-14 15:40:36')
 ,(2358,9,2,0,125,'2013-12-14 15:40:36')
 ,(2359,8,4,0,125,'2013-12-14 15:55:05')
 ,(2360,9,2,0,125,'2013-12-14 15:55:05')
 ,(2361,9,2,0,125,'2013-12-14 15:55:18')
 ,(2362,8,4,0,125,'2013-12-14 15:55:18')
 ,(2363,9,2,0,125,'2013-12-14 15:55:26')
 ,(2364,8,4,0,125,'2013-12-14 15:55:26')
 ,(2377,8,4,0,125,'2013-12-14 16:02:10')
 ,(2378,9,2,0,125,'2013-12-14 16:02:11')
 ,(2379,8,4,0,125,'2013-12-14 16:02:47')
 ,(2380,9,2,0,125,'2013-12-14 16:02:47')
 ,(2385,9,2,0,125,'2013-12-14 16:03:09')
 ,(2386,8,4,0,125,'2013-12-14 16:03:09')
 ,(2391,8,4,0,125,'2013-12-14 16:06:52')
 ,(2392,9,2,0,125,'2013-12-14 16:06:52')
 ,(2401,8,4,0,125,'2013-12-14 17:21:28')
 ,(2402,9,2,0,125,'2013-12-14 17:21:28')
 ,(2407,9,2,1,125,'2013-12-14 17:22:20')
 ,(2408,8,4,1,125,'2013-12-14 17:22:20')
 ,(2409,9,3,1,125,'2013-12-14 17:23:16')
 ,(2410,8,5,1,125,'2013-12-14 17:23:16')
 ,(2419,8,5,1,125,'2013-12-14 17:24:27')
 ,(2420,9,3,1,125,'2013-12-14 17:24:27')
 ,(2421,8,5,1,125,'2013-12-14 17:25:30')
 ,(2422,9,3,1,125,'2013-12-14 17:25:30')
 ,(2427,8,5,1,125,'2013-12-14 17:26:48')
 ,(2428,9,3,1,125,'2013-12-14 17:26:49')
 ,(2433,8,5,0,125,'2013-12-14 18:54:35')
 ,(2434,9,3,0,125,'2013-12-14 18:54:35')
 ,(2435,8,5,0,125,'2013-12-14 18:55:18')
 ,(2436,9,3,0,125,'2013-12-14 18:55:18')
 ,(2437,8,5,0,125,'2013-12-15 02:03:47')
 ,(2438,9,3,0,125,'2013-12-15 02:03:47')
 ,(2443,8,5,1,125,'2013-12-15 03:16:06')
 ,(2444,9,3,1,125,'2013-12-15 03:16:07')
 ,(2445,8,5,1,125,'2013-12-15 03:16:09')
 ,(2446,9,3,1,125,'2013-12-15 03:16:09')
 ,(2451,8,5,1,125,'2013-12-15 03:28:50')
 ,(2452,9,3,1,125,'2013-12-15 03:28:50')
 ,(2453,8,5,1,125,'2013-12-15 03:32:27')
 ,(2454,9,3,1,125,'2013-12-15 03:32:27')
 ,(2455,8,5,1,125,'2013-12-15 03:32:43')
 ,(2456,9,3,1,125,'2013-12-15 03:32:44')
 ,(2457,9,3,1,125,'2013-12-15 03:32:57')
 ,(2458,8,5,1,125,'2013-12-15 03:32:57')
 ,(2459,9,3,0,125,'2013-12-16 09:19:20')
 ,(2460,8,5,0,125,'2013-12-16 09:19:21')
 ,(2465,8,5,1,125,'2013-12-16 19:47:12')
 ,(2466,9,3,1,125,'2013-12-16 19:47:12')
 ,(2471,10,2,1,1,'2013-12-16 19:53:16')
 ,(2472,12,1,1,1,'2013-12-16 19:53:16')
 ,(2473,11,1,1,1,'2013-12-16 19:53:16')
 ,(2474,14,1,1,1,'2013-12-16 19:53:16')
 ,(2475,13,2,1,1,'2013-12-16 19:53:16')
 ,(2476,15,2,1,1,'2013-12-16 19:53:16')
 ,(2477,8,5,1,125,'2013-12-16 19:53:29')
 ,(2478,9,3,1,125,'2013-12-16 19:53:29')
 ,(2479,16,1,1,125,'2013-12-16 19:55:10')
 ,(2480,8,5,1,125,'2013-12-16 19:56:35')
 ,(2481,9,3,1,125,'2013-12-16 19:56:35')
 ,(2482,16,2,1,125,'2013-12-16 19:56:35')
 ,(2483,8,5,1,125,'2013-12-16 19:56:49')
 ,(2484,9,3,1,125,'2013-12-16 19:56:49')
 ,(2485,16,3,1,125,'2013-12-16 19:56:49')
 ,(2486,9,4,1,125,'2013-12-16 19:57:07')
 ,(2487,16,3,1,125,'2013-12-16 19:57:07')
 ,(2488,8,5,1,125,'2013-12-16 19:57:08')
 ,(2489,8,6,1,125,'2013-12-16 19:57:22')
 ,(2490,9,4,1,125,'2013-12-16 19:57:22')
 ,(2491,16,3,1,125,'2013-12-16 19:57:23')
 ,(2492,8,6,1,125,'2013-12-16 19:57:30')
 ,(2493,9,4,1,125,'2013-12-16 19:57:30')
 ,(2494,16,3,1,125,'2013-12-16 19:57:30')
 ,(2495,8,6,1,125,'2013-12-16 19:57:46')
 ,(2496,9,4,1,125,'2013-12-16 19:57:46')
 ,(2497,18,1,1,125,'2013-12-16 19:57:46')
 ,(2498,16,3,1,125,'2013-12-16 19:57:46')
 ,(2499,8,6,1,125,'2013-12-16 19:57:50')
 ,(2500,8,6,1,125,'2013-12-16 19:58:14')
 ,(2501,9,4,1,125,'2013-12-16 19:58:14')
 ,(2502,16,3,1,125,'2013-12-16 19:58:14')
 ,(2503,18,2,1,125,'2013-12-16 19:58:14')
 ,(2504,8,6,1,125,'2013-12-16 20:02:23')
 ,(2505,9,4,1,125,'2013-12-16 20:02:23')
 ,(2506,18,2,1,125,'2013-12-16 20:02:23')
 ,(2507,16,3,1,125,'2013-12-16 20:02:23')
 ,(2508,10,2,1,1,'2013-12-16 20:02:25')
 ,(2509,14,1,1,1,'2013-12-16 20:02:25')
 ,(2510,13,2,1,1,'2013-12-16 20:02:25')
 ,(2511,11,1,1,1,'2013-12-16 20:02:25')
 ,(2512,12,1,1,1,'2013-12-16 20:02:25')
 ,(2513,15,2,1,1,'2013-12-16 20:02:25')
 ,(2514,10,2,1,1,'2013-12-16 20:07:28')
 ,(2515,12,1,1,1,'2013-12-16 20:07:28')
 ,(2516,11,1,1,1,'2013-12-16 20:07:28')
 ,(2517,14,1,1,1,'2013-12-16 20:07:28')
 ,(2518,13,2,1,1,'2013-12-16 20:07:28')
 ,(2519,15,2,1,1,'2013-12-16 20:07:28')
 ,(2520,8,6,1,125,'2013-12-16 20:07:30')
 ,(2521,18,2,1,125,'2013-12-16 20:07:30')
 ,(2522,16,3,1,125,'2013-12-16 20:07:30')
 ,(2523,9,4,1,125,'2013-12-16 20:07:30')
 ,(2524,8,6,0,125,'2013-12-17 04:24:32')
 ,(2525,9,4,0,125,'2013-12-17 04:24:32')
 ,(2526,18,2,0,125,'2013-12-17 04:24:32')
 ,(2527,16,3,0,125,'2013-12-17 04:24:32')
 ,(2528,8,6,0,125,'2013-12-17 20:53:00')
 ,(2529,18,2,0,125,'2013-12-17 20:53:00')
 ,(2530,9,4,0,125,'2013-12-17 20:53:01')
 ,(2531,16,3,0,125,'2013-12-17 20:53:01')
 ,(2532,10,2,0,1,'2013-12-19 23:37:03')
 ,(2533,12,1,0,1,'2013-12-19 23:37:03')
 ,(2534,13,2,0,1,'2013-12-19 23:37:03')
 ,(2535,11,1,0,1,'2013-12-19 23:37:03')
 ,(2536,14,1,0,1,'2013-12-19 23:37:04')
 ,(2537,15,2,0,1,'2013-12-19 23:37:05')
 ,(2538,9,4,0,125,'2013-12-19 23:37:07')
 ,(2539,8,6,0,125,'2013-12-19 23:37:07')
 ,(2540,16,3,0,125,'2013-12-19 23:37:07')
 ,(2541,18,2,0,125,'2013-12-19 23:37:09')
 ,(2542,15,2,0,1,'2013-12-19 23:40:09')
 ,(2543,12,1,0,1,'2013-12-19 23:40:10')
 ,(2544,13,2,0,1,'2013-12-19 23:40:10')
 ,(2545,11,1,0,1,'2013-12-19 23:40:10')
 ,(2546,10,2,0,1,'2013-12-19 23:40:10')
 ,(2547,14,1,0,1,'2013-12-19 23:40:10')
 ,(2548,9,4,0,125,'2013-12-19 23:40:25')
 ,(2549,16,3,0,125,'2013-12-19 23:40:25')
 ,(2550,8,6,0,125,'2013-12-19 23:40:25')
 ,(2551,18,2,0,125,'2013-12-19 23:40:25')
 ,(2552,10,2,0,1,'2013-12-22 08:14:15')
 ,(2553,11,1,0,1,'2013-12-22 08:14:15')
 ,(2554,12,1,0,1,'2013-12-22 08:14:15')
 ,(2555,13,2,0,1,'2013-12-22 08:14:15')
 ,(2556,14,1,0,1,'2013-12-22 08:14:15')
 ,(2557,15,2,0,1,'2013-12-22 08:14:15')
 ,(2558,16,3,0,125,'2013-12-22 08:14:18')
 ,(2559,8,6,0,125,'2013-12-22 08:14:18')
 ,(2560,18,2,0,125,'2013-12-22 08:14:18')
 ,(2561,9,4,0,125,'2013-12-22 08:14:18')
 ,(2562,8,6,0,125,'2013-12-22 08:14:37')
 ,(2563,9,4,0,125,'2013-12-22 08:14:37')
 ,(2564,16,3,0,125,'2013-12-22 08:14:37')
 ,(2565,18,2,0,125,'2013-12-22 08:14:37')
 ,(2566,8,6,0,125,'2013-12-22 08:14:55')
 ,(2567,9,4,0,125,'2013-12-22 08:14:55')
 ,(2568,16,3,0,125,'2013-12-22 08:14:55')
 ,(2569,18,2,0,125,'2013-12-22 08:14:55')
 ,(2570,8,6,0,125,'2013-12-22 08:15:04')
 ,(2571,9,4,0,125,'2013-12-22 08:15:05')
 ,(2572,18,2,0,125,'2013-12-22 08:15:05')
 ,(2573,16,3,0,125,'2013-12-22 08:15:05')
 ,(2574,8,6,0,125,'2013-12-22 08:15:09')
 ,(2575,9,4,0,125,'2013-12-22 08:15:09')
 ,(2576,16,3,0,125,'2013-12-22 08:15:09')
 ,(2577,18,2,0,125,'2013-12-22 08:15:09')
 ,(2578,11,1,0,1,'2013-12-22 08:15:40')
 ,(2579,10,2,0,1,'2013-12-22 08:15:40')
 ,(2580,13,2,0,1,'2013-12-22 08:15:40')
 ,(2581,14,1,0,1,'2013-12-22 08:15:40')
 ,(2582,15,2,0,1,'2013-12-22 08:15:40')
 ,(2583,12,1,0,1,'2013-12-22 08:15:40')
 ,(2584,10,2,0,1,'2013-12-22 08:17:43')
 ,(2585,11,1,0,1,'2013-12-22 08:17:43')
 ,(2586,12,1,0,1,'2013-12-22 08:17:43')
 ,(2587,13,2,0,1,'2013-12-22 08:17:43')
 ,(2588,14,1,0,1,'2013-12-22 08:17:43')
 ,(2589,15,2,0,1,'2013-12-22 08:17:43')
 ,(2590,10,2,0,1,'2013-12-22 08:18:05')
 ,(2591,11,1,0,1,'2013-12-22 08:18:05')
 ,(2592,12,1,0,1,'2013-12-22 08:18:05')
 ,(2593,14,1,0,1,'2013-12-22 08:18:05')
 ,(2594,13,2,0,1,'2013-12-22 08:18:05')
 ,(2595,15,2,0,1,'2013-12-22 08:18:05')
 ,(2596,10,2,0,1,'2013-12-22 08:18:21')
 ,(2597,11,1,0,1,'2013-12-22 08:18:21')
 ,(2598,14,1,0,1,'2013-12-22 08:18:21')
 ,(2599,15,2,0,1,'2013-12-22 08:18:21')
 ,(2600,13,2,0,1,'2013-12-22 08:18:21')
 ,(2601,12,1,0,1,'2013-12-22 08:18:21')
 ,(2602,14,1,0,1,'2013-12-22 08:19:34')
 ,(2603,15,2,0,1,'2013-12-22 08:19:34')
 ,(2604,8,6,0,125,'2013-12-22 08:19:38')
 ,(2605,9,4,0,125,'2013-12-22 08:19:38')
 ,(2606,16,3,0,125,'2013-12-22 08:19:38')
 ,(2607,18,2,0,125,'2013-12-22 08:19:38')
 ,(2608,10,2,0,1,'2013-12-22 08:21:06')
 ,(2609,11,1,0,1,'2013-12-22 08:21:06')
 ,(2610,12,1,0,1,'2013-12-22 08:21:07')
 ,(2611,13,2,0,1,'2013-12-22 08:21:07')
 ,(2612,14,1,0,1,'2013-12-22 08:21:07')
 ,(2613,15,2,0,1,'2013-12-22 08:21:07')
 ,(2614,10,2,0,1,'2013-12-22 08:23:51')
 ,(2615,12,1,0,1,'2013-12-22 08:23:51')
 ,(2616,11,1,0,1,'2013-12-22 08:23:51')
 ,(2617,13,2,0,1,'2013-12-22 08:23:51')
 ,(2618,15,2,0,1,'2013-12-22 08:23:51')
 ,(2619,14,1,0,1,'2013-12-22 08:23:51')
 ,(2620,8,6,0,125,'2013-12-22 08:24:27')
 ,(2621,16,3,0,125,'2013-12-22 08:24:27')
 ,(2622,9,4,0,125,'2013-12-22 08:24:27')
 ,(2623,18,2,0,125,'2013-12-22 08:24:27')
 ,(2624,10,2,0,1,'2013-12-22 08:26:43')
 ,(2625,11,1,0,1,'2013-12-22 08:26:43')
 ,(2626,12,1,0,1,'2013-12-22 08:26:43')
 ,(2627,13,2,0,1,'2013-12-22 08:26:43')
 ,(2628,14,1,0,1,'2013-12-22 08:26:43')
 ,(2629,15,2,0,1,'2013-12-22 08:26:43')
 ,(2630,10,2,0,1,'2013-12-22 08:27:16')
 ,(2631,11,1,0,1,'2013-12-22 08:27:16')
 ,(2632,12,1,0,1,'2013-12-22 08:27:16')
 ,(2633,13,2,0,1,'2013-12-22 08:27:16')
 ,(2634,14,1,0,1,'2013-12-22 08:27:16')
 ,(2635,15,2,0,1,'2013-12-22 08:27:16')
 ,(2636,8,6,0,125,'2013-12-22 08:27:55')
 ,(2637,9,4,0,125,'2013-12-22 08:27:55')
 ,(2638,16,3,0,125,'2013-12-22 08:27:55')
 ,(2639,18,2,0,125,'2013-12-22 08:27:55')
 ,(2640,11,1,0,1,'2013-12-22 08:28:10')
 ,(2641,12,1,0,1,'2013-12-22 08:28:10')
 ,(2642,13,2,0,1,'2013-12-22 08:28:10')
 ,(2643,15,2,0,1,'2013-12-22 08:28:10')
 ,(2644,10,2,0,1,'2013-12-22 08:28:10')
 ,(2645,14,1,0,1,'2013-12-22 08:28:10')
 ,(2646,8,6,0,125,'2013-12-22 08:29:19')
 ,(2647,9,4,0,125,'2013-12-22 08:29:20')
 ,(2648,16,3,0,125,'2013-12-22 08:29:20')
 ,(2649,18,2,0,125,'2013-12-22 08:29:20')
 ,(2650,10,2,0,1,'2013-12-23 09:18:26')
 ,(2651,11,1,0,1,'2013-12-23 09:18:26')
 ,(2652,12,1,0,1,'2013-12-23 09:18:26')
 ,(2653,13,2,0,1,'2013-12-23 09:18:26')
 ,(2654,15,2,0,1,'2013-12-23 09:18:26')
 ,(2655,14,1,0,1,'2013-12-23 09:18:26')
 ,(2656,8,6,0,125,'2013-12-23 09:20:38')
 ,(2657,9,4,0,125,'2013-12-23 09:20:38')
 ,(2658,16,3,0,125,'2013-12-23 09:20:38')
 ,(2659,18,2,0,125,'2013-12-23 09:20:38')
 ,(2660,10,2,0,1,'2013-12-24 01:34:37')
 ,(2661,11,1,0,1,'2013-12-24 01:34:37')
 ,(2662,12,1,0,1,'2013-12-24 01:34:37')
 ,(2663,13,2,0,1,'2013-12-24 01:34:37')
 ,(2664,14,1,0,1,'2013-12-24 01:34:37')
 ,(2665,15,2,0,1,'2013-12-24 01:34:38')
 ,(2666,10,2,0,1,'2013-12-24 04:16:45')
 ,(2667,11,1,0,1,'2013-12-24 04:16:45')
 ,(2668,12,1,0,1,'2013-12-24 04:16:45')
 ,(2669,13,2,0,1,'2013-12-24 04:16:45')
 ,(2670,14,1,0,1,'2013-12-24 04:16:45')
 ,(2671,15,2,0,1,'2013-12-24 04:16:45')
 ,(2672,8,6,0,125,'2013-12-24 04:19:52')
 ,(2673,9,4,0,125,'2013-12-24 04:19:52')
 ,(2674,16,3,0,125,'2013-12-24 04:19:52')
 ,(2675,18,2,0,125,'2013-12-24 04:20:26')
 ,(2676,10,2,0,1,'2014-01-01 09:14:33')
 ,(2677,12,1,0,1,'2014-01-01 09:14:33')
 ,(2678,14,1,0,1,'2014-01-01 09:14:33')
 ,(2679,13,2,0,1,'2014-01-01 09:14:33')
 ,(2680,11,1,0,1,'2014-01-01 09:14:33')
 ,(2681,15,2,0,1,'2014-01-01 09:14:33')
 ,(2682,11,1,0,1,'2014-01-01 22:33:40')
 ,(2683,10,2,0,1,'2014-01-01 22:33:40')
 ,(2684,12,1,0,1,'2014-01-01 22:33:40')
 ,(2685,14,1,0,1,'2014-01-01 22:33:40')
 ,(2686,15,2,0,1,'2014-01-01 22:33:41')
 ,(2687,13,2,0,1,'2014-01-01 22:33:41')
 ,(2688,10,2,1,1,'2014-01-01 23:27:40')
 ,(2689,11,1,1,1,'2014-01-01 23:27:40')
 ,(2690,12,1,1,1,'2014-01-01 23:27:40')
 ,(2691,13,2,1,1,'2014-01-01 23:27:41')
 ,(2692,14,1,1,1,'2014-01-01 23:27:42')
 ,(2693,15,2,1,1,'2014-01-01 23:27:42');

DROP TABLE IF EXISTS FileAttributeValues;

CREATE TABLE IF NOT EXISTS `FileAttributeValues` (
  `fID` int(10) unsigned NOT NULL DEFAULT '0',
  `fvID` int(10) unsigned NOT NULL DEFAULT '0',
  `akID` int(10) unsigned NOT NULL DEFAULT '0',
  `avID` int(10) unsigned NOT NULL DEFAULT '0',
  PRIMARY KEY (`fID`,`fvID`,`akID`,`avID`)
) ENGINE=InnoDB DEFAULT CHARSET=utf8;

INSERT INTO FileAttributeValues VALUES(8,1,12,134)
 ,(8,1,13,135)
 ,(8,2,12,136)
 ,(8,2,13,137)
 ,(8,3,12,138)
 ,(8,3,13,139)
 ,(8,4,12,142)
 ,(8,4,13,143)
 ,(8,5,12,146)
 ,(8,5,13,147)
 ,(8,6,12,180)
 ,(8,6,13,181)
 ,(9,1,12,140)
 ,(9,1,13,141)
 ,(9,2,12,144)
 ,(9,2,13,145)
 ,(9,3,12,148)
 ,(9,3,13,149)
 ,(9,4,12,178)
 ,(9,4,13,179)
 ,(10,1,12,150)
 ,(10,1,13,151)
 ,(10,2,12,166)
 ,(10,2,13,167)
 ,(11,1,12,152)
 ,(11,1,13,153)
 ,(12,1,12,154)
 ,(12,1,13,155)
 ,(13,1,12,156)
 ,(13,1,13,157)
 ,(13,2,12,164)
 ,(13,2,13,165)
 ,(14,1,12,158)
 ,(14,1,13,159)
 ,(15,1,12,160)
 ,(15,1,13,161)
 ,(15,2,12,162)
 ,(15,2,13,163)
 ,(16,1,12,168)
 ,(16,1,13,169)
 ,(16,2,12,174)
 ,(16,2,13,175)
 ,(16,3,12,176)
 ,(16,3,13,177)
 ,(17,1,12,170)
 ,(17,1,13,171)
 ,(18,1,12,172)
 ,(18,1,13,173)
 ,(18,2,12,182)
 ,(18,2,13,183);

DROP TABLE IF EXISTS FilePermissionAssignments;

CREATE TABLE IF NOT EXISTS `FilePermissionAssignments` (
  `fID` int(10) unsigned NOT NULL DEFAULT '0',
  `paID` int(10) unsigned NOT NULL DEFAULT '0',
  `pkID` int(10) unsigned NOT NULL DEFAULT '0',
  PRIMARY KEY (`fID`,`paID`,`pkID`)
) ENGINE=InnoDB DEFAULT CHARSET=utf8;



DROP TABLE IF EXISTS FilePermissionFileTypes;

CREATE TABLE IF NOT EXISTS `FilePermissionFileTypes` (
  `fsID` int(10) unsigned NOT NULL DEFAULT '0',
  `gID` int(10) unsigned NOT NULL DEFAULT '0',
  `uID` int(10) unsigned NOT NULL DEFAULT '0',
  `extension` varchar(32) NOT NULL,
  PRIMARY KEY (`fsID`,`gID`,`uID`,`extension`)
) ENGINE=InnoDB DEFAULT CHARSET=utf8;



DROP TABLE IF EXISTS FileSearchIndexAttributes;

CREATE TABLE IF NOT EXISTS `FileSearchIndexAttributes` (
  `fID` int(11) unsigned NOT NULL DEFAULT '0',
  `ak_width` decimal(14,4) DEFAULT '0.0000',
  `ak_height` decimal(14,4) DEFAULT '0.0000',
  `ak_duration` decimal(14,4) DEFAULT '0.0000',
  PRIMARY KEY (`fID`)
) ENGINE=InnoDB DEFAULT CHARSET=utf8;

INSERT INTO FileSearchIndexAttributes VALUES(8,239.0000,869.0000,0.0000)
 ,(9,239.0000,869.0000,0.0000)
 ,(10,1345.0000,558.0000,0.0000)
 ,(11,1300.0000,541.0000,0.0000)
 ,(12,1300.0000,512.0000,0.0000)
 ,(13,1168.0000,578.0000,0.0000)
 ,(14,1300.0000,721.0000,0.0000)
 ,(15,1185.0000,556.0000,0.0000)
 ,(16,232.0000,843.0000,0.0000)
 ,(17,246.0000,840.0000,0.0000)
 ,(18,233.0000,854.0000,0.0000);

DROP TABLE IF EXISTS FileSetFiles;

CREATE TABLE IF NOT EXISTS `FileSetFiles` (
  `fsfID` int(10) unsigned NOT NULL AUTO_INCREMENT,
  `fID` int(10) unsigned NOT NULL,
  `fsID` int(10) unsigned NOT NULL,
  `timestamp` timestamp NOT NULL DEFAULT CURRENT_TIMESTAMP ON UPDATE CURRENT_TIMESTAMP,
  `fsDisplayOrder` int(10) unsigned NOT NULL,
  PRIMARY KEY (`fsfID`),
  KEY `fID` (`fID`),
  KEY `fsID` (`fsID`)
) ENGINE=InnoDB AUTO_INCREMENT=19 DEFAULT CHARSET=utf8;

INSERT INTO FileSetFiles VALUES(8,8,2,'2013-12-11 17:03:53',0)
 ,(9,9,2,'2013-12-12 03:56:43',1)
 ,(10,10,1,'2013-12-16 19:48:35',4)
 ,(11,11,1,'2013-12-16 19:48:35',5)
 ,(12,12,1,'2013-12-16 19:48:35',6)
 ,(13,13,1,'2013-12-16 19:48:35',7)
 ,(14,14,1,'2013-12-16 19:48:35',8)
 ,(15,15,1,'2013-12-16 19:48:35',9)
 ,(16,16,2,'2013-12-16 19:53:06',2)
 ,(17,17,2,'2013-12-16 19:53:06',3)
 ,(18,18,2,'2013-12-16 19:53:06',4);

DROP TABLE IF EXISTS FileSetPermissionAssignments;

CREATE TABLE IF NOT EXISTS `FileSetPermissionAssignments` (
  `fsID` int(10) unsigned NOT NULL DEFAULT '0',
  `paID` int(10) unsigned NOT NULL DEFAULT '0',
  `pkID` int(10) unsigned NOT NULL DEFAULT '0',
  PRIMARY KEY (`fsID`,`paID`,`pkID`)
) ENGINE=InnoDB DEFAULT CHARSET=utf8;

INSERT INTO FileSetPermissionAssignments VALUES(0,43,35)
 ,(0,44,36)
 ,(0,45,37)
 ,(0,46,38)
 ,(0,47,39)
 ,(0,48,40)
 ,(0,49,42)
 ,(0,50,41)
 ,(0,51,43);

DROP TABLE IF EXISTS FileSetPermissionFileTypeAccessList;

CREATE TABLE IF NOT EXISTS `FileSetPermissionFileTypeAccessList` (
  `paID` int(10) unsigned NOT NULL DEFAULT '0',
  `peID` int(10) unsigned NOT NULL DEFAULT '0',
  `permission` varchar(1) NOT NULL DEFAULT '1',
  PRIMARY KEY (`paID`,`peID`)
) ENGINE=InnoDB DEFAULT CHARSET=utf8;



DROP TABLE IF EXISTS FileSetPermissionFileTypeAccessListCustom;

CREATE TABLE IF NOT EXISTS `FileSetPermissionFileTypeAccessListCustom` (
  `paID` int(10) unsigned NOT NULL DEFAULT '0',
  `peID` int(10) unsigned NOT NULL DEFAULT '0',
  `extension` varchar(64) NOT NULL,
  PRIMARY KEY (`paID`,`peID`,`extension`)
) ENGINE=InnoDB DEFAULT CHARSET=utf8;



DROP TABLE IF EXISTS FileSetSavedSearches;

CREATE TABLE IF NOT EXISTS `FileSetSavedSearches` (
  `fsID` int(10) unsigned NOT NULL DEFAULT '0',
  `fsSearchRequest` text,
  `fsResultColumns` text,
  PRIMARY KEY (`fsID`)
) ENGINE=InnoDB DEFAULT CHARSET=utf8;



DROP TABLE IF EXISTS FileSets;

CREATE TABLE IF NOT EXISTS `FileSets` (
  `fsID` int(10) unsigned NOT NULL AUTO_INCREMENT,
  `fsName` varchar(64) NOT NULL,
  `uID` int(10) unsigned NOT NULL DEFAULT '0',
  `fsType` int(4) NOT NULL,
  `fsOverrideGlobalPermissions` int(4) DEFAULT NULL,
  PRIMARY KEY (`fsID`),
  KEY `fsOverrideGlobalPermissions` (`fsOverrideGlobalPermissions`)
) ENGINE=InnoDB AUTO_INCREMENT=3 DEFAULT CHARSET=utf8;

INSERT INTO FileSets VALUES(1,'highlights',1,1,0)
 ,(2,'people',1,1,0);

DROP TABLE IF EXISTS FileStorageLocations;

CREATE TABLE IF NOT EXISTS `FileStorageLocations` (
  `fslID` int(10) unsigned NOT NULL DEFAULT '0',
  `fslName` varchar(255) NOT NULL,
  `fslDirectory` varchar(255) NOT NULL,
  PRIMARY KEY (`fslID`)
) ENGINE=InnoDB DEFAULT CHARSET=utf8;



DROP TABLE IF EXISTS FileVersionLog;

CREATE TABLE IF NOT EXISTS `FileVersionLog` (
  `fvlID` int(10) unsigned NOT NULL AUTO_INCREMENT,
  `fID` int(10) unsigned NOT NULL DEFAULT '0',
  `fvID` int(10) unsigned NOT NULL DEFAULT '0',
  `fvUpdateTypeID` int(3) unsigned NOT NULL DEFAULT '0',
  `fvUpdateTypeAttributeID` int(10) unsigned NOT NULL DEFAULT '0',
  PRIMARY KEY (`fvlID`)
) ENGINE=InnoDB AUTO_INCREMENT=79 DEFAULT CHARSET=utf8;

INSERT INTO FileVersionLog VALUES(15,8,1,5,12)
 ,(16,8,1,5,13)
 ,(17,8,2,1,0)
 ,(18,8,2,5,12)
 ,(19,8,2,5,13)
 ,(20,8,3,1,0)
 ,(21,8,3,5,12)
 ,(22,8,3,5,13)
 ,(23,9,1,5,12)
 ,(24,9,1,5,13)
 ,(25,8,4,1,0)
 ,(26,8,4,5,12)
 ,(27,8,4,5,13)
 ,(28,9,2,1,0)
 ,(29,9,2,5,12)
 ,(30,9,2,5,13)
 ,(31,8,5,1,0)
 ,(32,8,5,5,12)
 ,(33,8,5,5,13)
 ,(34,9,3,1,0)
 ,(35,9,3,5,12)
 ,(36,9,3,5,13)
 ,(37,10,1,5,12)
 ,(38,10,1,5,13)
 ,(39,11,1,5,12)
 ,(40,11,1,5,13)
 ,(41,12,1,5,12)
 ,(42,12,1,5,13)
 ,(43,13,1,5,12)
 ,(44,13,1,5,13)
 ,(45,14,1,5,12)
 ,(46,14,1,5,13)
 ,(47,15,1,5,12)
 ,(48,15,1,5,13)
 ,(49,15,2,1,0)
 ,(50,15,2,5,12)
 ,(51,15,2,5,13)
 ,(52,13,2,1,0)
 ,(53,13,2,5,12)
 ,(54,13,2,5,13)
 ,(55,10,2,1,0)
 ,(56,10,2,5,12)
 ,(57,10,2,5,13)
 ,(58,16,1,5,12)
 ,(59,16,1,5,13)
 ,(60,17,1,5,12)
 ,(61,17,1,5,13)
 ,(62,18,1,5,12)
 ,(63,18,1,5,13)
 ,(64,16,2,1,0)
 ,(65,16,2,5,12)
 ,(66,16,2,5,13)
 ,(67,16,3,1,0)
 ,(68,16,3,5,12)
 ,(69,16,3,5,13)
 ,(70,9,4,1,0)
 ,(71,9,4,5,12)
 ,(72,9,4,5,13)
 ,(73,8,6,1,0)
 ,(74,8,6,5,12)
 ,(75,8,6,5,13)
 ,(76,18,2,1,0)
 ,(77,18,2,5,12)
 ,(78,18,2,5,13);

DROP TABLE IF EXISTS FileVersions;

CREATE TABLE IF NOT EXISTS `FileVersions` (
  `fID` int(10) unsigned NOT NULL DEFAULT '0',
  `fvID` int(10) unsigned NOT NULL DEFAULT '0',
  `fvFilename` varchar(255) NOT NULL,
  `fvPrefix` varchar(12) DEFAULT NULL,
  `fvGenericType` int(3) unsigned NOT NULL DEFAULT '0',
  `fvSize` int(20) unsigned NOT NULL DEFAULT '0',
  `fvTitle` varchar(255) DEFAULT NULL,
  `fvDescription` text,
  `fvTags` varchar(255) DEFAULT NULL,
  `fvIsApproved` int(10) unsigned NOT NULL DEFAULT '1',
  `fvDateAdded` datetime DEFAULT NULL,
  `fvApproverUID` int(10) unsigned NOT NULL DEFAULT '0',
  `fvAuthorUID` int(10) unsigned NOT NULL DEFAULT '0',
  `fvActivateDatetime` datetime DEFAULT NULL,
  `fvHasThumbnail1` int(1) NOT NULL DEFAULT '0',
  `fvHasThumbnail2` int(1) NOT NULL DEFAULT '0',
  `fvHasThumbnail3` int(1) NOT NULL DEFAULT '0',
  `fvExtension` varchar(32) DEFAULT NULL,
  `fvType` int(10) unsigned NOT NULL DEFAULT '0',
  PRIMARY KEY (`fID`,`fvID`),
  KEY `fvExtension` (`fvType`),
  KEY `fvTitle` (`fvTitle`)
) ENGINE=MyISAM DEFAULT CHARSET=utf8;

INSERT INTO FileVersions VALUES(16,3,'Mark_Arnold.png','491387223806',1,209881,'Mark_Arnold.png','','',1,'2013-12-16 19:56:46',1,1,'2013-12-16 19:52:58',1,1,0,'png',1)
 ,(16,1,'Mark_Arnold.png','211387223578',1,222797,'Mark_Arnold.png','','',0,'2013-12-16 19:52:58',1,1,'2013-12-16 19:52:58',1,1,0,'png',1)
 ,(17,1,'unkown-05.png','881387223580',1,241976,'unkown-05.png','','',1,'2013-12-16 19:53:00',1,1,'2013-12-16 19:53:00',1,1,0,'png',1)
 ,(18,1,'Unkown-02.png','751387223582',1,232210,'Unkown-02.png','','',0,'2013-12-16 19:53:02',1,1,'2013-12-16 19:53:02',1,1,0,'png',1)
 ,(16,2,'Mark_Arnold.png','281387223792',1,210688,'Mark_Arnold.png','','',0,'2013-12-16 19:56:32',1,1,'2013-12-16 19:52:58',1,1,0,'png',1)
 ,(8,1,'ChrisDavis.jpg','211386741824',1,151254,'ChrisDavis.jpg','','',0,'2013-12-11 06:03:44',1,1,'2013-12-11 06:03:44',1,1,0,'jpg',1)
 ,(8,3,'ChrisDavis.png','641386777050',1,243689,'ChrisDavis.jpg','','',0,'2013-12-11 15:50:50',1,1,'2013-12-11 06:03:44',1,1,0,'png',1)
 ,(8,2,'Chris_Davis.png','441386777015',1,0,'ChrisDavis.jpg','','',0,'2013-12-11 15:50:15',1,1,'2013-12-11 06:03:44',0,0,0,'png',1)
 ,(9,1,'DamienPassmore.png','761386780984',1,202499,'DamienPassmore.png','','',0,'2013-12-11 16:56:24',1,1,'2013-12-11 16:56:24',1,1,0,'png',1)
 ,(8,4,'ChrisDavis.png','441386818433',1,243689,'ChrisDavis.jpg','','',0,'2013-12-12 03:20:33',1,1,'2013-12-11 06:03:44',1,1,0,'png',1)
 ,(9,2,'DamienPassmore.png','711386818450',1,202499,'DamienPassmore.png','','',0,'2013-12-12 03:20:50',1,1,'2013-12-11 16:56:24',1,1,0,'png',1)
 ,(8,5,'ChrisDavis.png','191387041778',1,229327,'ChrisDavis.jpg','','',0,'2013-12-14 17:22:58',1,1,'2013-12-11 06:03:44',1,1,0,'png',1)
 ,(9,3,'DamienPassmore.png','141387041791',1,189052,'DamienPassmore.png','','',0,'2013-12-14 17:23:11',1,1,'2013-12-11 16:56:24',1,1,0,'png',1)
 ,(10,1,'V2_LFS_Photos_with_taglines2.jpg','581387223293',1,339775,'V2_LFS_Photos_with_taglines2.jpg','','',0,'2013-12-16 19:48:13',1,1,'2013-12-16 19:48:13',1,1,0,'jpg',1)
 ,(11,1,'V2_LFS_Photos_with_taglines6.jpg','511387223298',1,859716,'V2_LFS_Photos_with_taglines6.jpg','','',1,'2013-12-16 19:48:18',1,1,'2013-12-16 19:48:18',1,1,0,'jpg',1)
 ,(12,1,'V2_LFS_Photos_with_taglines7.jpg','931387223302',1,679780,'V2_LFS_Photos_with_taglines7.jpg','','',1,'2013-12-16 19:48:22',1,1,'2013-12-16 19:48:22',1,1,0,'jpg',1)
 ,(13,1,'V2_LFS_Photos_with_taglines9.jpg','371387223304',1,233704,'V2_LFS_Photos_with_taglines9.jpg','','',0,'2013-12-16 19:48:24',1,1,'2013-12-16 19:48:24',1,1,0,'jpg',1)
 ,(10,2,'V2_LFS_Photos_with_taglines2.jpg','251387223535',1,159923,'V2_LFS_Photos_with_taglines2.jpg','','',1,'2013-12-16 19:52:15',1,1,'2013-12-16 19:48:13',1,1,0,'jpg',1)
 ,(14,1,'V2_LFS_Photos_with_taglines10.jpg','181387223306',1,447277,'V2_LFS_Photos_with_taglines10.jpg','','',1,'2013-12-16 19:48:26',1,1,'2013-12-16 19:48:26',1,1,0,'jpg',1)
 ,(15,1,'V2_LFS_Photos_with_taglines14.jpg','521387223308',1,278491,'V2_LFS_Photos_with_taglines14.jpg','','',0,'2013-12-16 19:48:28',1,1,'2013-12-16 19:48:28',1,1,0,'jpg',1)
 ,(15,2,'V2_LFS_Photos_with_taglines14.jpg','731387223383',1,164246,'V2_LFS_Photos_with_taglines14.jpg','','',1,'2013-12-16 19:49:43',1,1,'2013-12-16 19:48:28',1,1,0,'jpg',1)
 ,(13,2,'V2_LFS_Photos_with_taglines9.jpg','721387223432',1,134425,'V2_LFS_Photos_with_taglines9.jpg','','',1,'2013-12-16 19:50:32',1,1,'2013-12-16 19:48:24',1,1,0,'jpg',1)
 ,(9,4,'DamienPassmore.png','101387223824',1,189684,'DamienPassmore.png','','',1,'2013-12-16 19:57:04',1,1,'2013-12-11 16:56:24',1,1,0,'png',1)
 ,(8,6,'ChrisDavis.png','901387223839',1,229907,'ChrisDavis.jpg','','',1,'2013-12-16 19:57:19',1,1,'2013-12-11 06:03:44',1,1,0,'png',1)
 ,(18,2,'Unkown-02.png','891387223889',1,220762,'Unkown-02.png','','',1,'2013-12-16 19:58:09',1,1,'2013-12-16 19:53:02',1,1,0,'png',1);

DROP TABLE IF EXISTS Files;

CREATE TABLE IF NOT EXISTS `Files` (
  `fID` int(10) unsigned NOT NULL AUTO_INCREMENT,
  `fDateAdded` datetime DEFAULT NULL,
  `uID` int(10) unsigned NOT NULL DEFAULT '0',
  `fslID` int(10) unsigned NOT NULL DEFAULT '0',
  `ocID` int(10) unsigned NOT NULL DEFAULT '0',
  `fOverrideSetPermissions` int(1) NOT NULL DEFAULT '0',
  `fPassword` varchar(255) DEFAULT NULL,
  PRIMARY KEY (`fID`,`uID`,`fslID`),
  KEY `fOverrideSetPermissions` (`fOverrideSetPermissions`)
) ENGINE=InnoDB AUTO_INCREMENT=19 DEFAULT CHARSET=utf8;

INSERT INTO Files VALUES(8,'2013-12-11 06:03:44',1,0,0,0,NULL)
 ,(9,'2013-12-11 16:56:24',1,0,0,0,NULL)
 ,(10,'2013-12-16 19:48:13',1,0,0,0,NULL)
 ,(11,'2013-12-16 19:48:18',1,0,0,0,NULL)
 ,(12,'2013-12-16 19:48:22',1,0,0,0,NULL)
 ,(13,'2013-12-16 19:48:24',1,0,0,0,NULL)
 ,(14,'2013-12-16 19:48:26',1,0,0,0,NULL)
 ,(15,'2013-12-16 19:48:28',1,0,0,0,NULL)
 ,(16,'2013-12-16 19:52:58',1,0,0,0,NULL)
 ,(17,'2013-12-16 19:53:00',1,0,0,0,NULL)
 ,(18,'2013-12-16 19:53:02',1,0,0,0,NULL);

DROP TABLE IF EXISTS GroupSetGroups;

CREATE TABLE IF NOT EXISTS `GroupSetGroups` (
  `gID` int(10) unsigned NOT NULL DEFAULT '0',
  `gsID` int(10) unsigned NOT NULL DEFAULT '0',
  PRIMARY KEY (`gID`,`gsID`)
) ENGINE=InnoDB DEFAULT CHARSET=utf8;



DROP TABLE IF EXISTS GroupSets;

CREATE TABLE IF NOT EXISTS `GroupSets` (
  `gsID` int(10) unsigned NOT NULL AUTO_INCREMENT,
  `gsName` varchar(255) DEFAULT NULL,
  `pkgID` int(10) unsigned NOT NULL DEFAULT '0',
  PRIMARY KEY (`gsID`)
) ENGINE=InnoDB DEFAULT CHARSET=utf8;



DROP TABLE IF EXISTS Groups;

CREATE TABLE IF NOT EXISTS `Groups` (
  `gID` int(10) unsigned NOT NULL AUTO_INCREMENT,
  `gName` varchar(128) NOT NULL,
  `gDescription` varchar(255) NOT NULL,
  `gUserExpirationIsEnabled` int(1) NOT NULL DEFAULT '0',
  `gUserExpirationMethod` varchar(12) DEFAULT NULL,
  `gUserExpirationSetDateTime` datetime DEFAULT NULL,
  `gUserExpirationInterval` int(10) unsigned NOT NULL DEFAULT '0',
  `gUserExpirationAction` varchar(20) DEFAULT NULL,
  PRIMARY KEY (`gID`),
  UNIQUE KEY `gName` (`gName`)
) ENGINE=InnoDB AUTO_INCREMENT=4 DEFAULT CHARSET=utf8;

INSERT INTO Groups VALUES(1,'Guest','The guest group represents unregistered visitors to your site.',0,NULL,NULL,0,NULL)
 ,(2,'Registered Users','The registered users group represents all user accounts.',0,NULL,NULL,0,NULL)
 ,(3,'Administrators','',0,NULL,NULL,0,NULL);

DROP TABLE IF EXISTS JobSetJobs;

CREATE TABLE IF NOT EXISTS `JobSetJobs` (
  `jsID` int(10) unsigned NOT NULL DEFAULT '0',
  `jID` int(10) unsigned NOT NULL DEFAULT '0',
  `jRunOrder` int(10) unsigned NOT NULL DEFAULT '0',
  PRIMARY KEY (`jsID`,`jID`)
) ENGINE=InnoDB DEFAULT CHARSET=utf8;

INSERT INTO JobSetJobs VALUES(1,1,0)
 ,(1,3,0)
 ,(1,4,0)
 ,(1,5,0);

DROP TABLE IF EXISTS JobSets;

CREATE TABLE IF NOT EXISTS `JobSets` (
  `jsID` int(10) unsigned NOT NULL AUTO_INCREMENT,
  `jsName` varchar(128) NOT NULL,
  `pkgID` int(10) unsigned NOT NULL DEFAULT '0',
  `jDateLastRun` datetime DEFAULT NULL,
  `isScheduled` smallint(1) NOT NULL DEFAULT '0',
  `scheduledInterval` varchar(255) NOT NULL DEFAULT 'days',
  `scheduledValue` int(10) NOT NULL DEFAULT '0',
  PRIMARY KEY (`jsID`)
) ENGINE=InnoDB AUTO_INCREMENT=2 DEFAULT CHARSET=utf8;

INSERT INTO JobSets VALUES(1,'Default',0,NULL,0,'days',0);

DROP TABLE IF EXISTS Jobs;

CREATE TABLE IF NOT EXISTS `Jobs` (
  `jID` int(10) unsigned NOT NULL AUTO_INCREMENT,
  `jName` varchar(100) NOT NULL,
  `jDescription` varchar(255) NOT NULL,
  `jDateInstalled` datetime DEFAULT NULL,
  `jDateLastRun` datetime DEFAULT NULL,
  `pkgID` int(10) unsigned NOT NULL DEFAULT '0',
  `jLastStatusText` varchar(255) DEFAULT NULL,
  `jLastStatusCode` smallint(4) NOT NULL DEFAULT '0',
  `jStatus` varchar(14) NOT NULL DEFAULT 'ENABLED',
  `jHandle` varchar(255) NOT NULL,
  `jNotUninstallable` smallint(4) NOT NULL DEFAULT '0',
  `isScheduled` smallint(1) NOT NULL DEFAULT '0',
  `scheduledInterval` varchar(255) NOT NULL DEFAULT 'days',
  `scheduledValue` int(10) NOT NULL DEFAULT '0',
  PRIMARY KEY (`jID`)
) ENGINE=InnoDB AUTO_INCREMENT=6 DEFAULT CHARSET=utf8;

INSERT INTO Jobs VALUES(1,'Index Search Engine - Updates','Index the site to allow searching to work quickly and accurately. Only reindexes pages that have changed since last indexing.','2013-11-22 09:17:27',NULL,0,NULL,0,'ENABLED','index_search',1,0,'days',0)
 ,(2,'Index Search Engine - All','Empties the page search index and reindexes all pages.','2013-11-22 09:17:27',NULL,0,NULL,0,'ENABLED','index_search_all',1,0,'days',0)
 ,(3,'Generate the sitemap.xml file','Generate the sitemap.xml file that search engines use to crawl your site.','2013-11-22 09:17:27',NULL,0,NULL,0,'ENABLED','generate_sitemap',0,0,'days',0)
 ,(4,'Process Email Posts','Polls an email account and grabs private messages/postings that are sent there..','2013-11-22 09:17:27',NULL,0,NULL,0,'ENABLED','process_email',0,0,'days',0)
 ,(5,'Remove Old Page Versions','Removes all except the 10 most recent page versions for each page.','2013-11-22 09:17:27',NULL,0,NULL,0,'ENABLED','remove_old_page_versions',0,0,'days',0);

DROP TABLE IF EXISTS JobsLog;

CREATE TABLE IF NOT EXISTS `JobsLog` (
  `jlID` int(10) unsigned NOT NULL AUTO_INCREMENT,
  `jID` int(10) unsigned NOT NULL,
  `jlMessage` varchar(255) NOT NULL,
  `jlTimestamp` timestamp NOT NULL DEFAULT CURRENT_TIMESTAMP ON UPDATE CURRENT_TIMESTAMP,
  `jlError` int(10) NOT NULL DEFAULT '0',
  PRIMARY KEY (`jlID`)
) ENGINE=InnoDB DEFAULT CHARSET=utf8;



DROP TABLE IF EXISTS LayoutPresets;

CREATE TABLE IF NOT EXISTS `LayoutPresets` (
  `lpID` int(10) unsigned NOT NULL AUTO_INCREMENT,
  `lpName` varchar(128) NOT NULL,
  `layoutID` int(10) unsigned NOT NULL DEFAULT '0',
  PRIMARY KEY (`lpID`),
  UNIQUE KEY `layoutID` (`layoutID`)
) ENGINE=InnoDB DEFAULT CHARSET=utf8;



DROP TABLE IF EXISTS Layouts;

CREATE TABLE IF NOT EXISTS `Layouts` (
  `layoutID` int(10) unsigned NOT NULL AUTO_INCREMENT,
  `layout_rows` int(5) NOT NULL DEFAULT '3',
  `layout_columns` int(3) NOT NULL DEFAULT '3',
  `spacing` int(3) NOT NULL DEFAULT '3',
  `breakpoints` varchar(255) NOT NULL DEFAULT '',
  `locked` tinyint(1) NOT NULL DEFAULT '0',
  PRIMARY KEY (`layoutID`)
) ENGINE=InnoDB DEFAULT CHARSET=utf8;



DROP TABLE IF EXISTS Logs;

CREATE TABLE IF NOT EXISTS `Logs` (
  `logID` int(10) unsigned NOT NULL AUTO_INCREMENT,
  `logType` varchar(64) NOT NULL,
  `timestamp` timestamp NOT NULL DEFAULT CURRENT_TIMESTAMP ON UPDATE CURRENT_TIMESTAMP,
  `logText` longtext,
  `logUserID` int(10) unsigned DEFAULT NULL,
  `logIsInternal` tinyint(1) NOT NULL DEFAULT '0',
  PRIMARY KEY (`logID`),
  KEY `logType` (`logType`),
  KEY `logIsInternal` (`logIsInternal`)
) ENGINE=InnoDB AUTO_INCREMENT=122 DEFAULT CHARSET=utf8;

INSERT INTO Logs VALUES(104,'debug','2013-12-11 17:09:38','AJAX\',\'Hello Worlds\',\'Chris Davis\',\'Hi I am Chris Davis....\',\'ChrisDavis.jpg\',\'ChrisDavis\',\'\',\'\',\'\',\'\',\'1\',\'\',\'1\',\'submit\n',1,0)
 ,(105,'debug','2013-12-11 17:09:38','Saving data\n',1,0)
 ,(106,'debug','2013-12-12 02:51:18','AJAX\',\'Hello Worlds\',\'Chris Davis\',\'Hi I am Chris Davis....\',\'ChrisDavis.png\',\'ChrisDavis\',\'\',\'\',\'\',\'\',\'1\',\'\',\'1\',\'submit\n',1,0)
 ,(107,'debug','2013-12-12 02:51:18','Saving data\n',1,0)
 ,(108,'debug','2013-12-12 03:55:30','AJAX\',\'Hello Worlds\',\'Chris Davis\',\'Hi I am Chris Davis....\',\'ChrisDavis.png\',\'ChrisDavis\',\'Damien Passmore\',\'Hi I\'m Damien\',\'DamienPassmore.png\',\'DamienPassmore\',\'1\',\'\',\'1\',\'submit\n',1,0)
 ,(109,'debug','2013-12-12 03:55:30','Saving data\n',1,0)
 ,(110,'debug','2013-12-12 03:55:30','Saving data\n',1,0)
 ,(111,'debug','2013-12-16 19:55:10','AJAX\',\'Hello Worlds\',\'Chris Davis\',\'Senior Risk Adviser Chris Davis is head of the risk management team at Lawler Financial Services. &lt;h5&gt;Click again more information&lt;/h5&gt;\',\'ChrisDavis.png\',\'Chris-Davis\',\'Damien Passmore\',\'Damien is an Authorised Financial Adviser and a Member of the Institute of Chartered Accountants in Australia who specialises in wealth creation across all entities. He has extensive experience as a financial adviser, having practiced in accounting, superannuation and related fields since 1991. Qualified through SPAA as a Specialist Advisor, he provides strategic and investment advice to a wide range of clients. \',\'DamienPassmore.png\',\'DamienPassmore\',\'Mark Arnold\',\'Director and Financial Adviser Mark Arnold has been providing financial advice since 1988 and his more than 25 years experience in accounting, taxation and other financial services disciplines has earned him respect in the industry. He is regularly invited to present at seminars on financial planning for CPA Australia and frequently quoted on financial matters in the media.\',\'Mark_Arnold.png\',\'MarkArnold\',\'1\',\'\',\'1\',\'submit\n',1,0)
 ,(112,'debug','2013-12-16 19:55:10','Saving data\n',1,0)
 ,(113,'debug','2013-12-16 19:55:10','Saving data\n',1,0)
 ,(114,'debug','2013-12-16 19:55:10','Saving data\n',1,0)
 ,(115,'debug','2013-12-16 19:57:46','AJAX\',\'Hello Worlds\',\'Chris Davis\',\'Senior Risk Adviser Chris Davis is head of the risk management team at Lawler Financial Services. &lt;h5&gt;Click again more information&lt;/h5&gt;\',\'ChrisDavis.png\',\'Chris-Davis\',\'Damien Passmore\',\'Damien is an Authorised Financial Adviser and a Member of the Institute of Chartered Accountants in Australia who specialises in wealth creation across all entities. He has extensive experience as a financial adviser, having practiced in accounting, superannuation and related fields since 1991. Qualified through SPAA as a Specialist Advisor, he provides strategic and investment advice to a wide range of clients. \',\'DamienPassmore.png\',\'DamienPassmore\',\'Mark Arnold\',\'Director and Financial Adviser Mark Arnold has been providing financial advice since 1988 and his more than 25 years experience in accounting, taxation and other financial services disciplines has earned him respect in the industry. He is regularly invited to present at seminars on financial planning for CPA Australia and frequently quoted on financial matters in the media.\',\'Mark_Arnold.png\',\'MarkArnold\',\'Unknown_02\',\'\',\'Unkown-02.png\',\'\',\'1\',\'\',\'1\',\'submit\n',1,0)
 ,(116,'debug','2013-12-16 19:57:46','Saving data\n',1,0)
 ,(117,'debug','2013-12-16 19:57:46','Saving data\n',1,0)
 ,(118,'debug','2013-12-16 19:57:46','Saving data\n',1,0)
 ,(119,'debug','2013-12-16 19:57:46','Saving data\n',1,0)
 ,(120,'exceptions','2014-01-01 23:16:34','Mail Exception Occurred. Unable to send mail: Unable to send mail. \n#0 /var/www/lawlerfs.com.au/concrete/libraries/3rdparty/Zend/Mail/Transport/Abstract.php(348): Zend_Mail_Transport_Sendmail-&gt;_sendMail()\n#1 /var/www/lawlerfs.com.au/concrete/libraries/3rdparty/Zend/Mail.php(1194): Zend_Mail_Transport_Abstract-&gt;send(Object(Zend_Mail))\n#2 /var/www/lawlerfs.com.au/concrete/core/helpers/mail.php(349): Zend_Mail-&gt;send(NULL)\n#3 /var/www/lawlerfs.com.au/concrete/core/controllers/single_pages/login.php(484): Concrete5_Helper_Mail-&gt;sendMail()\n#4 [internal function]: Concrete5_Controller_Login-&gt;forgot_password()\n#5 /var/www/lawlerfs.com.au/concrete/core/libraries/controller.php(264): call_user_func_array(Array, Array)\n#6 /var/www/lawlerfs.com.au/concrete/core/libraries/controller.php(234): Concrete5_Library_Controller-&gt;runTask(\'forgot_password\', Array)\n#7 /var/www/lawlerfs.com.au/concrete/core/libraries/view.php(783): Concrete5_Library_Controller-&gt;setupAndRun()\n#8 /var/www/lawlerfs.com.au/concrete/dispatcher.php(264): Concrete5_Library_View-&gt;render(Object(Page))\n#9 /var/www/lawlerfs.com.au/index.php(2): require(\'/var/www/lawler...\')\n#10 {main}\nTemplate Used: forgot_password\nTo: maritz.hans@gmail.com\nFrom: &quot;Forgot Password&quot; &lt;maritz.hans@gmail.com&gt;\nSubject: Forgot Password\nBody: \n\nDear admin,\n\nYou have requested a new password for the site Lawler \n\nYour username is: admin\n\nYou may change your password at the following address:\n\nhttp://54.252.111.62/lawlerfs.com.au/index.php/login/change_password/7qrQOcH8cRv8/\n\nThanks for browsing the site!\n\n\n',NULL,1)
 ,(121,'sent_emails','2014-01-01 23:16:34','**EMAILS ARE ENABLED. THIS EMAIL WAS SENT TO mail()**\nTemplate Used: forgot_password\nTo: maritz.hans@gmail.com\nFrom: &quot;Forgot Password&quot; &lt;maritz.hans@gmail.com&gt;\nSubject: Forgot Password\nBody: \n\nDear admin,\n\nYou have requested a new password for the site Lawler \n\nYour username is: admin\n\nYou may change your password at the following address:\n\nhttp://54.252.111.62/lawlerfs.com.au/index.php/login/change_password/7qrQOcH8cRv8/\n\nThanks for browsing the site!\n\n\n',NULL,1);

DROP TABLE IF EXISTS MailImporters;

CREATE TABLE IF NOT EXISTS `MailImporters` (
  `miID` int(10) unsigned NOT NULL AUTO_INCREMENT,
  `miHandle` varchar(64) NOT NULL,
  `miServer` varchar(255) DEFAULT NULL,
  `miUsername` varchar(255) DEFAULT NULL,
  `miPassword` varchar(255) DEFAULT NULL,
  `miEncryption` varchar(32) DEFAULT NULL,
  `miIsEnabled` int(1) NOT NULL DEFAULT '0',
  `miEmail` varchar(255) DEFAULT NULL,
  `miPort` int(10) unsigned NOT NULL DEFAULT '0',
  `pkgID` int(10) unsigned DEFAULT NULL,
  `miConnectionMethod` varchar(8) DEFAULT 'POP',
  PRIMARY KEY (`miID`)
) ENGINE=InnoDB AUTO_INCREMENT=2 DEFAULT CHARSET=utf8;

INSERT INTO MailImporters VALUES(1,'private_message',NULL,NULL,NULL,NULL,0,NULL,0,0,'POP');

DROP TABLE IF EXISTS MailValidationHashes;

CREATE TABLE IF NOT EXISTS `MailValidationHashes` (
  `mvhID` int(10) unsigned NOT NULL AUTO_INCREMENT,
  `miID` int(10) unsigned NOT NULL DEFAULT '0',
  `email` varchar(255) NOT NULL,
  `mHash` varchar(128) NOT NULL,
  `mDateGenerated` int(10) unsigned NOT NULL DEFAULT '0',
  `mDateRedeemed` int(10) unsigned NOT NULL DEFAULT '0',
  `data` text,
  PRIMARY KEY (`mvhID`)
) ENGINE=InnoDB DEFAULT CHARSET=utf8;



DROP TABLE IF EXISTS Packages;

CREATE TABLE IF NOT EXISTS `Packages` (
  `pkgID` int(10) unsigned NOT NULL AUTO_INCREMENT,
  `pkgName` varchar(255) NOT NULL,
  `pkgHandle` varchar(64) NOT NULL,
  `pkgDescription` text,
  `pkgDateInstalled` datetime NOT NULL,
  `pkgIsInstalled` tinyint(1) NOT NULL DEFAULT '1',
  `pkgVersion` varchar(32) DEFAULT NULL,
  `pkgAvailableVersion` varchar(32) DEFAULT NULL,
  PRIMARY KEY (`pkgID`),
  UNIQUE KEY `pkgHandle` (`pkgHandle`)
) ENGINE=InnoDB DEFAULT CHARSET=utf8;



DROP TABLE IF EXISTS PagePaths;

CREATE TABLE IF NOT EXISTS `PagePaths` (
  `ppID` int(10) unsigned NOT NULL AUTO_INCREMENT,
  `cID` int(10) unsigned DEFAULT '0',
  `cPath` text,
  `ppIsCanonical` varchar(1) NOT NULL DEFAULT '1',
  PRIMARY KEY (`ppID`),
  KEY `cID` (`cID`),
  KEY `ppIsCanonical` (`ppIsCanonical`)
) ENGINE=InnoDB AUTO_INCREMENT=159 DEFAULT CHARSET=utf8;

INSERT INTO PagePaths VALUES(1,2,'/dashboard','1')
 ,(2,3,'/dashboard/composer','1')
 ,(3,4,'/dashboard/composer/write','1')
 ,(4,5,'/dashboard/composer/drafts','1')
 ,(5,6,'/dashboard/sitemap','1')
 ,(6,7,'/dashboard/sitemap/full','1')
 ,(7,8,'/dashboard/sitemap/explore','1')
 ,(8,9,'/dashboard/sitemap/search','1')
 ,(9,10,'/dashboard/files','1')
 ,(10,11,'/dashboard/files/search','1')
 ,(11,12,'/dashboard/files/attributes','1')
 ,(12,13,'/dashboard/files/sets','1')
 ,(13,14,'/dashboard/files/add_set','1')
 ,(14,15,'/dashboard/users','1')
 ,(15,16,'/dashboard/users/search','1')
 ,(16,17,'/dashboard/users/groups','1')
 ,(17,18,'/dashboard/users/attributes','1')
 ,(18,19,'/dashboard/users/add','1')
 ,(19,20,'/dashboard/users/add_group','1')
 ,(20,21,'/dashboard/users/group_sets','1')
 ,(21,22,'/dashboard/reports','1')
 ,(22,23,'/dashboard/reports/statistics','1')
 ,(23,24,'/dashboard/reports/forms','1')
 ,(24,25,'/dashboard/reports/surveys','1')
 ,(25,26,'/dashboard/reports/logs','1')
 ,(26,27,'/dashboard/pages','1')
 ,(27,28,'/dashboard/pages/themes','1')
 ,(28,29,'/dashboard/pages/themes/add','1')
 ,(29,30,'/dashboard/pages/themes/inspect','1')
 ,(30,31,'/dashboard/pages/themes/customize','1')
 ,(31,32,'/dashboard/pages/types','1')
 ,(32,33,'/dashboard/pages/types/add','1')
 ,(33,34,'/dashboard/pages/attributes','1')
 ,(34,35,'/dashboard/pages/single','1')
 ,(35,36,'/dashboard/workflow','1')
 ,(36,37,'/dashboard/workflow/list','1')
 ,(37,38,'/dashboard/workflow/me','1')
 ,(38,39,'/dashboard/blocks','1')
 ,(39,40,'/dashboard/blocks/stacks','1')
 ,(40,41,'/dashboard/blocks/permissions','1')
 ,(41,42,'/dashboard/blocks/stacks/list','1')
 ,(42,43,'/dashboard/blocks/types','1')
 ,(43,44,'/dashboard/extend','1')
 ,(44,45,'/dashboard/news','1')
 ,(45,46,'/dashboard/extend/install','1')
 ,(46,47,'/dashboard/extend/update','1')
 ,(47,48,'/dashboard/extend/connect','1')
 ,(48,49,'/dashboard/extend/themes','1')
 ,(49,50,'/dashboard/extend/add-ons','1')
 ,(50,51,'/dashboard/system','1')
 ,(51,52,'/dashboard/system/basics','1')
 ,(52,53,'/dashboard/system/basics/site_name','1')
 ,(53,54,'/dashboard/system/basics/icons','1')
 ,(54,55,'/dashboard/system/basics/editor','1')
 ,(55,56,'/dashboard/system/basics/multilingual','1')
 ,(56,57,'/dashboard/system/basics/timezone','1')
 ,(57,58,'/dashboard/system/basics/interface','1')
 ,(58,59,'/dashboard/system/seo','1')
 ,(59,60,'/dashboard/system/seo/urls','1')
 ,(60,61,'/dashboard/system/seo/bulk_seo_tool','1')
 ,(61,62,'/dashboard/system/seo/tracking_codes','1')
 ,(62,63,'/dashboard/system/seo/excluded','1')
 ,(63,64,'/dashboard/system/seo/statistics','1')
 ,(64,65,'/dashboard/system/seo/search_index','1')
 ,(65,66,'/dashboard/system/optimization','1')
 ,(66,67,'/dashboard/system/optimization/cache','1')
 ,(67,68,'/dashboard/system/optimization/clear_cache','1')
 ,(68,69,'/dashboard/system/optimization/jobs','1')
 ,(69,70,'/dashboard/system/permissions','1')
 ,(70,71,'/dashboard/system/permissions/site','1')
 ,(71,72,'/dashboard/system/permissions/files','1')
 ,(72,73,'/dashboard/system/permissions/file_types','1')
 ,(73,74,'/dashboard/system/permissions/tasks','1')
 ,(74,75,'/dashboard/system/permissions/users','1')
 ,(75,76,'/dashboard/system/permissions/advanced','1')
 ,(76,77,'/dashboard/system/permissions/ip_blacklist','1')
 ,(77,78,'/dashboard/system/permissions/captcha','1')
 ,(78,79,'/dashboard/system/permissions/antispam','1')
 ,(79,80,'/dashboard/system/permissions/maintenance_mode','1')
 ,(80,81,'/dashboard/system/registration','1')
 ,(81,82,'/dashboard/system/registration/postlogin','1')
 ,(82,83,'/dashboard/system/registration/profiles','1')
 ,(83,84,'/dashboard/system/registration/public_registration','1')
 ,(84,85,'/dashboard/system/mail','1')
 ,(85,86,'/dashboard/system/mail/method','1')
 ,(86,87,'/dashboard/system/mail/importers','1')
 ,(87,88,'/dashboard/system/attributes','1')
 ,(88,89,'/dashboard/system/attributes/sets','1')
 ,(89,90,'/dashboard/system/attributes/types','1')
 ,(90,91,'/dashboard/system/environment','1')
 ,(91,92,'/dashboard/system/environment/info','1')
 ,(92,93,'/dashboard/system/environment/debug','1')
 ,(93,94,'/dashboard/system/environment/logging','1')
 ,(94,95,'/dashboard/system/environment/file_storage_locations','1')
 ,(95,96,'/dashboard/system/environment/proxy','1')
 ,(96,97,'/dashboard/system/backup_restore','1')
 ,(97,98,'/dashboard/system/backup_restore/backup','1')
 ,(98,99,'/dashboard/system/backup_restore/update','1')
 ,(99,100,'/dashboard/system/backup_restore/database','1')
 ,(100,101,'/dashboard/pages/types/composer','1')
 ,(101,105,'/dashboard/welcome','1')
 ,(102,106,'/dashboard/home','1')
 ,(103,107,'/!drafts','1')
 ,(104,108,'/!trash','1')
 ,(105,109,'/!stacks','1')
 ,(106,110,'/login','1')
 ,(107,111,'/register','1')
 ,(108,112,'/profile','1')
 ,(109,113,'/profile/edit','1')
 ,(110,114,'/profile/avatar','1')
 ,(111,115,'/profile/messages','1')
 ,(112,116,'/profile/friends','1')
 ,(113,117,'/page_not_found','1')
 ,(114,118,'/page_forbidden','1')
 ,(115,119,'/download_file','1')
 ,(116,120,'/members','1')
 ,(118,123,'/!trash/homepage','1')
 ,(135,124,'/services','1')
 ,(139,133,'/!stacks/sitemap','1')
 ,(140,134,'/!stacks/contactus','1')
 ,(141,135,'/!stacks/legals','1')
 ,(153,126,'/contact-us','1')
 ,(154,132,'/todo','1')
 ,(157,125,'/people','1')
 ,(158,130,'/people/chris-davis','1');

DROP TABLE IF EXISTS PagePermissionAssignments;

CREATE TABLE IF NOT EXISTS `PagePermissionAssignments` (
  `cID` int(10) unsigned NOT NULL DEFAULT '0',
  `pkID` int(10) unsigned NOT NULL DEFAULT '0',
  `paID` int(10) unsigned NOT NULL DEFAULT '0',
  PRIMARY KEY (`cID`,`pkID`,`paID`)
) ENGINE=InnoDB DEFAULT CHARSET=utf8;

INSERT INTO PagePermissionAssignments VALUES(1,1,52)
 ,(1,2,53)
 ,(1,3,54)
 ,(1,4,55)
 ,(1,5,56)
 ,(1,6,57)
 ,(1,7,58)
 ,(1,8,59)
 ,(1,9,60)
 ,(1,10,61)
 ,(1,11,62)
 ,(1,12,63)
 ,(1,13,64)
 ,(1,14,65)
 ,(1,15,66)
 ,(1,16,67)
 ,(2,1,18)
 ,(2,2,20)
 ,(2,3,19)
 ,(2,4,25)
 ,(2,5,21)
 ,(2,6,22)
 ,(2,7,27)
 ,(2,8,29)
 ,(2,9,31)
 ,(2,10,28)
 ,(2,11,32)
 ,(2,12,33)
 ,(2,13,23)
 ,(2,14,26)
 ,(2,15,24)
 ,(2,16,30)
 ,(42,1,34)
 ,(42,3,35)
 ,(110,1,38)
 ,(110,3,39)
 ,(111,1,40)
 ,(111,3,41);

DROP TABLE IF EXISTS PagePermissionPageTypeAccessList;

CREATE TABLE IF NOT EXISTS `PagePermissionPageTypeAccessList` (
  `paID` int(10) unsigned NOT NULL DEFAULT '0',
  `peID` int(10) unsigned NOT NULL DEFAULT '0',
  `permission` varchar(1) NOT NULL DEFAULT '1',
  `externalLink` tinyint(1) NOT NULL DEFAULT '0',
  PRIMARY KEY (`paID`,`peID`)
) ENGINE=InnoDB DEFAULT CHARSET=utf8;



DROP TABLE IF EXISTS PagePermissionPageTypeAccessListCustom;

CREATE TABLE IF NOT EXISTS `PagePermissionPageTypeAccessListCustom` (
  `paID` int(10) unsigned NOT NULL DEFAULT '0',
  `peID` int(10) unsigned NOT NULL DEFAULT '0',
  `ctID` int(10) unsigned NOT NULL DEFAULT '0',
  PRIMARY KEY (`paID`,`peID`,`ctID`)
) ENGINE=InnoDB DEFAULT CHARSET=utf8;



DROP TABLE IF EXISTS PagePermissionPropertyAccessList;

CREATE TABLE IF NOT EXISTS `PagePermissionPropertyAccessList` (
  `paID` int(10) unsigned NOT NULL DEFAULT '0',
  `peID` int(10) unsigned NOT NULL DEFAULT '0',
  `name` int(1) unsigned DEFAULT '0',
  `publicDateTime` int(1) unsigned DEFAULT '0',
  `uID` int(1) unsigned DEFAULT '0',
  `description` int(1) unsigned DEFAULT '0',
  `paths` int(1) unsigned DEFAULT '0',
  `attributePermission` varchar(1) NOT NULL DEFAULT '1',
  PRIMARY KEY (`paID`,`peID`)
) ENGINE=InnoDB DEFAULT CHARSET=utf8;



DROP TABLE IF EXISTS PagePermissionPropertyAttributeAccessListCustom;

CREATE TABLE IF NOT EXISTS `PagePermissionPropertyAttributeAccessListCustom` (
  `paID` int(10) unsigned NOT NULL DEFAULT '0',
  `peID` int(10) unsigned NOT NULL DEFAULT '0',
  `akID` int(10) unsigned NOT NULL DEFAULT '0',
  PRIMARY KEY (`paID`,`peID`,`akID`)
) ENGINE=InnoDB DEFAULT CHARSET=utf8;



DROP TABLE IF EXISTS PagePermissionThemeAccessList;

CREATE TABLE IF NOT EXISTS `PagePermissionThemeAccessList` (
  `paID` int(10) unsigned NOT NULL DEFAULT '0',
  `peID` int(10) unsigned NOT NULL DEFAULT '0',
  `permission` varchar(1) NOT NULL DEFAULT '1',
  PRIMARY KEY (`paID`,`peID`)
) ENGINE=InnoDB DEFAULT CHARSET=utf8;



DROP TABLE IF EXISTS PagePermissionThemeAccessListCustom;

CREATE TABLE IF NOT EXISTS `PagePermissionThemeAccessListCustom` (
  `paID` int(10) unsigned NOT NULL DEFAULT '0',
  `peID` int(10) unsigned NOT NULL DEFAULT '0',
  `ptID` int(10) unsigned NOT NULL DEFAULT '0',
  PRIMARY KEY (`paID`,`peID`,`ptID`)
) ENGINE=InnoDB DEFAULT CHARSET=utf8;



DROP TABLE IF EXISTS PageSearchIndex;

CREATE TABLE IF NOT EXISTS `PageSearchIndex` (
  `cID` int(10) unsigned NOT NULL DEFAULT '0',
  `content` text,
  `cName` varchar(255) DEFAULT NULL,
  `cDescription` text,
  `cPath` text,
  `cDatePublic` datetime DEFAULT NULL,
  `cDateLastIndexed` datetime DEFAULT NULL,
  `cDateLastSitemapped` datetime DEFAULT NULL,
  `cRequiresReindex` tinyint(1) unsigned DEFAULT '0',
  PRIMARY KEY (`cID`),
  KEY `cDateLastIndexed` (`cDateLastIndexed`),
  KEY `cDateLastSitemapped` (`cDateLastSitemapped`),
  KEY `cRequiresReindex` (`cRequiresReindex`),
  FULLTEXT KEY `cName` (`cName`),
  FULLTEXT KEY `cDescription` (`cDescription`),
  FULLTEXT KEY `content` (`content`),
  FULLTEXT KEY `content2` (`cName`,`cDescription`,`content`)
) ENGINE=MyISAM DEFAULT CHARSET=utf8;

INSERT INTO PageSearchIndex VALUES(3,'','Composer','Write for your site.','/dashboard/composer','2013-11-22 09:17:29','2013-11-22 09:17:57',NULL,0)
 ,(4,'','Write','','/dashboard/composer/write','2013-11-22 09:17:29','2013-11-22 09:17:57',NULL,0)
 ,(5,'','Drafts','','/dashboard/composer/drafts','2013-11-22 09:17:30','2013-11-22 09:17:57',NULL,0)
 ,(6,'','Sitemap','Whole world at a glance.','/dashboard/sitemap','2013-11-22 09:17:30','2013-11-22 09:17:58',NULL,0)
 ,(7,'','Full Sitemap','','/dashboard/sitemap/full','2013-11-22 09:17:30','2013-11-22 09:17:58',NULL,0)
 ,(8,'','Flat View','','/dashboard/sitemap/explore','2013-11-22 09:17:30','2013-11-22 09:17:58',NULL,0)
 ,(9,'','Page Search','','/dashboard/sitemap/search','2013-11-22 09:17:31','2013-11-22 09:17:58',NULL,0)
 ,(11,'','File Manager','','/dashboard/files/search','2013-11-22 09:17:31','2013-11-22 09:17:58',NULL,0)
 ,(12,'','Attributes','','/dashboard/files/attributes','2013-11-22 09:17:31','2013-11-22 09:17:59',NULL,0)
 ,(13,'','File Sets','','/dashboard/files/sets','2013-11-22 09:17:31','2013-11-22 09:17:59',NULL,0)
 ,(14,'','Add File Set','','/dashboard/files/add_set','2013-11-22 09:17:32','2013-11-22 09:17:59',NULL,0)
 ,(15,'','Members','Add and manage the user accounts and groups on your website.','/dashboard/users','2013-11-22 09:17:32','2013-11-22 09:17:59',NULL,0)
 ,(16,'','Search Users','','/dashboard/users/search','2013-11-22 09:17:32','2013-11-22 09:17:59',NULL,0)
 ,(17,'','User Groups','','/dashboard/users/groups','2013-11-22 09:17:32','2013-11-22 09:18:00',NULL,0)
 ,(18,'','Attributes','','/dashboard/users/attributes','2013-11-22 09:17:33','2013-11-22 09:18:00',NULL,0)
 ,(19,'','Add User','','/dashboard/users/add','2013-11-22 09:17:33','2013-11-22 09:18:00',NULL,0)
 ,(20,'','Add Group','','/dashboard/users/add_group','2013-11-22 09:17:33','2013-11-22 09:18:01',NULL,0)
 ,(21,'','Group Sets','','/dashboard/users/group_sets','2013-11-22 09:17:33','2013-11-22 09:18:01',NULL,0)
 ,(22,'','Reports','Get data from forms and logs.','/dashboard/reports','2013-11-22 09:17:34','2013-11-22 09:18:01',NULL,0)
 ,(23,'','Statistics','View your site activity.','/dashboard/reports/statistics','2013-11-22 09:17:34','2013-11-22 09:18:01',NULL,0)
 ,(24,'','Form Results','Get submission data.','/dashboard/reports/forms','2013-11-22 09:17:34','2013-11-22 09:18:01',NULL,0)
 ,(25,'','Surveys','','/dashboard/reports/surveys','2013-11-22 09:17:35','2013-11-22 09:18:02',NULL,0)
 ,(26,'','Logs','','/dashboard/reports/logs','2013-11-22 09:17:35','2013-11-22 09:18:02',NULL,0)
 ,(28,'','Themes','Reskin your site.','/dashboard/pages/themes','2013-11-22 09:17:35','2013-11-22 09:18:02',NULL,0)
 ,(29,'','Add','','/dashboard/pages/themes/add','2013-11-22 09:17:35','2013-11-22 09:18:02',NULL,0)
 ,(30,'','Inspect','','/dashboard/pages/themes/inspect','2013-11-22 09:17:36','2013-11-22 09:18:02',NULL,0)
 ,(31,'','Customize','','/dashboard/pages/themes/customize','2013-11-22 09:17:36','2013-11-22 09:18:02',NULL,0)
 ,(32,'','Page Types','What goes in your site.','/dashboard/pages/types','2013-11-22 09:17:36','2013-11-22 09:18:02',NULL,0)
 ,(34,'','Attributes','','/dashboard/pages/attributes','2013-11-22 09:17:37','2013-11-22 09:18:03',NULL,0)
 ,(35,'','Single Pages','','/dashboard/pages/single','2013-11-22 09:17:37','2013-11-22 09:18:03',NULL,0)
 ,(36,'','Workflow','','/dashboard/workflow','2013-11-22 09:17:37','2013-11-22 09:18:03',NULL,0)
 ,(37,'','Workflow List','','/dashboard/workflow/list','2013-11-22 09:17:38','2013-11-22 09:18:03',NULL,0)
 ,(38,'','Waiting for Me','','/dashboard/workflow/me','2013-11-22 09:17:38','2013-11-22 09:18:03',NULL,0)
 ,(40,'','Stacks','Share content across your site.','/dashboard/blocks/stacks','2013-11-22 09:17:38','2013-11-22 09:18:03',NULL,0)
 ,(41,'','Block & Stack Permissions','Control who can add blocks and stacks on your site.','/dashboard/blocks/permissions','2013-11-22 09:17:39','2013-11-22 09:18:04',NULL,0)
 ,(42,'','Stack List','','/dashboard/blocks/stacks/list','2013-11-22 09:17:39','2013-11-22 09:18:04',NULL,0)
 ,(43,'','Block Types','Manage the installed block types in your site.','/dashboard/blocks/types','2013-11-22 09:17:40','2013-11-22 09:18:04',NULL,0)
 ,(44,'','Extend concrete5','Connect to the concrete5 marketplace, install custom add-ons, and download updates for marketplace add-ons and themes.','/dashboard/extend','2013-11-22 09:17:40','2013-11-22 09:18:04',NULL,0)
 ,(45,'','Dashboard','','/dashboard/news','2013-11-22 09:17:40','2013-11-22 09:18:04',NULL,0)
 ,(46,'','Add Functionality','Install add-ons & themes.','/dashboard/extend/install','2013-11-22 09:17:41','2013-11-22 09:18:04',NULL,0)
 ,(47,'','Update Add-Ons','Update your installed packages.','/dashboard/extend/update','2013-11-22 09:17:41','2013-11-22 09:18:04',NULL,0)
 ,(48,'','Connect to the Community','Connect to the concrete5 community.','/dashboard/extend/connect','2013-11-22 09:17:41','2013-11-22 09:18:04',NULL,0)
 ,(49,'','Get More Themes','Download themes from concrete5.org.','/dashboard/extend/themes','2013-11-22 09:17:41','2013-11-22 09:18:04',NULL,0)
 ,(50,'','Get More Add-Ons','Download add-ons from concrete5.org.','/dashboard/extend/add-ons','2013-11-22 09:17:42','2013-11-22 09:18:04',NULL,0)
 ,(51,'','System & Settings','Secure and setup your site.','/dashboard/system','2013-11-22 09:17:42','2013-11-22 09:18:05',NULL,0)
 ,(53,'','Site Name','','/dashboard/system/basics/site_name','2013-11-22 09:17:42','2013-11-22 09:18:05',NULL,0)
 ,(54,'','Bookmark Icons','Bookmark icon and mobile home screen icon setup.','/dashboard/system/basics/icons','2013-11-22 09:17:43','2013-11-22 09:18:05',NULL,0)
 ,(55,'','Rich Text Editor','','/dashboard/system/basics/editor','2013-11-22 09:17:43','2013-11-22 09:18:05',NULL,0)
 ,(56,'','Languages','','/dashboard/system/basics/multilingual','2013-11-22 09:17:43','2013-11-22 09:18:05',NULL,0)
 ,(57,'','Time Zone','','/dashboard/system/basics/timezone','2013-11-22 09:17:43','2013-11-22 09:18:05',NULL,0)
 ,(58,'','Interface Preferences','','/dashboard/system/basics/interface','2013-11-22 09:17:44','2013-11-22 09:18:05',NULL,0)
 ,(60,'','Pretty URLs','','/dashboard/system/seo/urls','2013-11-22 09:17:44','2013-11-22 09:18:05',NULL,0)
 ,(61,'','Bulk SEO Updater','','/dashboard/system/seo/bulk_seo_tool','2013-11-22 09:17:45','2013-11-22 09:18:05',NULL,0)
 ,(62,'','Tracking Codes','','/dashboard/system/seo/tracking_codes','2013-11-22 09:17:45','2013-11-22 09:18:05',NULL,0)
 ,(63,'','Excluded URL Word List','','/dashboard/system/seo/excluded','2013-11-22 09:17:45','2013-11-22 09:18:06',NULL,0)
 ,(64,'','Statistics','','/dashboard/system/seo/statistics','2013-11-22 09:17:45','2013-11-22 09:18:06',NULL,0)
 ,(65,'','Search Index','','/dashboard/system/seo/search_index','2013-11-22 09:17:46','2013-11-22 09:18:06',NULL,0)
 ,(67,'','Cache & Speed Settings','','/dashboard/system/optimization/cache','2013-11-22 09:17:46','2013-11-22 09:18:06',NULL,0)
 ,(68,'','Clear Cache','','/dashboard/system/optimization/clear_cache','2013-11-22 09:17:47','2013-11-22 09:18:06',NULL,0)
 ,(69,'','Automated Jobs','','/dashboard/system/optimization/jobs','2013-11-22 09:17:47','2013-11-22 09:18:06',NULL,0)
 ,(71,'','Site Access','','/dashboard/system/permissions/site','2013-11-22 09:17:48','2013-11-22 09:18:06',NULL,0)
 ,(72,'','File Manager Permissions','','/dashboard/system/permissions/files','2013-11-22 09:17:48','2013-11-22 09:18:06',NULL,0)
 ,(73,'','Allowed File Types','','/dashboard/system/permissions/file_types','2013-11-22 09:17:48','2013-11-22 09:18:06',NULL,0)
 ,(74,'','Task Permissions','','/dashboard/system/permissions/tasks','2013-11-22 09:17:48','2013-11-22 09:18:06',NULL,0)
 ,(77,'','IP Blacklist','','/dashboard/system/permissions/ip_blacklist','2013-11-22 09:17:49','2013-11-22 09:18:06',NULL,0)
 ,(78,'','Captcha Setup','','/dashboard/system/permissions/captcha','2013-11-22 09:17:49','2013-11-22 09:18:07',NULL,0)
 ,(79,'','Spam Control','','/dashboard/system/permissions/antispam','2013-11-22 09:17:50','2013-11-22 09:18:07',NULL,0)
 ,(80,'','Maintenance Mode','','/dashboard/system/permissions/maintenance_mode','2013-11-22 09:17:50','2013-11-22 09:18:07',NULL,0)
 ,(82,'','Login Destination','','/dashboard/system/registration/postlogin','2013-11-22 09:17:51','2013-11-22 09:18:07',NULL,0)
 ,(83,'','Public Profiles','','/dashboard/system/registration/profiles','2013-11-22 09:17:51','2013-11-22 09:18:07',NULL,0)
 ,(84,'','Public Registration','','/dashboard/system/registration/public_registration','2013-11-22 09:17:51','2013-11-22 09:18:07',NULL,0)
 ,(85,'','Email','Control how your site send and processes mail.','/dashboard/system/mail','2013-11-22 09:17:52','2013-11-22 09:18:07',NULL,0)
 ,(86,'','SMTP Method','','/dashboard/system/mail/method','2013-11-22 09:17:52','2013-11-22 09:18:07',NULL,0)
 ,(87,'','Email Importers','','/dashboard/system/mail/importers','2013-11-22 09:17:52','2013-11-22 09:18:07',NULL,0)
 ,(88,'','Attributes','Setup attributes for pages, users, files and more.','/dashboard/system/attributes','2013-11-22 09:17:53','2013-11-22 09:18:07',NULL,0)
 ,(89,'','Sets','Group attributes into sets for easier organization','/dashboard/system/attributes/sets','2013-11-22 09:17:53','2013-11-22 09:18:07',NULL,0)
 ,(90,'','Types','Choose which attribute types are available for different items.','/dashboard/system/attributes/types','2013-11-22 09:17:53','2013-11-22 09:18:08',NULL,0)
 ,(91,NULL,NULL,NULL,NULL,NULL,NULL,NULL,0)
 ,(92,'','Environment Information','','/dashboard/system/environment/info','2013-11-22 09:17:54','2013-11-22 09:18:08',NULL,0)
 ,(93,'','Debug Settings','','/dashboard/system/environment/debug','2013-11-22 09:17:54','2013-11-22 09:18:08',NULL,0)
 ,(94,'','Logging Settings','','/dashboard/system/environment/logging','2013-11-22 09:17:54','2013-11-22 09:18:08',NULL,0)
 ,(95,'','File Storage Locations','','/dashboard/system/environment/file_storage_locations','2013-11-22 09:17:54','2013-11-22 09:18:08',NULL,0)
 ,(96,'','Proxy Server','','/dashboard/system/environment/proxy','2013-11-22 09:17:55','2013-11-22 09:18:08',NULL,0)
 ,(97,'','Backup & Restore','Backup or restore your website.','/dashboard/system/backup_restore','2013-11-22 09:17:55','2013-11-22 09:18:08',NULL,0)
 ,(99,'','Update concrete5','','/dashboard/system/backup_restore/update','2013-11-22 09:17:56','2013-11-22 09:18:08',NULL,0)
 ,(100,'','Database XML','','/dashboard/system/backup_restore/database','2013-11-22 09:17:56','2013-11-22 09:18:08',NULL,0)
 ,(105,'	Welcome to concrete5.\n						It\'s easy to edit content and add pages using in-context editing. \n						 \n							Building Your Own Site\n							 Editing with concrete5 is a breeze. Just point and click to make changes. \n							 \n							 Editor\'s Guide \n							  \n							Developing Applications\n							 If youre comfortable in PHP concrete5 should be a breeze to learn. Take a few moments to understand the architecture. \n							 Developer\'s Guide \n							  \n							Designing Websites\n							 Good with CSS and HTML? You can easily theme anything with concrete5. \n							 \n							 Designer\'s Guide \n							  \n						\n						Business Background\n						 Worried about license structures, white-labeling or why concrete5 is a good choice for your agency? \n						 Executive\'s Guide \n						  ','Welcome to concrete5','Learn about how to use concrete5, how to develop for concrete5, and get general help.','/dashboard/welcome','2013-11-22 09:17:56','2013-11-22 09:18:09',NULL,0)
 ,(106,'','Customize Dashboard Home','','/dashboard/home','2013-11-22 09:17:57','2013-11-22 09:18:10',NULL,0)
 ,(1,' We believe we can make a difference in your personal and financial life. As the leaders in All-of-Life Financial Care we create lifelong financial blueprints - a tailored personal investment strategy leading the way to financial security. Our All-of-Life approach, expert advisers and unique financial strategy converts confusion into knowledge, opportunity into success, and commitment into absolute trust. Give us the opportunity to sit down with you and show you how.  ','Home','',NULL,'2013-11-22 09:17:21','2014-01-01 23:28:53',NULL,0)
 ,(123,'','Homepage','','/homepage','2013-11-22 09:53:00','2013-11-22 09:53:52',NULL,0)
 ,(124,' A Lawler Financial Services investment strategy is unique to your circumstances and aims to suit your lifestyle goals. We focus on your needs and helping you achieve your financial objectives through our tailored financial strategies, comprehensive range of services, educational opportunities and trusted professional partnerships.  ','Services','','/services','2013-11-22 13:43:00','2013-12-09 13:57:36',NULL,0)
 ,(125,' Our team...  ','People','','/people','2013-11-22 13:48:00','2013-12-16 19:57:51',NULL,0)
 ,(126,'  \r\n Newcastle...  ','Contact us','','/contact-us','2013-11-22 13:48:00','2013-12-12 03:34:43',NULL,0)
 ,(130,'Insurance, Estate Planning\r\n Senior Risk Adviser Chris Davis is head of the risk management team at Lawler Financial Services. \r\n Chris completed a Bachelor of Commerce at The University of Newcastle in 1997 and since then has worked in the financial services industry in both Sydney and Newcastle, joining Lawler Financial Services in 2006. He has a Diploma in Financial Planning, is a Life Risk Specialist with the Financial Planning Association of Australia (FPA) and is an authorised representative of Securitor Financial Group Ltd.   \'Appropriate insurance protection forms the foundation for a clients financial future,\' he says, \'and implementing long-term sustainable risk insurance protection forms a critical part of the overall service package that our clients receive.\' \r\n  Chris enjoys spending time with his young family and is a passionate surfer who is often spotted at Merewether Beach. \r\n  \r\nProfessional Snapshot\r\n ASIC authorised representative identification number: 321627 \r\n Authorised by Securitor to provide Financial Services including advice under Securitors licence on the following financial products: \r\n\r\nManaged investments\r\nSuperannuation\r\nPersonal insurance.\r\n\r\n Not authorised to provide advice, services or products (but can provide a referral) in: \r\n\r\nMortgage broking\r\nFinance broking\r\nShares\r\nSelf Managed Superannuation Funds  investment advice only (including advice to establish an SMSF).\r\n\r\n\r\n\r\nContact Information\r\n\r\n(02) 4928 7000\r\n\r\n \r\n  ','Chris Davis','','/people/chris-davis','2013-11-24 16:00:00','2013-11-24 16:29:05',NULL,0)
 ,(132,' Navbar grey on hover. \r\n Services navbar dropdown on hover, goto on click. \r\n LinkedIn on navbar \r\n Homepage section buttons: gray, darker gray on hover. Text: dark grey (same style as cur selected) \r\n Links: purple \r\n Footer: same as old one + securitor with link to disclaimer + privacy policy + legals. Minus top two sections + style of uppermost. \r\n Official font: Dax, Verdana .... \r\n Content div to bottom of viewport \r\n News auto link to new news posts \r\n Use current highlight images on current site. (lawlerfs.com.au) \r\n  \r\n Services: \r\n Current sites services intro. \r\n People: \r\n Spotlight on select + Name and surname under person. Background? White, alpha/ \r\n Person: Individual page for each person. Easily add a person. Convert video for all browsers? \r\n 50%-50% addressx3 (Newcastle sydney tamworth) | gmaps \r\n full width \"Send an enquiry\" + reCaptha + Input Forms (Also config email address to: reception@lawlerfs.com.au) \r\n News page (Dedicated account for news page) \r\n    Navbar grey on hover. \r\n Services navbar dropdown on hover, goto on click. \r\n LinkedIn on navbar \r\n Homepage section buttons: gray, darker gray on hover. Text: dark grey (same style as cur selected) \r\n Links: purple \r\n Footer: same as old one + securitor with link to disclaimer + privacy policy + legals. Minus top two sections + style of uppermost. \r\n Official font: Dax, Verdana .... \r\n Content div to bottom of viewport \r\n News auto link to new news posts \r\n Use current highlight images on current site. (lawlerfs.com.au) \r\n  \r\n Services: \r\n Current sites services intro. \r\n People: \r\n Spotlight on hover + popup on select + Name and surname under person. Background? Solid/image/radial? \r\n Person: Individual page for each person. Easily add a person. Convert video for all browsers? \r\n 50%-50% addressx3 (Newcastle sydney tamworth) | gmaps \r\n full width \"Send an enquiry\" + reCaptha + Input Forms (Also config email address to: reception@lawlerfs.com.au) \r\n News page (Dedicated account for news page) \r\n   ','Todo','','/todo','2013-11-25 08:14:00','2013-12-12 03:51:41',NULL,0)
 ,(133,'','Sitemap',NULL,'/!stacks/sitemap','2013-12-09 14:05:37','2013-12-09 14:07:21',NULL,0)
 ,(134,' Branch: \r\n Tel: \r\n email: \r\n Branch: \r\n Tel: \r\n email:  ','ContactUs',NULL,'/!stacks/contactus','2013-12-09 14:05:37','2013-12-09 14:07:21',NULL,0)
 ,(135,' Disclaimer \r\n   ','Legals',NULL,'/!stacks/legals','2013-12-09 14:05:37','2013-12-09 14:07:21',NULL,0);

DROP TABLE IF EXISTS PageStatistics;

CREATE TABLE IF NOT EXISTS `PageStatistics` (
  `pstID` bigint(20) unsigned NOT NULL AUTO_INCREMENT,
  `cID` int(10) unsigned NOT NULL DEFAULT '0',
  `date` date DEFAULT NULL,
  `timestamp` timestamp NOT NULL DEFAULT CURRENT_TIMESTAMP ON UPDATE CURRENT_TIMESTAMP,
  `uID` int(10) unsigned NOT NULL DEFAULT '0',
  PRIMARY KEY (`pstID`),
  KEY `cID` (`cID`),
  KEY `date` (`date`),
  KEY `uID` (`uID`)
) ENGINE=MyISAM AUTO_INCREMENT=4856 DEFAULT CHARSET=utf8;

INSERT INTO PageStatistics VALUES(1,1,'2013-11-22','2013-11-22 20:20:04',1)
 ,(2,105,'2013-11-22','2013-11-22 20:20:04',1)
 ,(3,2,'2013-11-22','2013-11-22 20:20:21',1)
 ,(4,28,'2013-11-22','2013-11-22 20:20:24',1)
 ,(5,28,'2013-11-22','2013-11-22 20:20:27',1)
 ,(6,30,'2013-11-22','2013-11-22 20:20:27',1)
 ,(7,30,'2013-11-22','2013-11-22 20:20:44',1)
 ,(8,28,'2013-11-22','2013-11-22 20:21:01',1)
 ,(9,28,'2013-11-22','2013-11-22 20:21:05',1)
 ,(10,28,'2013-11-22','2013-11-22 20:21:09',1)
 ,(11,30,'2013-11-22','2013-11-22 20:21:14',1)
 ,(12,28,'2013-11-22','2013-11-22 20:21:18',1)
 ,(13,1,'2013-11-22','2013-11-22 20:21:27',1)
 ,(14,1,'2013-11-22','2013-11-22 20:21:37',1)
 ,(15,1,'2013-11-22','2013-11-22 20:22:16',1)
 ,(16,1,'2013-11-22','2013-11-22 20:39:03',1)
 ,(17,1,'2013-11-22','2013-11-22 20:39:04',1)
 ,(18,1,'2013-11-22','2013-11-22 20:39:10',1)
 ,(19,1,'2013-11-22','2013-11-22 20:39:12',1)
 ,(20,1,'2013-11-22','2013-11-22 20:40:26',1)
 ,(21,1,'2013-11-22','2013-11-22 20:41:17',1)
 ,(22,1,'2013-11-22','2013-11-22 20:41:53',1)
 ,(23,1,'2013-11-22','2013-11-22 20:46:26',1)
 ,(24,2,'2013-11-22','2013-11-22 20:47:51',1)
 ,(25,32,'2013-11-22','2013-11-22 20:48:01',1)
 ,(26,2,'2013-11-22','2013-11-22 20:48:07',1)
 ,(27,28,'2013-11-22','2013-11-22 20:48:09',1)
 ,(28,2,'2013-11-22','2013-11-22 20:48:13',1)
 ,(29,5,'2013-11-22','2013-11-22 20:48:19',1)
 ,(30,2,'2013-11-22','2013-11-22 20:48:24',1)
 ,(31,8,'2013-11-22','2013-11-22 20:48:30',1)
 ,(32,2,'2013-11-22','2013-11-22 20:48:35',1)
 ,(33,4,'2013-11-22','2013-11-22 20:48:36',1)
 ,(34,2,'2013-11-22','2013-11-22 20:48:42',1)
 ,(35,32,'2013-11-22','2013-11-22 20:48:44',1)
 ,(36,33,'2013-11-22','2013-11-22 20:48:46',1)
 ,(37,27,'2013-11-22','2013-11-22 20:50:00',1)
 ,(38,2,'2013-11-22','2013-11-22 20:50:03',1)
 ,(39,28,'2013-11-22','2013-11-22 20:50:07',1)
 ,(40,2,'2013-11-22','2013-11-22 20:50:13',1)
 ,(41,32,'2013-11-22','2013-11-22 20:52:23',1)
 ,(42,33,'2013-11-22','2013-11-22 20:52:26',1)
 ,(43,33,'2013-11-22','2013-11-22 20:52:54',1)
 ,(44,32,'2013-11-22','2013-11-22 20:52:54',1)
 ,(45,101,'2013-11-22','2013-11-22 20:53:02',1)
 ,(46,101,'2013-11-22','2013-11-22 20:53:18',1)
 ,(47,101,'2013-11-22','2013-11-22 20:53:18',1)
 ,(48,27,'2013-11-22','2013-11-22 20:53:21',1)
 ,(49,2,'2013-11-22','2013-11-22 20:53:24',1)
 ,(50,4,'2013-11-22','2013-11-22 20:53:26',1)
 ,(51,4,'2013-11-22','2013-11-22 20:53:26',1)
 ,(52,4,'2013-11-22','2013-11-22 20:53:26',1)
 ,(53,4,'2013-11-22','2013-11-22 20:53:33',1)
 ,(54,4,'2013-11-22','2013-11-22 20:53:40',1)
 ,(55,4,'2013-11-22','2013-11-22 20:53:40',1)
 ,(56,4,'2013-11-22','2013-11-22 20:53:47',1)
 ,(57,4,'2013-11-22','2013-11-22 20:53:50',1)
 ,(58,123,'2013-11-22','2013-11-22 20:53:51',1)
 ,(59,123,'2013-11-22','2013-11-22 20:54:26',1)
 ,(60,1,'2013-11-22','2013-11-22 20:54:54',1)
 ,(61,2,'2013-11-22','2013-11-22 20:57:05',1)
 ,(62,1,'2013-11-22','2013-11-22 20:57:27',1)
 ,(63,1,'2013-11-22','2013-11-22 20:57:29',1)
 ,(64,1,'2013-11-22','2013-11-22 20:57:42',1)
 ,(65,1,'2013-11-22','2013-11-22 20:57:48',1)
 ,(66,1,'2013-11-22','2013-11-22 20:57:51',1)
 ,(67,32,'2013-11-22','2013-11-22 20:58:06',1)
 ,(68,32,'2013-11-22','2013-11-22 20:58:12',1)
 ,(69,32,'2013-11-22','2013-11-22 20:58:22',1)
 ,(70,32,'2013-11-22','2013-11-22 20:58:29',1)
 ,(71,32,'2013-11-22','2013-11-22 20:58:29',1)
 ,(72,1,'2013-11-22','2013-11-22 21:03:22',1)
 ,(73,1,'2013-11-22','2013-11-22 21:03:24',1)
 ,(74,1,'2013-11-22','2013-11-22 21:03:43',1)
 ,(75,1,'2013-11-22','2013-11-22 21:03:46',1)
 ,(76,1,'2013-11-22','2013-11-22 21:04:05',1)
 ,(77,1,'2013-11-22','2013-11-22 21:04:10',1)
 ,(78,1,'2013-11-22','2013-11-22 21:04:13',1)
 ,(79,1,'2013-11-22','2013-11-22 21:04:14',1)
 ,(80,1,'2013-11-22','2013-11-22 21:04:17',1)
 ,(81,1,'2013-11-22','2013-11-22 21:04:18',1)
 ,(82,1,'2013-11-22','2013-11-22 21:04:22',1)
 ,(83,1,'2013-11-22','2013-11-22 21:04:24',1)
 ,(84,1,'2013-11-22','2013-11-22 21:04:25',1)
 ,(85,32,'2013-11-22','2013-11-22 21:04:35',1)
 ,(86,122,'2013-11-22','2013-11-22 21:04:35',1)
 ,(87,32,'2013-11-22','2013-11-22 21:04:45',1)
 ,(88,1,'2013-11-22','2013-11-22 21:05:40',1)
 ,(89,1,'2013-11-22','2013-11-22 21:05:41',1)
 ,(90,2,'2013-11-22','2013-11-22 21:05:44',1)
 ,(91,32,'2013-11-22','2013-11-22 21:05:47',1)
 ,(92,32,'2013-11-22','2013-11-22 21:05:50',1)
 ,(93,32,'2013-11-22','2013-11-22 21:05:57',1)
 ,(94,32,'2013-11-22','2013-11-22 21:05:57',1)
 ,(95,32,'2013-11-22','2013-11-22 21:06:01',1)
 ,(96,122,'2013-11-22','2013-11-22 21:06:01',1)
 ,(97,32,'2013-11-22','2013-11-22 21:06:04',1)
 ,(98,2,'2013-11-22','2013-11-22 21:08:18',1)
 ,(99,51,'2013-11-22','2013-11-22 21:08:25',1)
 ,(100,68,'2013-11-22','2013-11-22 21:08:29',1)
 ,(101,68,'2013-11-22','2013-11-22 21:08:31',1)
 ,(102,68,'2013-11-22','2013-11-22 21:08:31',1)
 ,(103,1,'2013-11-22','2013-11-22 21:08:35',1)
 ,(104,1,'2013-11-22','2013-11-22 21:08:38',1)
 ,(105,1,'2013-11-22','2013-11-22 21:08:41',1)
 ,(106,1,'2013-11-22','2013-11-22 21:08:44',1)
 ,(107,1,'2013-11-22','2013-11-22 21:08:45',1)
 ,(108,1,'2013-11-22','2013-11-22 21:08:50',1)
 ,(109,51,'2013-11-22','2013-11-22 21:08:58',1)
 ,(110,67,'2013-11-22','2013-11-22 21:09:00',1)
 ,(111,67,'2013-11-22','2013-11-22 21:09:11',1)
 ,(112,67,'2013-11-22','2013-11-22 21:09:11',1)
 ,(113,51,'2013-11-22','2013-11-22 21:09:14',1)
 ,(114,1,'2013-11-22','2013-11-22 21:11:44',1)
 ,(115,1,'2013-11-22','2013-11-22 21:11:46',1)
 ,(116,1,'2013-11-22','2013-11-22 21:11:46',1)
 ,(117,1,'2013-11-22','2013-11-22 21:11:46',1)
 ,(118,1,'2013-11-22','2013-11-22 21:11:47',1)
 ,(119,1,'2013-11-22','2013-11-22 21:11:50',1)
 ,(120,68,'2013-11-22','2013-11-22 21:11:59',1)
 ,(121,68,'2013-11-22','2013-11-22 21:12:00',1)
 ,(122,68,'2013-11-22','2013-11-22 21:12:00',1)
 ,(123,1,'2013-11-22','2013-11-22 21:12:03',1)
 ,(124,1,'2013-11-22','2013-11-22 21:12:08',1)
 ,(125,68,'2013-11-22','2013-11-22 21:35:39',1)
 ,(126,68,'2013-11-22','2013-11-22 21:35:40',1)
 ,(127,51,'2013-11-22','2013-11-22 21:35:42',1)
 ,(128,2,'2013-11-22','2013-11-22 21:35:44',1)
 ,(129,2,'2013-11-22','2013-11-22 21:35:45',1)
 ,(130,13,'2013-11-22','2013-11-22 21:35:48',1)
 ,(131,14,'2013-11-22','2013-11-22 21:35:50',1)
 ,(132,14,'2013-11-22','2013-11-22 21:36:06',1)
 ,(133,13,'2013-11-22','2013-11-22 21:36:06',1)
 ,(134,13,'2013-11-22','2013-11-22 21:36:09',1)
 ,(135,2,'2013-11-22','2013-11-22 21:36:14',1)
 ,(136,11,'2013-11-22','2013-11-22 21:36:15',1)
 ,(137,1,'2013-11-22','2013-11-22 21:37:30',1)
 ,(138,1,'2013-11-22','2013-11-22 21:38:04',1)
 ,(139,1,'2013-11-22','2013-11-22 21:38:58',1)
 ,(140,119,'2013-11-22','2013-11-22 21:38:58',1)
 ,(141,119,'2013-11-22','2013-11-22 21:38:58',1)
 ,(142,119,'2013-11-22','2013-11-22 21:38:58',1)
 ,(143,119,'2013-11-22','2013-11-22 21:40:02',0)
 ,(144,119,'2013-11-22','2013-11-22 21:41:29',0)
 ,(145,119,'2013-11-22','2013-11-22 21:43:17',0)
 ,(146,119,'2013-11-22','2013-11-22 21:43:29',0)
 ,(147,119,'2013-11-22','2013-11-22 21:43:55',0)
 ,(148,1,'2013-11-22','2013-11-22 21:48:37',1)
 ,(149,119,'2013-11-22','2013-11-22 21:48:37',1)
 ,(150,119,'2013-11-22','2013-11-22 21:48:37',1)
 ,(151,119,'2013-11-22','2013-11-22 21:48:37',1)
 ,(152,1,'2013-11-22','2013-11-22 21:49:00',1)
 ,(153,119,'2013-11-22','2013-11-22 21:49:01',1)
 ,(154,119,'2013-11-22','2013-11-22 21:49:01',1)
 ,(155,119,'2013-11-22','2013-11-22 21:49:01',1)
 ,(156,1,'2013-11-22','2013-11-22 21:49:12',1)
 ,(157,119,'2013-11-22','2013-11-22 21:49:13',1)
 ,(158,119,'2013-11-22','2013-11-22 21:49:13',1)
 ,(159,119,'2013-11-22','2013-11-22 21:49:13',1)
 ,(160,1,'2013-11-22','2013-11-22 23:29:55',1)
 ,(161,119,'2013-11-22','2013-11-22 23:29:56',1)
 ,(162,119,'2013-11-22','2013-11-22 23:29:56',1)
 ,(163,119,'2013-11-22','2013-11-22 23:29:56',1)
 ,(164,1,'2013-11-23','2013-11-23 00:01:27',1)
 ,(165,119,'2013-11-23','2013-11-23 00:01:27',1)
 ,(166,119,'2013-11-23','2013-11-23 00:01:27',1)
 ,(167,119,'2013-11-23','2013-11-23 00:01:27',1)
 ,(168,1,'2013-11-23','2013-11-23 00:02:03',1)
 ,(169,119,'2013-11-23','2013-11-23 00:02:04',1)
 ,(170,119,'2013-11-23','2013-11-23 00:02:04',1)
 ,(171,119,'2013-11-23','2013-11-23 00:02:04',1)
 ,(172,1,'2013-11-23','2013-11-23 00:02:13',1)
 ,(173,119,'2013-11-23','2013-11-23 00:02:13',1)
 ,(174,119,'2013-11-23','2013-11-23 00:02:13',1)
 ,(175,119,'2013-11-23','2013-11-23 00:02:14',1)
 ,(176,1,'2013-11-23','2013-11-23 00:04:50',1)
 ,(177,119,'2013-11-23','2013-11-23 00:04:50',1)
 ,(178,119,'2013-11-23','2013-11-23 00:04:50',1)
 ,(179,119,'2013-11-23','2013-11-23 00:04:50',1)
 ,(180,1,'2013-11-23','2013-11-23 00:05:39',1)
 ,(181,119,'2013-11-23','2013-11-23 00:05:39',1)
 ,(182,119,'2013-11-23','2013-11-23 00:05:39',1)
 ,(183,119,'2013-11-23','2013-11-23 00:05:39',1)
 ,(184,1,'2013-11-23','2013-11-23 00:05:56',1)
 ,(185,119,'2013-11-23','2013-11-23 00:05:56',1)
 ,(186,119,'2013-11-23','2013-11-23 00:05:56',1)
 ,(187,119,'2013-11-23','2013-11-23 00:05:57',1)
 ,(188,1,'2013-11-23','2013-11-23 00:06:21',1)
 ,(189,119,'2013-11-23','2013-11-23 00:06:21',1)
 ,(190,119,'2013-11-23','2013-11-23 00:06:21',1)
 ,(191,119,'2013-11-23','2013-11-23 00:06:21',1)
 ,(192,1,'2013-11-23','2013-11-23 00:42:43',1)
 ,(193,119,'2013-11-23','2013-11-23 00:42:44',1)
 ,(194,119,'2013-11-23','2013-11-23 00:42:44',1)
 ,(195,119,'2013-11-23','2013-11-23 00:42:44',1)
 ,(196,1,'2013-11-23','2013-11-23 00:42:54',1)
 ,(197,119,'2013-11-23','2013-11-23 00:42:55',1)
 ,(198,119,'2013-11-23','2013-11-23 00:42:55',1)
 ,(199,119,'2013-11-23','2013-11-23 00:42:55',1)
 ,(200,2,'2013-11-23','2013-11-23 00:42:56',1)
 ,(201,4,'2013-11-23','2013-11-23 00:43:00',1)
 ,(202,4,'2013-11-23','2013-11-23 00:43:00',1)
 ,(203,4,'2013-11-23','2013-11-23 00:43:01',1)
 ,(204,4,'2013-11-23','2013-11-23 00:43:08',1)
 ,(205,4,'2013-11-23','2013-11-23 00:43:15',1)
 ,(206,4,'2013-11-23','2013-11-23 00:43:22',1)
 ,(207,4,'2013-11-23','2013-11-23 00:43:35',1)
 ,(208,4,'2013-11-23','2013-11-23 00:43:35',1)
 ,(209,124,'2013-11-23','2013-11-23 00:43:35',1)
 ,(210,119,'2013-11-23','2013-11-23 00:43:36',1)
 ,(211,119,'2013-11-23','2013-11-23 00:43:36',1)
 ,(212,119,'2013-11-23','2013-11-23 00:43:36',1)
 ,(213,1,'2013-11-23','2013-11-23 00:43:42',1)
 ,(214,119,'2013-11-23','2013-11-23 00:43:42',1)
 ,(215,119,'2013-11-23','2013-11-23 00:43:42',1)
 ,(216,119,'2013-11-23','2013-11-23 00:43:42',1)
 ,(217,2,'2013-11-23','2013-11-23 00:48:10',1)
 ,(218,4,'2013-11-23','2013-11-23 00:48:12',1)
 ,(219,4,'2013-11-23','2013-11-23 00:48:12',1)
 ,(220,4,'2013-11-23','2013-11-23 00:48:12',1)
 ,(221,4,'2013-11-23','2013-11-23 00:48:19',1)
 ,(222,4,'2013-11-23','2013-11-23 00:48:24',1)
 ,(223,4,'2013-11-23','2013-11-23 00:48:26',1)
 ,(224,125,'2013-11-23','2013-11-23 00:48:26',1)
 ,(225,119,'2013-11-23','2013-11-23 00:48:27',1)
 ,(226,119,'2013-11-23','2013-11-23 00:48:27',1)
 ,(227,119,'2013-11-23','2013-11-23 00:48:27',1)
 ,(228,2,'2013-11-23','2013-11-23 00:48:35',1)
 ,(229,4,'2013-11-23','2013-11-23 00:48:37',1)
 ,(230,4,'2013-11-23','2013-11-23 00:48:37',1)
 ,(231,4,'2013-11-23','2013-11-23 00:48:37',1)
 ,(232,4,'2013-11-23','2013-11-23 00:48:45',1)
 ,(233,4,'2013-11-23','2013-11-23 00:48:49',1)
 ,(234,4,'2013-11-23','2013-11-23 00:48:49',1)
 ,(235,126,'2013-11-23','2013-11-23 00:48:50',1)
 ,(236,119,'2013-11-23','2013-11-23 00:48:50',1)
 ,(237,119,'2013-11-23','2013-11-23 00:48:51',1)
 ,(238,119,'2013-11-23','2013-11-23 00:48:51',1)
 ,(239,1,'2013-11-23','2013-11-23 00:48:59',1)
 ,(240,119,'2013-11-23','2013-11-23 00:49:00',1)
 ,(241,119,'2013-11-23','2013-11-23 00:49:00',1)
 ,(242,119,'2013-11-23','2013-11-23 00:49:00',1)
 ,(243,124,'2013-11-23','2013-11-23 00:49:01',1)
 ,(244,119,'2013-11-23','2013-11-23 00:49:01',1)
 ,(245,119,'2013-11-23','2013-11-23 00:49:01',1)
 ,(246,119,'2013-11-23','2013-11-23 00:49:01',1)
 ,(247,125,'2013-11-23','2013-11-23 00:49:02',1)
 ,(248,119,'2013-11-23','2013-11-23 00:49:02',1)
 ,(249,119,'2013-11-23','2013-11-23 00:49:02',1)
 ,(250,119,'2013-11-23','2013-11-23 00:49:02',1)
 ,(251,126,'2013-11-23','2013-11-23 00:49:03',1)
 ,(252,119,'2013-11-23','2013-11-23 00:49:03',1)
 ,(253,119,'2013-11-23','2013-11-23 00:49:03',1)
 ,(254,119,'2013-11-23','2013-11-23 00:49:04',1)
 ,(255,1,'2013-11-23','2013-11-23 00:49:04',1)
 ,(256,119,'2013-11-23','2013-11-23 00:49:04',1)
 ,(257,119,'2013-11-23','2013-11-23 00:49:04',1)
 ,(258,119,'2013-11-23','2013-11-23 00:49:05',1)
 ,(259,1,'2013-11-23','2013-11-23 00:50:58',1)
 ,(260,119,'2013-11-23','2013-11-23 00:50:59',1)
 ,(261,119,'2013-11-23','2013-11-23 00:50:59',1)
 ,(262,119,'2013-11-23','2013-11-23 00:50:59',1)
 ,(263,1,'2013-11-23','2013-11-23 00:51:18',1)
 ,(264,119,'2013-11-23','2013-11-23 00:51:18',1)
 ,(265,119,'2013-11-23','2013-11-23 00:51:18',1)
 ,(266,119,'2013-11-23','2013-11-23 00:51:19',1)
 ,(267,124,'2013-11-23','2013-11-23 00:51:21',1)
 ,(268,119,'2013-11-23','2013-11-23 00:51:21',1)
 ,(269,119,'2013-11-23','2013-11-23 00:51:21',1)
 ,(270,119,'2013-11-23','2013-11-23 00:51:22',1)
 ,(271,125,'2013-11-23','2013-11-23 00:51:22',1)
 ,(272,119,'2013-11-23','2013-11-23 00:51:22',1)
 ,(273,119,'2013-11-23','2013-11-23 00:51:22',1)
 ,(274,119,'2013-11-23','2013-11-23 00:51:23',1)
 ,(275,1,'2013-11-23','2013-11-23 00:51:23',1)
 ,(276,119,'2013-11-23','2013-11-23 00:51:24',1)
 ,(277,119,'2013-11-23','2013-11-23 00:51:24',1)
 ,(278,119,'2013-11-23','2013-11-23 00:51:24',1)
 ,(279,1,'2013-11-23','2013-11-23 00:53:47',1)
 ,(280,119,'2013-11-23','2013-11-23 00:53:48',1)
 ,(281,119,'2013-11-23','2013-11-23 00:53:48',1)
 ,(282,119,'2013-11-23','2013-11-23 00:53:48',1)
 ,(283,124,'2013-11-23','2013-11-23 00:53:49',1)
 ,(284,119,'2013-11-23','2013-11-23 00:53:49',1)
 ,(285,119,'2013-11-23','2013-11-23 00:53:49',1)
 ,(286,119,'2013-11-23','2013-11-23 00:53:50',1)
 ,(287,125,'2013-11-23','2013-11-23 00:53:50',1)
 ,(288,119,'2013-11-23','2013-11-23 00:53:50',1)
 ,(289,119,'2013-11-23','2013-11-23 00:53:51',1)
 ,(290,119,'2013-11-23','2013-11-23 00:53:51',1)
 ,(291,126,'2013-11-23','2013-11-23 00:53:52',1)
 ,(292,119,'2013-11-23','2013-11-23 00:53:52',1)
 ,(293,119,'2013-11-23','2013-11-23 00:53:52',1)
 ,(294,119,'2013-11-23','2013-11-23 00:53:52',1)
 ,(295,1,'2013-11-23','2013-11-23 00:53:53',1)
 ,(296,119,'2013-11-23','2013-11-23 00:53:53',1)
 ,(297,119,'2013-11-23','2013-11-23 00:53:53',1)
 ,(298,119,'2013-11-23','2013-11-23 00:53:53',1)
 ,(299,124,'2013-11-23','2013-11-23 00:53:54',1)
 ,(300,119,'2013-11-23','2013-11-23 00:53:54',1)
 ,(301,119,'2013-11-23','2013-11-23 00:53:54',1)
 ,(302,119,'2013-11-23','2013-11-23 00:53:54',1)
 ,(303,125,'2013-11-23','2013-11-23 00:53:55',1)
 ,(304,119,'2013-11-23','2013-11-23 00:53:55',1)
 ,(305,119,'2013-11-23','2013-11-23 00:53:55',1)
 ,(306,119,'2013-11-23','2013-11-23 00:53:55',1)
 ,(307,126,'2013-11-23','2013-11-23 00:53:56',1)
 ,(308,119,'2013-11-23','2013-11-23 00:53:56',1)
 ,(309,119,'2013-11-23','2013-11-23 00:53:56',1)
 ,(310,119,'2013-11-23','2013-11-23 00:53:56',1)
 ,(311,124,'2013-11-23','2013-11-23 00:53:57',1)
 ,(312,119,'2013-11-23','2013-11-23 00:53:57',1)
 ,(313,119,'2013-11-23','2013-11-23 00:53:57',1)
 ,(314,119,'2013-11-23','2013-11-23 00:53:57',1)
 ,(315,1,'2013-11-23','2013-11-23 00:53:58',1)
 ,(316,119,'2013-11-23','2013-11-23 00:53:59',1)
 ,(317,119,'2013-11-23','2013-11-23 00:53:59',1)
 ,(318,119,'2013-11-23','2013-11-23 00:53:59',1)
 ,(319,124,'2013-11-23','2013-11-23 00:54:00',1)
 ,(320,119,'2013-11-23','2013-11-23 00:54:00',1)
 ,(321,119,'2013-11-23','2013-11-23 00:54:00',1)
 ,(322,119,'2013-11-23','2013-11-23 00:54:00',1)
 ,(323,125,'2013-11-23','2013-11-23 00:54:00',1)
 ,(324,119,'2013-11-23','2013-11-23 00:54:01',1)
 ,(325,119,'2013-11-23','2013-11-23 00:54:01',1)
 ,(326,119,'2013-11-23','2013-11-23 00:54:01',1)
 ,(327,126,'2013-11-23','2013-11-23 00:54:01',1)
 ,(328,119,'2013-11-23','2013-11-23 00:54:02',1)
 ,(329,119,'2013-11-23','2013-11-23 00:54:02',1)
 ,(330,119,'2013-11-23','2013-11-23 00:54:02',1)
 ,(331,1,'2013-11-23','2013-11-23 00:54:03',1)
 ,(332,119,'2013-11-23','2013-11-23 00:54:03',1)
 ,(333,119,'2013-11-23','2013-11-23 00:54:03',1)
 ,(334,119,'2013-11-23','2013-11-23 00:54:03',1)
 ,(335,124,'2013-11-23','2013-11-23 00:54:04',1)
 ,(336,119,'2013-11-23','2013-11-23 00:54:04',1)
 ,(337,119,'2013-11-23','2013-11-23 00:54:05',1)
 ,(338,119,'2013-11-23','2013-11-23 00:54:05',1)
 ,(339,1,'2013-11-23','2013-11-23 00:54:06',1)
 ,(340,119,'2013-11-23','2013-11-23 00:54:06',1)
 ,(341,119,'2013-11-23','2013-11-23 00:54:06',1)
 ,(342,119,'2013-11-23','2013-11-23 00:54:06',1)
 ,(343,126,'2013-11-23','2013-11-23 00:54:07',1)
 ,(344,119,'2013-11-23','2013-11-23 00:54:07',1)
 ,(345,119,'2013-11-23','2013-11-23 00:54:07',1)
 ,(346,119,'2013-11-23','2013-11-23 00:54:07',1)
 ,(347,125,'2013-11-23','2013-11-23 00:54:08',1)
 ,(348,119,'2013-11-23','2013-11-23 00:54:08',1)
 ,(349,119,'2013-11-23','2013-11-23 00:54:08',1)
 ,(350,119,'2013-11-23','2013-11-23 00:54:08',1)
 ,(351,124,'2013-11-23','2013-11-23 00:54:09',1)
 ,(352,119,'2013-11-23','2013-11-23 00:54:09',1)
 ,(353,119,'2013-11-23','2013-11-23 00:54:09',1)
 ,(354,119,'2013-11-23','2013-11-23 00:54:09',1)
 ,(355,1,'2013-11-23','2013-11-23 00:54:10',1)
 ,(356,119,'2013-11-23','2013-11-23 00:54:10',1)
 ,(357,119,'2013-11-23','2013-11-23 00:54:10',1)
 ,(358,119,'2013-11-23','2013-11-23 00:54:10',1)
 ,(359,125,'2013-11-23','2013-11-23 00:54:11',1)
 ,(360,119,'2013-11-23','2013-11-23 00:54:11',1)
 ,(361,119,'2013-11-23','2013-11-23 00:54:11',1)
 ,(362,119,'2013-11-23','2013-11-23 00:54:12',1)
 ,(363,1,'2013-11-23','2013-11-23 00:54:12',1)
 ,(364,119,'2013-11-23','2013-11-23 00:54:12',1)
 ,(365,119,'2013-11-23','2013-11-23 00:54:12',1)
 ,(366,119,'2013-11-23','2013-11-23 00:54:12',1)
 ,(367,124,'2013-11-23','2013-11-23 00:55:07',1)
 ,(368,119,'2013-11-23','2013-11-23 00:55:07',1)
 ,(369,119,'2013-11-23','2013-11-23 00:55:08',1)
 ,(370,119,'2013-11-23','2013-11-23 00:55:08',1)
 ,(371,125,'2013-11-23','2013-11-23 00:55:08',1)
 ,(372,119,'2013-11-23','2013-11-23 00:55:08',1)
 ,(373,119,'2013-11-23','2013-11-23 00:55:09',1)
 ,(374,119,'2013-11-23','2013-11-23 00:55:09',1)
 ,(375,126,'2013-11-23','2013-11-23 00:55:09',1)
 ,(376,119,'2013-11-23','2013-11-23 00:55:10',1)
 ,(377,119,'2013-11-23','2013-11-23 00:55:10',1)
 ,(378,119,'2013-11-23','2013-11-23 00:55:10',1)
 ,(379,1,'2013-11-23','2013-11-23 00:55:10',1)
 ,(380,119,'2013-11-23','2013-11-23 00:55:11',1)
 ,(381,119,'2013-11-23','2013-11-23 00:55:11',1)
 ,(382,119,'2013-11-23','2013-11-23 00:55:11',1)
 ,(383,1,'2013-11-23','2013-11-23 00:55:11',1)
 ,(384,119,'2013-11-23','2013-11-23 00:55:12',1)
 ,(385,119,'2013-11-23','2013-11-23 00:55:12',1)
 ,(386,124,'2013-11-23','2013-11-23 00:55:13',1)
 ,(387,119,'2013-11-23','2013-11-23 00:55:13',1)
 ,(388,119,'2013-11-23','2013-11-23 00:55:13',1)
 ,(389,119,'2013-11-23','2013-11-23 00:55:13',1)
 ,(390,1,'2013-11-23','2013-11-23 00:55:14',1)
 ,(391,119,'2013-11-23','2013-11-23 00:55:14',1)
 ,(392,119,'2013-11-23','2013-11-23 00:55:14',1)
 ,(393,119,'2013-11-23','2013-11-23 00:55:14',1)
 ,(394,124,'2013-11-23','2013-11-23 00:55:20',1)
 ,(395,119,'2013-11-23','2013-11-23 00:55:20',1)
 ,(396,119,'2013-11-23','2013-11-23 00:55:20',1)
 ,(397,119,'2013-11-23','2013-11-23 00:55:20',1)
 ,(398,125,'2013-11-23','2013-11-23 00:55:21',1)
 ,(399,119,'2013-11-23','2013-11-23 00:55:21',1)
 ,(400,119,'2013-11-23','2013-11-23 00:55:21',1)
 ,(401,119,'2013-11-23','2013-11-23 00:55:21',1)
 ,(402,126,'2013-11-23','2013-11-23 00:55:21',1)
 ,(403,119,'2013-11-23','2013-11-23 00:55:22',1)
 ,(404,119,'2013-11-23','2013-11-23 00:55:22',1)
 ,(405,119,'2013-11-23','2013-11-23 00:55:22',1)
 ,(406,1,'2013-11-23','2013-11-23 00:55:22',1)
 ,(407,119,'2013-11-23','2013-11-23 00:55:23',1)
 ,(408,119,'2013-11-23','2013-11-23 00:55:23',1)
 ,(409,119,'2013-11-23','2013-11-23 00:55:23',1)
 ,(410,1,'2013-11-23','2013-11-23 01:02:04',1)
 ,(411,119,'2013-11-23','2013-11-23 01:02:05',1)
 ,(412,119,'2013-11-23','2013-11-23 01:02:05',1)
 ,(413,119,'2013-11-23','2013-11-23 01:02:05',1)
 ,(414,1,'2013-11-23','2013-11-23 01:03:36',1)
 ,(415,119,'2013-11-23','2013-11-23 01:03:36',1)
 ,(416,119,'2013-11-23','2013-11-23 01:03:36',1)
 ,(417,119,'2013-11-23','2013-11-23 01:03:36',1)
 ,(418,1,'2013-11-23','2013-11-23 01:04:09',1)
 ,(419,119,'2013-11-23','2013-11-23 01:04:10',1)
 ,(420,119,'2013-11-23','2013-11-23 01:04:10',1)
 ,(421,119,'2013-11-23','2013-11-23 01:04:10',1)
 ,(422,1,'2013-11-23','2013-11-23 01:06:01',1)
 ,(423,119,'2013-11-23','2013-11-23 01:06:01',1)
 ,(424,119,'2013-11-23','2013-11-23 01:06:02',1)
 ,(425,119,'2013-11-23','2013-11-23 01:06:02',1)
 ,(426,126,'2013-11-23','2013-11-23 01:08:14',1)
 ,(427,119,'2013-11-23','2013-11-23 01:08:14',1)
 ,(428,119,'2013-11-23','2013-11-23 01:08:15',1)
 ,(429,119,'2013-11-23','2013-11-23 01:08:15',1)
 ,(430,1,'2013-11-23','2013-11-23 01:08:17',1)
 ,(431,119,'2013-11-23','2013-11-23 01:08:17',1)
 ,(432,119,'2013-11-23','2013-11-23 01:08:17',1)
 ,(433,119,'2013-11-23','2013-11-23 01:08:17',1)
 ,(434,1,'2013-11-23','2013-11-23 01:08:18',1)
 ,(435,119,'2013-11-23','2013-11-23 01:08:19',1)
 ,(436,119,'2013-11-23','2013-11-23 01:08:19',1)
 ,(437,119,'2013-11-23','2013-11-23 01:08:19',1)
 ,(438,1,'2013-11-23','2013-11-23 01:08:55',1)
 ,(439,119,'2013-11-23','2013-11-23 01:08:56',1)
 ,(440,119,'2013-11-23','2013-11-23 01:08:56',1)
 ,(441,119,'2013-11-23','2013-11-23 01:08:56',1)
 ,(442,1,'2013-11-23','2013-11-23 01:09:21',1)
 ,(443,119,'2013-11-23','2013-11-23 01:09:21',1)
 ,(444,119,'2013-11-23','2013-11-23 01:09:21',1)
 ,(445,119,'2013-11-23','2013-11-23 01:09:21',1)
 ,(446,1,'2013-11-23','2013-11-23 01:09:33',1)
 ,(447,119,'2013-11-23','2013-11-23 01:09:34',1)
 ,(448,119,'2013-11-23','2013-11-23 01:09:34',1)
 ,(449,119,'2013-11-23','2013-11-23 01:09:34',1)
 ,(450,124,'2013-11-23','2013-11-23 01:09:38',1)
 ,(451,119,'2013-11-23','2013-11-23 01:09:38',1)
 ,(452,119,'2013-11-23','2013-11-23 01:09:39',1)
 ,(453,119,'2013-11-23','2013-11-23 01:09:39',1)
 ,(454,1,'2013-11-23','2013-11-23 01:09:39',1)
 ,(455,119,'2013-11-23','2013-11-23 01:09:40',1)
 ,(456,119,'2013-11-23','2013-11-23 01:09:40',1)
 ,(457,119,'2013-11-23','2013-11-23 01:09:40',1)
 ,(458,125,'2013-11-23','2013-11-23 01:09:41',1)
 ,(459,119,'2013-11-23','2013-11-23 01:09:41',1)
 ,(460,119,'2013-11-23','2013-11-23 01:09:41',1)
 ,(461,119,'2013-11-23','2013-11-23 01:09:41',1)
 ,(462,126,'2013-11-23','2013-11-23 01:09:42',1)
 ,(463,119,'2013-11-23','2013-11-23 01:09:42',1)
 ,(464,119,'2013-11-23','2013-11-23 01:09:42',1)
 ,(465,119,'2013-11-23','2013-11-23 01:09:43',1)
 ,(466,1,'2013-11-23','2013-11-23 01:09:43',1)
 ,(467,119,'2013-11-23','2013-11-23 01:09:44',1)
 ,(468,119,'2013-11-23','2013-11-23 01:09:44',1)
 ,(469,119,'2013-11-23','2013-11-23 01:09:44',1)
 ,(470,124,'2013-11-23','2013-11-23 01:09:46',1)
 ,(471,119,'2013-11-23','2013-11-23 01:09:47',1)
 ,(472,119,'2013-11-23','2013-11-23 01:09:47',1)
 ,(473,119,'2013-11-23','2013-11-23 01:09:47',1)
 ,(474,125,'2013-11-23','2013-11-23 01:09:48',1)
 ,(475,119,'2013-11-23','2013-11-23 01:09:48',1)
 ,(476,119,'2013-11-23','2013-11-23 01:09:48',1)
 ,(477,119,'2013-11-23','2013-11-23 01:09:48',1)
 ,(478,126,'2013-11-23','2013-11-23 01:09:49',1)
 ,(479,119,'2013-11-23','2013-11-23 01:09:49',1)
 ,(480,119,'2013-11-23','2013-11-23 01:09:49',1)
 ,(481,119,'2013-11-23','2013-11-23 01:09:49',1)
 ,(482,1,'2013-11-23','2013-11-23 01:09:50',1)
 ,(483,119,'2013-11-23','2013-11-23 01:09:50',1)
 ,(484,119,'2013-11-23','2013-11-23 01:09:50',1)
 ,(485,119,'2013-11-23','2013-11-23 01:09:50',1)
 ,(486,124,'2013-11-23','2013-11-23 01:09:53',1)
 ,(487,119,'2013-11-23','2013-11-23 01:09:53',1)
 ,(488,119,'2013-11-23','2013-11-23 01:09:53',1)
 ,(489,119,'2013-11-23','2013-11-23 01:09:54',1)
 ,(490,1,'2013-11-23','2013-11-23 01:09:55',1)
 ,(491,119,'2013-11-23','2013-11-23 01:09:55',1)
 ,(492,119,'2013-11-23','2013-11-23 01:09:55',1)
 ,(493,119,'2013-11-23','2013-11-23 01:09:55',1)
 ,(494,125,'2013-11-23','2013-11-23 01:09:56',1)
 ,(495,119,'2013-11-23','2013-11-23 01:09:56',1)
 ,(496,119,'2013-11-23','2013-11-23 01:09:56',1)
 ,(497,119,'2013-11-23','2013-11-23 01:09:56',1)
 ,(498,1,'2013-11-23','2013-11-23 01:09:57',1)
 ,(499,119,'2013-11-23','2013-11-23 01:09:57',1)
 ,(500,119,'2013-11-23','2013-11-23 01:09:57',1)
 ,(501,119,'2013-11-23','2013-11-23 01:09:57',1)
 ,(502,1,'2013-11-23','2013-11-23 01:38:06',1)
 ,(503,119,'2013-11-23','2013-11-23 01:38:06',1)
 ,(504,119,'2013-11-23','2013-11-23 01:38:06',1)
 ,(505,119,'2013-11-23','2013-11-23 01:38:06',1)
 ,(506,124,'2013-11-23','2013-11-23 01:38:08',1)
 ,(507,119,'2013-11-23','2013-11-23 01:38:09',1)
 ,(508,119,'2013-11-23','2013-11-23 01:38:09',1)
 ,(509,119,'2013-11-23','2013-11-23 01:38:09',1)
 ,(510,1,'2013-11-23','2013-11-23 01:38:10',1)
 ,(511,119,'2013-11-23','2013-11-23 01:38:10',1)
 ,(512,119,'2013-11-23','2013-11-23 01:38:10',1)
 ,(513,119,'2013-11-23','2013-11-23 01:38:10',1)
 ,(514,1,'2013-11-23','2013-11-23 01:40:09',1)
 ,(515,119,'2013-11-23','2013-11-23 01:40:09',1)
 ,(516,119,'2013-11-23','2013-11-23 01:40:10',1)
 ,(517,119,'2013-11-23','2013-11-23 01:40:10',1)
 ,(518,1,'2013-11-23','2013-11-23 01:41:57',1)
 ,(519,119,'2013-11-23','2013-11-23 01:41:58',1)
 ,(520,119,'2013-11-23','2013-11-23 01:41:58',1)
 ,(521,119,'2013-11-23','2013-11-23 01:41:58',1)
 ,(522,1,'2013-11-23','2013-11-23 01:47:29',1)
 ,(523,119,'2013-11-23','2013-11-23 01:47:29',1)
 ,(524,119,'2013-11-23','2013-11-23 01:47:29',1)
 ,(525,119,'2013-11-23','2013-11-23 01:47:30',1)
 ,(526,1,'2013-11-23','2013-11-23 01:48:40',1)
 ,(527,119,'2013-11-23','2013-11-23 01:48:40',1)
 ,(528,119,'2013-11-23','2013-11-23 01:48:40',1)
 ,(529,119,'2013-11-23','2013-11-23 01:48:40',1)
 ,(530,1,'2013-11-23','2013-11-23 01:49:10',1)
 ,(531,119,'2013-11-23','2013-11-23 01:49:11',1)
 ,(532,119,'2013-11-23','2013-11-23 01:49:11',1)
 ,(533,119,'2013-11-23','2013-11-23 01:49:11',1)
 ,(534,1,'2013-11-23','2013-11-23 01:49:25',1)
 ,(535,119,'2013-11-23','2013-11-23 01:49:25',1)
 ,(536,119,'2013-11-23','2013-11-23 01:49:25',1)
 ,(537,119,'2013-11-23','2013-11-23 01:49:26',1)
 ,(538,1,'2013-11-23','2013-11-23 01:49:27',1)
 ,(539,119,'2013-11-23','2013-11-23 01:49:27',1)
 ,(540,119,'2013-11-23','2013-11-23 01:49:27',1)
 ,(541,119,'2013-11-23','2013-11-23 01:49:28',1)
 ,(542,1,'2013-11-23','2013-11-23 01:49:29',1)
 ,(543,119,'2013-11-23','2013-11-23 01:49:29',1)
 ,(544,119,'2013-11-23','2013-11-23 01:49:29',1)
 ,(545,119,'2013-11-23','2013-11-23 01:49:29',1)
 ,(546,126,'2013-11-23','2013-11-23 01:49:31',1)
 ,(547,119,'2013-11-23','2013-11-23 01:49:31',1)
 ,(548,119,'2013-11-23','2013-11-23 01:49:31',1)
 ,(549,119,'2013-11-23','2013-11-23 01:49:31',1)
 ,(550,4,'2013-11-23','2013-11-23 01:49:38',1)
 ,(551,2,'2013-11-23','2013-11-23 01:49:43',1)
 ,(552,9,'2013-11-23','2013-11-23 01:49:46',1)
 ,(553,1,'2013-11-23','2013-11-23 01:49:57',1)
 ,(554,119,'2013-11-23','2013-11-23 01:49:57',1)
 ,(555,119,'2013-11-23','2013-11-23 01:49:57',1)
 ,(556,119,'2013-11-23','2013-11-23 01:49:57',1)
 ,(557,124,'2013-11-23','2013-11-23 01:49:58',1)
 ,(558,1,'2013-11-23','2013-11-23 01:52:09',1)
 ,(559,119,'2013-11-23','2013-11-23 01:52:10',1)
 ,(560,119,'2013-11-23','2013-11-23 01:52:10',1)
 ,(561,119,'2013-11-23','2013-11-23 01:52:10',1)
 ,(562,1,'2013-11-23','2013-11-23 01:54:33',1)
 ,(563,119,'2013-11-23','2013-11-23 01:54:33',1)
 ,(564,119,'2013-11-23','2013-11-23 01:54:33',1)
 ,(565,119,'2013-11-23','2013-11-23 01:54:33',1)
 ,(566,1,'2013-11-23','2013-11-23 01:58:12',1)
 ,(567,119,'2013-11-23','2013-11-23 01:58:13',1)
 ,(568,119,'2013-11-23','2013-11-23 01:58:13',1)
 ,(569,119,'2013-11-23','2013-11-23 01:58:13',1)
 ,(570,1,'2013-11-23','2013-11-23 01:59:06',1)
 ,(571,119,'2013-11-23','2013-11-23 01:59:07',1)
 ,(572,119,'2013-11-23','2013-11-23 01:59:07',1)
 ,(573,119,'2013-11-23','2013-11-23 01:59:07',1)
 ,(574,2,'2013-11-23','2013-11-23 01:59:12',1)
 ,(575,47,'2013-11-23','2013-11-23 01:59:16',1)
 ,(576,2,'2013-11-23','2013-11-23 01:59:23',1)
 ,(577,51,'2013-11-23','2013-11-23 01:59:28',1)
 ,(578,99,'2013-11-23','2013-11-23 01:59:36',1)
 ,(579,99,'2013-11-23','2013-11-23 01:59:39',1)
 ,(580,99,'2013-11-23','2013-11-23 01:59:40',1)
 ,(581,51,'2013-11-23','2013-11-23 01:59:43',1)
 ,(582,68,'2013-11-23','2013-11-23 01:59:49',1)
 ,(583,68,'2013-11-23','2013-11-23 01:59:50',1)
 ,(584,68,'2013-11-23','2013-11-23 01:59:50',1)
 ,(585,1,'2013-11-23','2013-11-23 01:59:53',1)
 ,(586,119,'2013-11-23','2013-11-23 01:59:53',1)
 ,(587,119,'2013-11-23','2013-11-23 01:59:53',1)
 ,(588,119,'2013-11-23','2013-11-23 01:59:53',1)
 ,(589,124,'2013-11-23','2013-11-23 02:00:05',1)
 ,(590,125,'2013-11-23','2013-11-23 02:00:08',1)
 ,(591,119,'2013-11-23','2013-11-23 02:00:08',1)
 ,(592,119,'2013-11-23','2013-11-23 02:00:09',1)
 ,(593,119,'2013-11-23','2013-11-23 02:00:09',1)
 ,(594,126,'2013-11-23','2013-11-23 02:00:12',1)
 ,(595,119,'2013-11-23','2013-11-23 02:00:12',1)
 ,(596,119,'2013-11-23','2013-11-23 02:00:12',1)
 ,(597,119,'2013-11-23','2013-11-23 02:00:12',1)
 ,(598,124,'2013-11-23','2013-11-23 02:00:14',1)
 ,(599,1,'2013-11-23','2013-11-23 02:00:16',1)
 ,(600,119,'2013-11-23','2013-11-23 02:00:16',1)
 ,(601,119,'2013-11-23','2013-11-23 02:00:16',1)
 ,(602,119,'2013-11-23','2013-11-23 02:00:16',1)
 ,(603,124,'2013-11-23','2013-11-23 02:00:17',1)
 ,(604,1,'2013-11-23','2013-11-23 02:00:19',1)
 ,(605,119,'2013-11-23','2013-11-23 02:00:19',1)
 ,(606,119,'2013-11-23','2013-11-23 02:00:19',1)
 ,(607,119,'2013-11-23','2013-11-23 02:00:19',1)
 ,(608,1,'2013-11-23','2013-11-23 02:04:23',1)
 ,(609,119,'2013-11-23','2013-11-23 02:04:23',1)
 ,(610,119,'2013-11-23','2013-11-23 02:04:23',1)
 ,(611,119,'2013-11-23','2013-11-23 02:04:23',1)
 ,(612,1,'2013-11-23','2013-11-23 02:06:25',1)
 ,(613,119,'2013-11-23','2013-11-23 02:06:26',1)
 ,(614,119,'2013-11-23','2013-11-23 02:06:26',1)
 ,(615,119,'2013-11-23','2013-11-23 02:06:26',1)
 ,(616,1,'2013-11-23','2013-11-23 02:06:35',1)
 ,(617,119,'2013-11-23','2013-11-23 02:06:35',1)
 ,(618,119,'2013-11-23','2013-11-23 02:06:36',1)
 ,(619,119,'2013-11-23','2013-11-23 02:06:36',1)
 ,(620,1,'2013-11-23','2013-11-23 02:07:23',1)
 ,(621,119,'2013-11-23','2013-11-23 02:07:24',1)
 ,(622,119,'2013-11-23','2013-11-23 02:07:24',1)
 ,(623,119,'2013-11-23','2013-11-23 02:07:24',1)
 ,(624,2,'2013-11-23','2013-11-23 02:07:56',1)
 ,(625,23,'2013-11-23','2013-11-23 02:08:03',1)
 ,(626,1,'2013-11-23','2013-11-23 02:08:18',1)
 ,(627,119,'2013-11-23','2013-11-23 02:08:18',1)
 ,(628,119,'2013-11-23','2013-11-23 02:08:18',1)
 ,(629,119,'2013-11-23','2013-11-23 02:08:18',1)
 ,(630,1,'2013-11-23','2013-11-23 02:11:01',1)
 ,(631,119,'2013-11-23','2013-11-23 02:11:01',1)
 ,(632,119,'2013-11-23','2013-11-23 02:11:01',1)
 ,(633,119,'2013-11-23','2013-11-23 02:11:01',1)
 ,(634,1,'2013-11-23','2013-11-23 02:14:41',1)
 ,(635,119,'2013-11-23','2013-11-23 02:14:42',1)
 ,(636,119,'2013-11-23','2013-11-23 02:14:42',1)
 ,(637,119,'2013-11-23','2013-11-23 02:14:42',1)
 ,(638,1,'2013-11-23','2013-11-23 02:15:31',1)
 ,(639,119,'2013-11-23','2013-11-23 02:15:31',1)
 ,(640,119,'2013-11-23','2013-11-23 02:15:32',1)
 ,(641,119,'2013-11-23','2013-11-23 02:15:32',1)
 ,(642,1,'2013-11-23','2013-11-23 02:21:28',1)
 ,(643,119,'2013-11-23','2013-11-23 02:21:28',1)
 ,(644,119,'2013-11-23','2013-11-23 02:21:28',1)
 ,(645,119,'2013-11-23','2013-11-23 02:21:28',1)
 ,(646,124,'2013-11-23','2013-11-23 02:27:10',1)
 ,(647,1,'2013-11-23','2013-11-23 02:27:12',1)
 ,(648,119,'2013-11-23','2013-11-23 02:27:12',1)
 ,(649,119,'2013-11-23','2013-11-23 02:27:12',1)
 ,(650,119,'2013-11-23','2013-11-23 02:27:12',1)
 ,(651,124,'2013-11-23','2013-11-23 02:27:16',1)
 ,(652,1,'2013-11-23','2013-11-23 02:27:18',1)
 ,(653,119,'2013-11-23','2013-11-23 02:27:18',1)
 ,(654,119,'2013-11-23','2013-11-23 02:27:18',1)
 ,(655,119,'2013-11-23','2013-11-23 02:27:18',1)
 ,(656,1,'2013-11-23','2013-11-23 02:40:50',1)
 ,(657,119,'2013-11-23','2013-11-23 02:40:50',1)
 ,(658,119,'2013-11-23','2013-11-23 02:40:51',1)
 ,(659,119,'2013-11-23','2013-11-23 02:40:51',1)
 ,(660,1,'2013-11-23','2013-11-23 02:41:56',1)
 ,(661,119,'2013-11-23','2013-11-23 02:41:56',1)
 ,(662,119,'2013-11-23','2013-11-23 02:41:56',1)
 ,(663,119,'2013-11-23','2013-11-23 02:41:56',1)
 ,(664,2,'2013-11-23','2013-11-23 02:43:18',1)
 ,(665,51,'2013-11-23','2013-11-23 02:43:30',1)
 ,(666,92,'2013-11-23','2013-11-23 02:43:34',1)
 ,(667,92,'2013-11-23','2013-11-23 02:43:35',1)
 ,(668,51,'2013-11-23','2013-11-23 02:43:51',1)
 ,(669,68,'2013-11-23','2013-11-23 02:44:06',1)
 ,(670,68,'2013-11-23','2013-11-23 02:44:07',1)
 ,(671,68,'2013-11-23','2013-11-23 02:44:07',1)
 ,(672,1,'2013-11-23','2013-11-23 02:44:09',1)
 ,(673,119,'2013-11-23','2013-11-23 02:44:10',1)
 ,(674,119,'2013-11-23','2013-11-23 02:44:10',1)
 ,(675,119,'2013-11-23','2013-11-23 02:44:10',1)
 ,(676,1,'2013-11-23','2013-11-23 02:50:53',1)
 ,(677,119,'2013-11-23','2013-11-23 02:50:54',1)
 ,(678,119,'2013-11-23','2013-11-23 02:50:54',1)
 ,(679,119,'2013-11-23','2013-11-23 02:50:54',1)
 ,(680,1,'2013-11-23','2013-11-23 02:51:35',1)
 ,(681,1,'2013-11-23','2013-11-23 02:51:39',1)
 ,(682,110,'2013-11-23','2013-11-23 02:51:55',1)
 ,(683,1,'2013-11-23','2013-11-23 02:51:55',0)
 ,(684,1,'2013-11-23','2013-11-23 02:51:58',0)
 ,(685,1,'2013-11-23','2013-11-23 02:52:00',0)
 ,(686,1,'2013-11-23','2013-11-23 02:52:02',0)
 ,(687,1,'2013-11-23','2013-11-23 02:52:04',0)
 ,(688,1,'2013-11-23','2013-11-23 02:52:06',0)
 ,(689,1,'2013-11-23','2013-11-23 02:52:12',0)
 ,(690,1,'2013-11-23','2013-11-23 02:52:15',0)
 ,(691,1,'2013-11-23','2013-11-23 02:52:22',0)
 ,(692,110,'2013-11-23','2013-11-23 02:52:37',0)
 ,(693,2,'2013-11-23','2013-11-23 02:52:38',1)
 ,(694,1,'2013-11-23','2013-11-23 02:52:44',1)
 ,(695,1,'2013-11-23','2013-11-23 02:52:48',1)
 ,(696,1,'2013-11-23','2013-11-23 02:52:52',1)
 ,(697,1,'2013-11-23','2013-11-23 02:53:04',1)
 ,(698,1,'2013-11-23','2013-11-23 02:53:07',1)
 ,(699,1,'2013-11-23','2013-11-23 02:53:13',1)
 ,(700,1,'2013-11-23','2013-11-23 02:53:40',1)
 ,(701,1,'2013-11-23','2013-11-23 02:53:56',1)
 ,(702,1,'2013-11-23','2013-11-23 02:54:02',1)
 ,(703,119,'2013-11-23','2013-11-23 02:54:02',1)
 ,(704,119,'2013-11-23','2013-11-23 02:54:03',1)
 ,(705,119,'2013-11-23','2013-11-23 02:54:03',1)
 ,(706,1,'2013-11-23','2013-11-23 02:54:15',1)
 ,(707,124,'2013-11-23','2013-11-23 02:54:25',1)
 ,(708,125,'2013-11-23','2013-11-23 02:54:26',1)
 ,(709,119,'2013-11-23','2013-11-23 02:54:26',1)
 ,(710,119,'2013-11-23','2013-11-23 02:54:26',1)
 ,(711,119,'2013-11-23','2013-11-23 02:54:27',1)
 ,(712,126,'2013-11-23','2013-11-23 02:54:27',1)
 ,(713,119,'2013-11-23','2013-11-23 02:54:27',1)
 ,(714,119,'2013-11-23','2013-11-23 02:54:28',1)
 ,(715,119,'2013-11-23','2013-11-23 02:54:28',1)
 ,(716,1,'2013-11-23','2013-11-23 02:54:29',1)
 ,(717,119,'2013-11-23','2013-11-23 02:54:29',1)
 ,(718,119,'2013-11-23','2013-11-23 02:54:29',1)
 ,(719,119,'2013-11-23','2013-11-23 02:54:29',1)
 ,(720,2,'2013-11-23','2013-11-23 02:54:57',1)
 ,(721,51,'2013-11-23','2013-11-23 02:55:01',1)
 ,(722,98,'2013-11-23','2013-11-23 02:55:07',1)
 ,(723,98,'2013-11-23','2013-11-23 02:55:11',1)
 ,(724,1,'2013-11-24','2013-11-24 17:47:00',1)
 ,(725,119,'2013-11-24','2013-11-24 17:47:00',1)
 ,(726,119,'2013-11-24','2013-11-24 17:47:01',1)
 ,(727,119,'2013-11-24','2013-11-24 17:47:01',1)
 ,(728,106,'2013-11-24','2013-11-24 17:47:01',1)
 ,(729,119,'2013-11-24','2013-11-24 17:47:05',1)
 ,(730,2,'2013-11-24','2013-11-24 17:47:36',1)
 ,(731,11,'2013-11-24','2013-11-24 17:47:38',1)
 ,(732,2,'2013-11-24','2013-11-24 17:49:28',1)
 ,(733,13,'2013-11-24','2013-11-24 17:49:30',1)
 ,(734,13,'2013-11-24','2013-11-24 17:49:32',1)
 ,(735,2,'2013-11-24','2013-11-24 17:49:38',1)
 ,(736,13,'2013-11-24','2013-11-24 17:49:40',1)
 ,(737,13,'2013-11-24','2013-11-24 17:49:43',1)
 ,(738,2,'2013-11-24','2013-11-24 17:49:47',1)
 ,(739,11,'2013-11-24','2013-11-24 17:49:51',1)
 ,(740,2,'2013-11-24','2013-11-24 17:50:06',1)
 ,(741,13,'2013-11-24','2013-11-24 17:50:07',1)
 ,(742,13,'2013-11-24','2013-11-24 17:50:09',1)
 ,(743,2,'2013-11-24','2013-11-24 17:50:13',1)
 ,(744,11,'2013-11-24','2013-11-24 17:50:15',1)
 ,(745,2,'2013-11-24','2013-11-24 17:50:33',1)
 ,(746,1,'2013-11-24','2013-11-24 17:50:40',1)
 ,(747,119,'2013-11-24','2013-11-24 17:50:40',1)
 ,(748,119,'2013-11-24','2013-11-24 17:50:40',1)
 ,(749,119,'2013-11-24','2013-11-24 17:50:40',1)
 ,(750,124,'2013-11-24','2013-11-24 17:52:03',1)
 ,(751,125,'2013-11-24','2013-11-24 17:52:04',1)
 ,(752,119,'2013-11-24','2013-11-24 17:52:04',1)
 ,(753,119,'2013-11-24','2013-11-24 17:52:04',1)
 ,(754,119,'2013-11-24','2013-11-24 17:52:04',1)
 ,(755,125,'2013-11-24','2013-11-24 17:52:06',1)
 ,(756,119,'2013-11-24','2013-11-24 17:52:06',1)
 ,(757,119,'2013-11-24','2013-11-24 17:52:06',1)
 ,(758,119,'2013-11-24','2013-11-24 17:52:06',1)
 ,(759,126,'2013-11-24','2013-11-24 17:52:07',1)
 ,(760,119,'2013-11-24','2013-11-24 17:52:07',1)
 ,(761,119,'2013-11-24','2013-11-24 17:52:07',1)
 ,(762,119,'2013-11-24','2013-11-24 17:52:07',1)
 ,(763,1,'2013-11-24','2013-11-24 17:52:08',1)
 ,(764,119,'2013-11-24','2013-11-24 17:52:08',1)
 ,(765,119,'2013-11-24','2013-11-24 17:52:09',1)
 ,(766,119,'2013-11-24','2013-11-24 17:52:09',1)
 ,(767,1,'2013-11-24','2013-11-24 17:52:10',1)
 ,(768,119,'2013-11-24','2013-11-24 17:52:10',1)
 ,(769,119,'2013-11-24','2013-11-24 17:52:10',1)
 ,(770,119,'2013-11-24','2013-11-24 17:52:10',1)
 ,(771,1,'2013-11-24','2013-11-24 17:55:07',0)
 ,(772,119,'2013-11-24','2013-11-24 17:55:07',0)
 ,(773,119,'2013-11-24','2013-11-24 17:55:07',0)
 ,(774,119,'2013-11-24','2013-11-24 17:55:08',0)
 ,(775,1,'2013-11-24','2013-11-24 18:01:46',0)
 ,(776,119,'2013-11-24','2013-11-24 18:01:46',0)
 ,(777,119,'2013-11-24','2013-11-24 18:01:46',0)
 ,(778,119,'2013-11-24','2013-11-24 18:01:46',0)
 ,(779,1,'2013-11-24','2013-11-24 18:04:10',0)
 ,(780,119,'2013-11-24','2013-11-24 18:04:10',0)
 ,(781,119,'2013-11-24','2013-11-24 18:04:10',0)
 ,(782,119,'2013-11-24','2013-11-24 18:04:10',0)
 ,(783,1,'2013-11-24','2013-11-24 18:05:01',0)
 ,(784,119,'2013-11-24','2013-11-24 18:05:01',0)
 ,(785,119,'2013-11-24','2013-11-24 18:05:01',0)
 ,(786,119,'2013-11-24','2013-11-24 18:05:02',0)
 ,(787,110,'2013-11-24','2013-11-24 18:05:20',0)
 ,(788,110,'2013-11-24','2013-11-24 18:05:34',0)
 ,(789,110,'2013-11-24','2013-11-24 18:05:43',0)
 ,(790,110,'2013-11-24','2013-11-24 18:05:55',0)
 ,(791,110,'2013-11-24','2013-11-24 18:06:03',0)
 ,(792,110,'2013-11-24','2013-11-24 18:06:34',0)
 ,(793,110,'2013-11-24','2013-11-24 18:06:40',0)
 ,(794,110,'2013-11-24','2013-11-24 18:06:46',0)
 ,(795,110,'2013-11-24','2013-11-24 18:06:46',0)
 ,(796,110,'2013-11-24','2013-11-24 18:07:30',0)
 ,(797,110,'2013-11-24','2013-11-24 18:07:35',0)
 ,(798,110,'2013-11-24','2013-11-24 18:07:43',0)
 ,(799,110,'2013-11-24','2013-11-24 18:07:49',0)
 ,(800,110,'2013-11-24','2013-11-24 18:07:53',0)
 ,(801,110,'2013-11-24','2013-11-24 18:11:57',0)
 ,(802,1,'2013-11-24','2013-11-24 18:11:57',1)
 ,(803,119,'2013-11-24','2013-11-24 18:11:57',1)
 ,(804,119,'2013-11-24','2013-11-24 18:11:57',1)
 ,(805,119,'2013-11-24','2013-11-24 18:11:58',1)
 ,(806,2,'2013-11-24','2013-11-24 18:12:01',1)
 ,(807,1,'2013-11-24','2013-11-24 18:14:38',1)
 ,(808,119,'2013-11-24','2013-11-24 18:14:38',1)
 ,(809,119,'2013-11-24','2013-11-24 18:14:39',1)
 ,(810,119,'2013-11-24','2013-11-24 18:14:39',1)
 ,(811,1,'2013-11-24','2013-11-24 18:14:41',1)
 ,(812,119,'2013-11-24','2013-11-24 18:14:41',1)
 ,(813,119,'2013-11-24','2013-11-24 18:14:41',1)
 ,(814,119,'2013-11-24','2013-11-24 18:14:41',1)
 ,(815,1,'2013-11-24','2013-11-24 18:16:04',1)
 ,(816,119,'2013-11-24','2013-11-24 18:16:05',1)
 ,(817,119,'2013-11-24','2013-11-24 18:16:05',1)
 ,(818,119,'2013-11-24','2013-11-24 18:16:05',1)
 ,(819,51,'2013-11-24','2013-11-24 18:16:29',1)
 ,(820,68,'2013-11-24','2013-11-24 18:16:31',1)
 ,(821,68,'2013-11-24','2013-11-24 18:16:32',1)
 ,(822,68,'2013-11-24','2013-11-24 18:16:32',1)
 ,(823,1,'2013-11-24','2013-11-24 18:16:35',1)
 ,(824,119,'2013-11-24','2013-11-24 18:16:35',1)
 ,(825,119,'2013-11-24','2013-11-24 18:16:36',1)
 ,(826,119,'2013-11-24','2013-11-24 18:16:36',1)
 ,(827,51,'2013-11-24','2013-11-24 18:16:43',1)
 ,(828,67,'2013-11-24','2013-11-24 18:16:44',1)
 ,(829,67,'2013-11-24','2013-11-24 18:16:47',1)
 ,(830,67,'2013-11-24','2013-11-24 18:16:47',1)
 ,(831,51,'2013-11-24','2013-11-24 18:16:50',1)
 ,(832,1,'2013-11-24','2013-11-24 18:17:44',1)
 ,(833,119,'2013-11-24','2013-11-24 18:17:44',1)
 ,(834,119,'2013-11-24','2013-11-24 18:17:44',1)
 ,(835,119,'2013-11-24','2013-11-24 18:17:44',1)
 ,(836,1,'2013-11-24','2013-11-24 18:21:10',1)
 ,(837,119,'2013-11-24','2013-11-24 18:21:10',1)
 ,(838,119,'2013-11-24','2013-11-24 18:21:10',1)
 ,(839,119,'2013-11-24','2013-11-24 18:21:10',1)
 ,(840,1,'2013-11-24','2013-11-24 18:22:25',1)
 ,(841,119,'2013-11-24','2013-11-24 18:22:25',1)
 ,(842,119,'2013-11-24','2013-11-24 18:22:25',1)
 ,(843,119,'2013-11-24','2013-11-24 18:22:25',1)
 ,(844,68,'2013-11-24','2013-11-24 18:22:34',1)
 ,(845,68,'2013-11-24','2013-11-24 18:22:35',1)
 ,(846,68,'2013-11-24','2013-11-24 18:22:36',1)
 ,(847,1,'2013-11-24','2013-11-24 18:22:37',1)
 ,(848,119,'2013-11-24','2013-11-24 18:22:37',1)
 ,(849,119,'2013-11-24','2013-11-24 18:22:38',1)
 ,(850,119,'2013-11-24','2013-11-24 18:22:38',1)
 ,(851,1,'2013-11-24','2013-11-24 18:30:21',1)
 ,(852,119,'2013-11-24','2013-11-24 18:30:22',1)
 ,(853,119,'2013-11-24','2013-11-24 18:30:22',1)
 ,(854,119,'2013-11-24','2013-11-24 18:30:22',1)
 ,(855,1,'2013-11-24','2013-11-24 18:32:37',1)
 ,(856,119,'2013-11-24','2013-11-24 18:32:37',1)
 ,(857,119,'2013-11-24','2013-11-24 18:32:38',1)
 ,(858,119,'2013-11-24','2013-11-24 18:32:38',1)
 ,(859,1,'2013-11-24','2013-11-24 18:32:54',1)
 ,(860,119,'2013-11-24','2013-11-24 18:32:54',1)
 ,(861,119,'2013-11-24','2013-11-24 18:32:55',1)
 ,(862,119,'2013-11-24','2013-11-24 18:32:55',1)
 ,(863,124,'2013-11-24','2013-11-24 18:33:01',1)
 ,(864,1,'2013-11-24','2013-11-24 18:33:02',1)
 ,(865,119,'2013-11-24','2013-11-24 18:33:02',1)
 ,(866,119,'2013-11-24','2013-11-24 18:33:02',1)
 ,(867,119,'2013-11-24','2013-11-24 18:33:02',1)
 ,(868,1,'2013-11-24','2013-11-24 18:33:48',1)
 ,(869,119,'2013-11-24','2013-11-24 18:33:48',1)
 ,(870,119,'2013-11-24','2013-11-24 18:33:49',1)
 ,(871,119,'2013-11-24','2013-11-24 18:33:49',1)
 ,(872,1,'2013-11-24','2013-11-24 18:53:31',1)
 ,(873,119,'2013-11-24','2013-11-24 18:53:31',1)
 ,(874,119,'2013-11-24','2013-11-24 18:53:31',1)
 ,(875,119,'2013-11-24','2013-11-24 18:53:31',1)
 ,(876,1,'2013-11-24','2013-11-24 18:54:11',1)
 ,(877,119,'2013-11-24','2013-11-24 18:54:11',1)
 ,(878,119,'2013-11-24','2013-11-24 18:54:12',1)
 ,(879,119,'2013-11-24','2013-11-24 18:54:12',1)
 ,(880,1,'2013-11-24','2013-11-24 18:54:46',1)
 ,(881,119,'2013-11-24','2013-11-24 18:54:46',1)
 ,(882,119,'2013-11-24','2013-11-24 18:54:46',1)
 ,(883,119,'2013-11-24','2013-11-24 18:54:46',1)
 ,(884,1,'2013-11-24','2013-11-24 18:57:42',1)
 ,(885,119,'2013-11-24','2013-11-24 18:57:43',1)
 ,(886,119,'2013-11-24','2013-11-24 18:57:43',1)
 ,(887,119,'2013-11-24','2013-11-24 18:57:43',1)
 ,(888,1,'2013-11-24','2013-11-24 18:59:41',1)
 ,(889,119,'2013-11-24','2013-11-24 18:59:41',1)
 ,(890,119,'2013-11-24','2013-11-24 18:59:41',1)
 ,(891,119,'2013-11-24','2013-11-24 18:59:42',1)
 ,(892,1,'2013-11-24','2013-11-24 19:13:37',1)
 ,(893,119,'2013-11-24','2013-11-24 19:13:37',1)
 ,(894,119,'2013-11-24','2013-11-24 19:13:38',1)
 ,(895,119,'2013-11-24','2013-11-24 19:13:38',1)
 ,(896,1,'2013-11-24','2013-11-24 19:14:28',1)
 ,(897,119,'2013-11-24','2013-11-24 19:14:29',1)
 ,(898,119,'2013-11-24','2013-11-24 19:14:29',1)
 ,(899,119,'2013-11-24','2013-11-24 19:14:29',1)
 ,(900,1,'2013-11-24','2013-11-24 19:17:00',1)
 ,(901,119,'2013-11-24','2013-11-24 19:17:01',1)
 ,(902,119,'2013-11-24','2013-11-24 19:17:01',1)
 ,(903,119,'2013-11-24','2013-11-24 19:17:01',1)
 ,(904,1,'2013-11-24','2013-11-24 19:17:20',1)
 ,(905,119,'2013-11-24','2013-11-24 19:17:21',1)
 ,(906,119,'2013-11-24','2013-11-24 19:17:21',1)
 ,(907,119,'2013-11-24','2013-11-24 19:17:21',1)
 ,(908,1,'2013-11-24','2013-11-24 19:17:42',1)
 ,(909,119,'2013-11-24','2013-11-24 19:17:44',1)
 ,(910,119,'2013-11-24','2013-11-24 19:17:44',1)
 ,(911,119,'2013-11-24','2013-11-24 19:17:44',1)
 ,(912,1,'2013-11-24','2013-11-24 19:18:04',1)
 ,(913,119,'2013-11-24','2013-11-24 19:18:05',1)
 ,(914,119,'2013-11-24','2013-11-24 19:18:05',1)
 ,(915,119,'2013-11-24','2013-11-24 19:18:05',1)
 ,(916,1,'2013-11-24','2013-11-24 19:18:43',1)
 ,(917,119,'2013-11-24','2013-11-24 19:18:44',1)
 ,(918,119,'2013-11-24','2013-11-24 19:18:44',1)
 ,(919,119,'2013-11-24','2013-11-24 19:18:44',1)
 ,(920,51,'2013-11-24','2013-11-24 19:20:10',1)
 ,(921,87,'2013-11-24','2013-11-24 19:20:29',1)
 ,(922,51,'2013-11-24','2013-11-24 19:20:34',1)
 ,(923,99,'2013-11-24','2013-11-24 19:20:43',1)
 ,(924,99,'2013-11-24','2013-11-24 19:20:51',1)
 ,(925,99,'2013-11-24','2013-11-24 19:20:52',1)
 ,(926,1,'2013-11-24','2013-11-24 19:29:06',1)
 ,(927,119,'2013-11-24','2013-11-24 19:29:06',1)
 ,(928,119,'2013-11-24','2013-11-24 19:29:06',1)
 ,(929,119,'2013-11-24','2013-11-24 19:29:07',1)
 ,(930,1,'2013-11-24','2013-11-24 19:42:31',1)
 ,(931,119,'2013-11-24','2013-11-24 19:42:31',1)
 ,(932,119,'2013-11-24','2013-11-24 19:42:31',1)
 ,(933,119,'2013-11-24','2013-11-24 19:42:31',1)
 ,(934,1,'2013-11-24','2013-11-24 19:44:25',1)
 ,(935,119,'2013-11-24','2013-11-24 19:44:26',1)
 ,(936,119,'2013-11-24','2013-11-24 19:44:26',1)
 ,(937,119,'2013-11-24','2013-11-24 19:44:26',1)
 ,(938,1,'2013-11-24','2013-11-24 19:44:57',1)
 ,(939,119,'2013-11-24','2013-11-24 19:44:57',1)
 ,(940,119,'2013-11-24','2013-11-24 19:44:57',1)
 ,(941,119,'2013-11-24','2013-11-24 19:44:58',1)
 ,(942,1,'2013-11-24','2013-11-24 19:45:09',1)
 ,(943,119,'2013-11-24','2013-11-24 19:45:09',1)
 ,(944,119,'2013-11-24','2013-11-24 19:45:09',1)
 ,(945,119,'2013-11-24','2013-11-24 19:45:09',1)
 ,(946,1,'2013-11-24','2013-11-24 19:46:32',1)
 ,(947,119,'2013-11-24','2013-11-24 19:46:33',1)
 ,(948,119,'2013-11-24','2013-11-24 19:46:33',1)
 ,(949,119,'2013-11-24','2013-11-24 19:46:33',1)
 ,(950,1,'2013-11-24','2013-11-24 19:47:28',1)
 ,(951,119,'2013-11-24','2013-11-24 19:47:28',1)
 ,(952,119,'2013-11-24','2013-11-24 19:47:28',1)
 ,(953,119,'2013-11-24','2013-11-24 19:47:28',1)
 ,(954,1,'2013-11-24','2013-11-24 19:58:15',1)
 ,(955,119,'2013-11-24','2013-11-24 19:58:15',1)
 ,(956,119,'2013-11-24','2013-11-24 19:58:16',1)
 ,(957,119,'2013-11-24','2013-11-24 19:58:16',1)
 ,(958,1,'2013-11-24','2013-11-24 19:59:40',1)
 ,(959,119,'2013-11-24','2013-11-24 19:59:40',1)
 ,(960,119,'2013-11-24','2013-11-24 19:59:40',1)
 ,(961,119,'2013-11-24','2013-11-24 19:59:40',1)
 ,(962,1,'2013-11-24','2013-11-24 20:01:33',1)
 ,(963,119,'2013-11-24','2013-11-24 20:01:34',1)
 ,(964,119,'2013-11-24','2013-11-24 20:01:34',1)
 ,(965,119,'2013-11-24','2013-11-24 20:01:34',1)
 ,(966,1,'2013-11-24','2013-11-24 20:02:27',1)
 ,(967,119,'2013-11-24','2013-11-24 20:02:27',1)
 ,(968,119,'2013-11-24','2013-11-24 20:02:27',1)
 ,(969,119,'2013-11-24','2013-11-24 20:02:27',1)
 ,(970,1,'2013-11-24','2013-11-24 20:08:27',1)
 ,(971,119,'2013-11-24','2013-11-24 20:08:28',1)
 ,(972,119,'2013-11-24','2013-11-24 20:08:28',1)
 ,(973,119,'2013-11-24','2013-11-24 20:08:28',1)
 ,(974,1,'2013-11-24','2013-11-24 20:08:54',1)
 ,(975,119,'2013-11-24','2013-11-24 20:08:54',1)
 ,(976,119,'2013-11-24','2013-11-24 20:08:54',1)
 ,(977,119,'2013-11-24','2013-11-24 20:08:54',1)
 ,(978,1,'2013-11-24','2013-11-24 20:11:52',1)
 ,(979,119,'2013-11-24','2013-11-24 20:11:52',1)
 ,(980,119,'2013-11-24','2013-11-24 20:11:52',1)
 ,(981,119,'2013-11-24','2013-11-24 20:11:52',1)
 ,(982,1,'2013-11-24','2013-11-24 20:11:54',1)
 ,(983,119,'2013-11-24','2013-11-24 20:11:54',1)
 ,(984,119,'2013-11-24','2013-11-24 20:11:54',1)
 ,(985,119,'2013-11-24','2013-11-24 20:11:54',1)
 ,(986,1,'2013-11-24','2013-11-24 20:14:01',1)
 ,(987,119,'2013-11-24','2013-11-24 20:14:02',1)
 ,(988,119,'2013-11-24','2013-11-24 20:14:02',1)
 ,(989,119,'2013-11-24','2013-11-24 20:14:02',1)
 ,(990,1,'2013-11-24','2013-11-24 20:18:41',1)
 ,(991,119,'2013-11-24','2013-11-24 20:18:42',1)
 ,(992,119,'2013-11-24','2013-11-24 20:18:42',1)
 ,(993,119,'2013-11-24','2013-11-24 20:18:42',1)
 ,(994,1,'2013-11-24','2013-11-24 20:18:49',1)
 ,(995,119,'2013-11-24','2013-11-24 20:18:49',1)
 ,(996,119,'2013-11-24','2013-11-24 20:18:49',1)
 ,(997,119,'2013-11-24','2013-11-24 20:18:50',1)
 ,(998,1,'2013-11-24','2013-11-24 20:19:23',1)
 ,(999,119,'2013-11-24','2013-11-24 20:19:24',1)
 ,(1000,119,'2013-11-24','2013-11-24 20:19:24',1)
 ,(1001,119,'2013-11-24','2013-11-24 20:19:24',1)
 ,(1002,1,'2013-11-24','2013-11-24 20:19:51',1)
 ,(1003,119,'2013-11-24','2013-11-24 20:19:51',1)
 ,(1004,119,'2013-11-24','2013-11-24 20:19:51',1)
 ,(1005,119,'2013-11-24','2013-11-24 20:19:51',1)
 ,(1006,1,'2013-11-24','2013-11-24 20:20:08',1)
 ,(1007,119,'2013-11-24','2013-11-24 20:20:08',1)
 ,(1008,119,'2013-11-24','2013-11-24 20:20:08',1)
 ,(1009,119,'2013-11-24','2013-11-24 20:20:08',1)
 ,(1010,1,'2013-11-24','2013-11-24 20:28:05',1)
 ,(1011,119,'2013-11-24','2013-11-24 20:28:05',1)
 ,(1012,119,'2013-11-24','2013-11-24 20:28:05',1)
 ,(1013,119,'2013-11-24','2013-11-24 20:28:06',1)
 ,(1014,124,'2013-11-24','2013-11-24 20:38:35',1)
 ,(1015,125,'2013-11-24','2013-11-24 20:38:36',1)
 ,(1016,119,'2013-11-24','2013-11-24 20:38:36',1)
 ,(1017,119,'2013-11-24','2013-11-24 20:38:37',1)
 ,(1018,119,'2013-11-24','2013-11-24 20:38:37',1)
 ,(1019,126,'2013-11-24','2013-11-24 20:38:40',1)
 ,(1020,119,'2013-11-24','2013-11-24 20:38:40',1)
 ,(1021,119,'2013-11-24','2013-11-24 20:38:40',1)
 ,(1022,119,'2013-11-24','2013-11-24 20:38:40',1)
 ,(1023,1,'2013-11-24','2013-11-24 20:38:42',1)
 ,(1024,119,'2013-11-24','2013-11-24 20:38:42',1)
 ,(1025,119,'2013-11-24','2013-11-24 20:38:42',1)
 ,(1026,119,'2013-11-24','2013-11-24 20:38:42',1)
 ,(1027,1,'2013-11-24','2013-11-24 20:40:53',1)
 ,(1028,119,'2013-11-24','2013-11-24 20:40:53',1)
 ,(1029,119,'2013-11-24','2013-11-24 20:40:54',1)
 ,(1030,119,'2013-11-24','2013-11-24 20:40:54',1)
 ,(1031,1,'2013-11-24','2013-11-24 22:34:11',1)
 ,(1032,119,'2013-11-24','2013-11-24 22:34:12',1)
 ,(1033,119,'2013-11-24','2013-11-24 22:34:13',1)
 ,(1034,119,'2013-11-24','2013-11-24 22:34:14',1)
 ,(1035,1,'2013-11-24','2013-11-24 22:34:17',1)
 ,(1036,119,'2013-11-24','2013-11-24 22:34:18',1)
 ,(1037,119,'2013-11-24','2013-11-24 22:34:18',1)
 ,(1038,119,'2013-11-24','2013-11-24 22:34:18',1)
 ,(1039,1,'2013-11-24','2013-11-24 22:35:07',1)
 ,(1040,119,'2013-11-24','2013-11-24 22:35:07',1)
 ,(1041,119,'2013-11-24','2013-11-24 22:35:07',1)
 ,(1042,119,'2013-11-24','2013-11-24 22:35:07',1)
 ,(1043,1,'2013-11-24','2013-11-24 22:35:09',1)
 ,(1044,119,'2013-11-24','2013-11-24 22:35:09',1)
 ,(1045,119,'2013-11-24','2013-11-24 22:35:09',1)
 ,(1046,119,'2013-11-24','2013-11-24 22:35:10',1)
 ,(1047,1,'2013-11-24','2013-11-24 22:46:18',1)
 ,(1048,1,'2013-11-24','2013-11-24 22:47:40',1)
 ,(1049,119,'2013-11-24','2013-11-24 22:47:40',1)
 ,(1050,119,'2013-11-24','2013-11-24 22:47:40',1)
 ,(1051,119,'2013-11-24','2013-11-24 22:47:40',1)
 ,(1052,1,'2013-11-24','2013-11-24 22:48:53',1)
 ,(1053,119,'2013-11-24','2013-11-24 22:48:54',1)
 ,(1054,119,'2013-11-24','2013-11-24 22:48:54',1)
 ,(1055,119,'2013-11-24','2013-11-24 22:48:54',1)
 ,(1056,1,'2013-11-24','2013-11-24 22:49:08',1)
 ,(1057,119,'2013-11-24','2013-11-24 22:49:09',1)
 ,(1058,119,'2013-11-24','2013-11-24 22:49:09',1)
 ,(1059,119,'2013-11-24','2013-11-24 22:49:09',1)
 ,(1060,1,'2013-11-24','2013-11-24 22:59:49',1)
 ,(1061,119,'2013-11-24','2013-11-24 22:59:49',1)
 ,(1062,119,'2013-11-24','2013-11-24 22:59:49',1)
 ,(1063,119,'2013-11-24','2013-11-24 22:59:50',1)
 ,(1064,1,'2013-11-24','2013-11-24 23:00:30',1)
 ,(1065,119,'2013-11-24','2013-11-24 23:00:30',1)
 ,(1066,119,'2013-11-24','2013-11-24 23:00:30',1)
 ,(1067,119,'2013-11-24','2013-11-24 23:00:30',1)
 ,(1068,1,'2013-11-24','2013-11-24 23:00:39',1)
 ,(1069,119,'2013-11-24','2013-11-24 23:00:40',1)
 ,(1070,119,'2013-11-24','2013-11-24 23:00:40',1)
 ,(1071,119,'2013-11-24','2013-11-24 23:00:40',1)
 ,(1072,124,'2013-11-24','2013-11-24 23:00:43',1)
 ,(1073,125,'2013-11-24','2013-11-24 23:00:44',1)
 ,(1074,119,'2013-11-24','2013-11-24 23:00:44',1)
 ,(1075,119,'2013-11-24','2013-11-24 23:00:44',1)
 ,(1076,119,'2013-11-24','2013-11-24 23:00:44',1)
 ,(1077,1,'2013-11-24','2013-11-24 23:00:45',1)
 ,(1078,119,'2013-11-24','2013-11-24 23:00:46',1)
 ,(1079,119,'2013-11-24','2013-11-24 23:00:46',1)
 ,(1080,119,'2013-11-24','2013-11-24 23:00:46',1)
 ,(1081,1,'2013-11-24','2013-11-24 23:01:49',1)
 ,(1082,119,'2013-11-24','2013-11-24 23:01:50',1)
 ,(1083,119,'2013-11-24','2013-11-24 23:01:50',1)
 ,(1084,119,'2013-11-24','2013-11-24 23:01:50',1)
 ,(1085,1,'2013-11-24','2013-11-24 23:09:08',1)
 ,(1086,119,'2013-11-24','2013-11-24 23:09:08',1)
 ,(1087,119,'2013-11-24','2013-11-24 23:09:08',1)
 ,(1088,119,'2013-11-24','2013-11-24 23:09:08',1)
 ,(1089,1,'2013-11-24','2013-11-24 23:09:10',1)
 ,(1090,119,'2013-11-24','2013-11-24 23:09:10',1)
 ,(1091,119,'2013-11-24','2013-11-24 23:09:10',1)
 ,(1092,119,'2013-11-24','2013-11-24 23:09:10',1)
 ,(1093,1,'2013-11-24','2013-11-24 23:09:58',1)
 ,(1094,119,'2013-11-24','2013-11-24 23:09:59',1)
 ,(1095,119,'2013-11-24','2013-11-24 23:09:59',1)
 ,(1096,119,'2013-11-24','2013-11-24 23:09:59',1)
 ,(1097,1,'2013-11-24','2013-11-24 23:11:25',1)
 ,(1098,119,'2013-11-24','2013-11-24 23:11:25',1)
 ,(1099,119,'2013-11-24','2013-11-24 23:11:25',1)
 ,(1100,119,'2013-11-24','2013-11-24 23:11:26',1)
 ,(1101,1,'2013-11-24','2013-11-24 23:13:09',1)
 ,(1102,119,'2013-11-24','2013-11-24 23:13:09',1)
 ,(1103,119,'2013-11-24','2013-11-24 23:13:09',1)
 ,(1104,119,'2013-11-24','2013-11-24 23:13:09',1)
 ,(1105,1,'2013-11-24','2013-11-24 23:13:48',1)
 ,(1106,119,'2013-11-24','2013-11-24 23:13:49',1)
 ,(1107,119,'2013-11-24','2013-11-24 23:13:49',1)
 ,(1108,119,'2013-11-24','2013-11-24 23:13:49',1)
 ,(1109,1,'2013-11-24','2013-11-24 23:14:27',1)
 ,(1110,119,'2013-11-24','2013-11-24 23:14:27',1)
 ,(1111,119,'2013-11-24','2013-11-24 23:14:27',1)
 ,(1112,119,'2013-11-24','2013-11-24 23:14:27',1)
 ,(1113,1,'2013-11-24','2013-11-24 23:16:15',1)
 ,(1114,119,'2013-11-24','2013-11-24 23:16:16',1)
 ,(1115,119,'2013-11-24','2013-11-24 23:16:16',1)
 ,(1116,119,'2013-11-24','2013-11-24 23:16:16',1)
 ,(1117,1,'2013-11-24','2013-11-24 23:16:38',1)
 ,(1118,119,'2013-11-24','2013-11-24 23:16:38',1)
 ,(1119,119,'2013-11-24','2013-11-24 23:16:39',1)
 ,(1120,119,'2013-11-24','2013-11-24 23:16:39',1)
 ,(1121,1,'2013-11-24','2013-11-24 23:18:16',1)
 ,(1122,119,'2013-11-24','2013-11-24 23:18:16',1)
 ,(1123,119,'2013-11-24','2013-11-24 23:18:16',1)
 ,(1124,119,'2013-11-24','2013-11-24 23:18:16',1)
 ,(1125,1,'2013-11-24','2013-11-24 23:24:34',1)
 ,(1126,119,'2013-11-24','2013-11-24 23:24:34',1)
 ,(1127,119,'2013-11-24','2013-11-24 23:24:34',1)
 ,(1128,119,'2013-11-24','2013-11-24 23:24:34',1)
 ,(1129,124,'2013-11-24','2013-11-24 23:30:00',1)
 ,(1130,2,'2013-11-24','2013-11-24 23:30:02',1)
 ,(1131,4,'2013-11-24','2013-11-24 23:30:04',1)
 ,(1132,4,'2013-11-24','2013-11-24 23:30:04',1)
 ,(1133,4,'2013-11-24','2013-11-24 23:30:05',1)
 ,(1134,1,'2013-11-24','2013-11-24 23:30:09',1)
 ,(1135,119,'2013-11-24','2013-11-24 23:30:09',1)
 ,(1136,119,'2013-11-24','2013-11-24 23:30:09',1)
 ,(1137,119,'2013-11-24','2013-11-24 23:30:09',1)
 ,(1138,1,'2013-11-24','2013-11-24 23:32:37',1)
 ,(1139,119,'2013-11-24','2013-11-24 23:32:38',1)
 ,(1140,119,'2013-11-24','2013-11-24 23:32:38',1)
 ,(1141,119,'2013-11-24','2013-11-24 23:32:38',1)
 ,(1142,1,'2013-11-24','2013-11-24 23:35:15',1)
 ,(1143,119,'2013-11-24','2013-11-24 23:35:15',1)
 ,(1144,119,'2013-11-24','2013-11-24 23:35:15',1)
 ,(1145,119,'2013-11-24','2013-11-24 23:35:15',1)
 ,(1146,1,'2013-11-24','2013-11-24 23:35:29',1)
 ,(1147,119,'2013-11-24','2013-11-24 23:35:29',1)
 ,(1148,119,'2013-11-24','2013-11-24 23:35:29',1)
 ,(1149,119,'2013-11-24','2013-11-24 23:35:30',1)
 ,(1150,1,'2013-11-24','2013-11-24 23:35:30',1)
 ,(1151,119,'2013-11-24','2013-11-24 23:35:31',1)
 ,(1152,119,'2013-11-24','2013-11-24 23:35:31',1)
 ,(1153,119,'2013-11-24','2013-11-24 23:35:31',1)
 ,(1154,1,'2013-11-24','2013-11-24 23:35:32',1)
 ,(1155,119,'2013-11-24','2013-11-24 23:35:32',1)
 ,(1156,119,'2013-11-24','2013-11-24 23:35:32',1)
 ,(1157,119,'2013-11-24','2013-11-24 23:35:32',1)
 ,(1158,1,'2013-11-24','2013-11-24 23:35:33',1)
 ,(1159,119,'2013-11-24','2013-11-24 23:35:33',1)
 ,(1160,119,'2013-11-24','2013-11-24 23:35:33',1)
 ,(1161,119,'2013-11-24','2013-11-24 23:35:33',1)
 ,(1162,1,'2013-11-24','2013-11-24 23:35:34',1)
 ,(1163,119,'2013-11-24','2013-11-24 23:35:34',1)
 ,(1164,119,'2013-11-24','2013-11-24 23:35:34',1)
 ,(1165,119,'2013-11-24','2013-11-24 23:35:34',1)
 ,(1166,1,'2013-11-24','2013-11-24 23:35:35',1)
 ,(1167,119,'2013-11-24','2013-11-24 23:35:36',1)
 ,(1168,119,'2013-11-24','2013-11-24 23:35:36',1)
 ,(1169,119,'2013-11-24','2013-11-24 23:35:36',1)
 ,(1170,1,'2013-11-24','2013-11-24 23:35:36',1)
 ,(1171,119,'2013-11-24','2013-11-24 23:35:36',1)
 ,(1172,119,'2013-11-24','2013-11-24 23:35:36',1)
 ,(1173,119,'2013-11-24','2013-11-24 23:35:36',1)
 ,(1174,1,'2013-11-24','2013-11-24 23:35:37',1)
 ,(1175,119,'2013-11-24','2013-11-24 23:35:37',1)
 ,(1176,119,'2013-11-24','2013-11-24 23:35:37',1)
 ,(1177,119,'2013-11-24','2013-11-24 23:35:37',1)
 ,(1178,1,'2013-11-24','2013-11-24 23:35:38',1)
 ,(1179,119,'2013-11-24','2013-11-24 23:35:39',1)
 ,(1180,119,'2013-11-24','2013-11-24 23:35:39',1)
 ,(1181,119,'2013-11-24','2013-11-24 23:35:39',1)
 ,(1182,1,'2013-11-24','2013-11-24 23:35:40',1)
 ,(1183,119,'2013-11-24','2013-11-24 23:35:40',1)
 ,(1184,119,'2013-11-24','2013-11-24 23:35:40',1)
 ,(1185,119,'2013-11-24','2013-11-24 23:35:40',1)
 ,(1186,1,'2013-11-24','2013-11-24 23:35:41',1)
 ,(1187,119,'2013-11-24','2013-11-24 23:35:41',1)
 ,(1188,119,'2013-11-24','2013-11-24 23:35:41',1)
 ,(1189,119,'2013-11-24','2013-11-24 23:35:41',1)
 ,(1190,1,'2013-11-24','2013-11-24 23:35:42',1)
 ,(1191,119,'2013-11-24','2013-11-24 23:35:42',1)
 ,(1192,119,'2013-11-24','2013-11-24 23:35:42',1)
 ,(1193,119,'2013-11-24','2013-11-24 23:35:42',1)
 ,(1194,1,'2013-11-24','2013-11-24 23:35:56',1)
 ,(1195,119,'2013-11-24','2013-11-24 23:35:56',1)
 ,(1196,119,'2013-11-24','2013-11-24 23:35:56',1)
 ,(1197,119,'2013-11-24','2013-11-24 23:35:57',1)
 ,(1198,1,'2013-11-24','2013-11-24 23:45:14',1)
 ,(1199,119,'2013-11-24','2013-11-24 23:45:14',1)
 ,(1200,119,'2013-11-24','2013-11-24 23:45:14',1)
 ,(1201,119,'2013-11-24','2013-11-24 23:45:14',1)
 ,(1202,1,'2013-11-24','2013-11-24 23:45:19',1)
 ,(1203,119,'2013-11-24','2013-11-24 23:45:19',1)
 ,(1204,119,'2013-11-24','2013-11-24 23:45:19',1)
 ,(1205,119,'2013-11-24','2013-11-24 23:45:20',1)
 ,(1206,1,'2013-11-24','2013-11-24 23:48:47',1)
 ,(1207,119,'2013-11-24','2013-11-24 23:48:47',1)
 ,(1208,119,'2013-11-24','2013-11-24 23:48:47',1)
 ,(1209,119,'2013-11-24','2013-11-24 23:48:47',1)
 ,(1210,1,'2013-11-24','2013-11-24 23:50:27',1)
 ,(1211,119,'2013-11-24','2013-11-24 23:50:28',1)
 ,(1212,119,'2013-11-24','2013-11-24 23:50:28',1)
 ,(1213,119,'2013-11-24','2013-11-24 23:50:28',1)
 ,(1214,1,'2013-11-24','2013-11-24 23:51:10',1)
 ,(1215,119,'2013-11-24','2013-11-24 23:51:10',1)
 ,(1216,119,'2013-11-24','2013-11-24 23:51:10',1)
 ,(1217,119,'2013-11-24','2013-11-24 23:51:10',1)
 ,(1218,1,'2013-11-24','2013-11-24 23:59:47',1)
 ,(1219,119,'2013-11-24','2013-11-24 23:59:47',1)
 ,(1220,119,'2013-11-24','2013-11-24 23:59:47',1)
 ,(1221,119,'2013-11-24','2013-11-24 23:59:47',1)
 ,(1222,1,'2013-11-25','2013-11-25 00:02:45',1)
 ,(1223,119,'2013-11-25','2013-11-25 00:02:46',1)
 ,(1224,119,'2013-11-25','2013-11-25 00:02:46',1)
 ,(1225,119,'2013-11-25','2013-11-25 00:02:46',1)
 ,(1226,124,'2013-11-25','2013-11-25 00:04:09',1)
 ,(1227,1,'2013-11-25','2013-11-25 00:04:11',1)
 ,(1228,119,'2013-11-25','2013-11-25 00:04:12',1)
 ,(1229,119,'2013-11-25','2013-11-25 00:04:12',1)
 ,(1230,119,'2013-11-25','2013-11-25 00:04:12',1)
 ,(1231,124,'2013-11-25','2013-11-25 00:04:40',1)
 ,(1232,1,'2013-11-25','2013-11-25 00:04:45',1)
 ,(1233,119,'2013-11-25','2013-11-25 00:04:46',1)
 ,(1234,119,'2013-11-25','2013-11-25 00:04:46',1)
 ,(1235,119,'2013-11-25','2013-11-25 00:04:46',1)
 ,(1236,125,'2013-11-25','2013-11-25 00:04:47',1)
 ,(1237,119,'2013-11-25','2013-11-25 00:04:47',1)
 ,(1238,119,'2013-11-25','2013-11-25 00:04:47',1)
 ,(1239,119,'2013-11-25','2013-11-25 00:04:47',1)
 ,(1240,124,'2013-11-25','2013-11-25 00:04:48',1)
 ,(1241,124,'2013-11-25','2013-11-25 00:07:05',1)
 ,(1242,124,'2013-11-25','2013-11-25 00:08:49',1)
 ,(1243,124,'2013-11-25','2013-11-25 00:08:51',1)
 ,(1244,124,'2013-11-25','2013-11-25 00:08:53',1)
 ,(1245,124,'2013-11-25','2013-11-25 00:08:56',1)
 ,(1246,124,'2013-11-25','2013-11-25 00:08:57',1)
 ,(1247,124,'2013-11-25','2013-11-25 00:08:58',1)
 ,(1248,124,'2013-11-25','2013-11-25 00:09:00',1)
 ,(1249,124,'2013-11-25','2013-11-25 00:09:06',1)
 ,(1250,124,'2013-11-25','2013-11-25 00:13:18',1)
 ,(1251,1,'2013-11-25','2013-11-25 00:13:27',1)
 ,(1252,119,'2013-11-25','2013-11-25 00:13:27',1)
 ,(1253,119,'2013-11-25','2013-11-25 00:13:27',1)
 ,(1254,119,'2013-11-25','2013-11-25 00:13:27',1)
 ,(1255,124,'2013-11-25','2013-11-25 00:13:29',1)
 ,(1256,124,'2013-11-25','2013-11-25 00:15:09',1)
 ,(1257,1,'2013-11-25','2013-11-25 00:15:13',1)
 ,(1258,119,'2013-11-25','2013-11-25 00:15:13',1)
 ,(1259,119,'2013-11-25','2013-11-25 00:15:13',1)
 ,(1260,119,'2013-11-25','2013-11-25 00:15:13',1)
 ,(1261,124,'2013-11-25','2013-11-25 00:15:14',1)
 ,(1262,124,'2013-11-25','2013-11-25 00:17:58',1)
 ,(1263,1,'2013-11-25','2013-11-25 00:18:00',1)
 ,(1264,119,'2013-11-25','2013-11-25 00:18:00',1)
 ,(1265,119,'2013-11-25','2013-11-25 00:18:00',1)
 ,(1266,119,'2013-11-25','2013-11-25 00:18:01',1)
 ,(1267,124,'2013-11-25','2013-11-25 00:18:02',1)
 ,(1268,1,'2013-11-25','2013-11-25 00:18:06',1)
 ,(1269,119,'2013-11-25','2013-11-25 00:18:06',1)
 ,(1270,119,'2013-11-25','2013-11-25 00:18:06',1)
 ,(1271,119,'2013-11-25','2013-11-25 00:18:07',1)
 ,(1272,1,'2013-11-25','2013-11-25 00:19:56',1)
 ,(1273,119,'2013-11-25','2013-11-25 00:19:57',1)
 ,(1274,119,'2013-11-25','2013-11-25 00:19:57',1)
 ,(1275,119,'2013-11-25','2013-11-25 00:19:57',1)
 ,(1276,1,'2013-11-25','2013-11-25 00:21:26',1)
 ,(1277,119,'2013-11-25','2013-11-25 00:21:26',1)
 ,(1278,119,'2013-11-25','2013-11-25 00:21:26',1)
 ,(1279,119,'2013-11-25','2013-11-25 00:21:27',1)
 ,(1280,1,'2013-11-25','2013-11-25 00:23:12',1)
 ,(1281,119,'2013-11-25','2013-11-25 00:23:12',1)
 ,(1282,119,'2013-11-25','2013-11-25 00:23:12',1)
 ,(1283,119,'2013-11-25','2013-11-25 00:23:12',1)
 ,(1284,1,'2013-11-25','2013-11-25 00:28:04',1)
 ,(1285,119,'2013-11-25','2013-11-25 00:28:04',1)
 ,(1286,119,'2013-11-25','2013-11-25 00:28:04',1)
 ,(1287,119,'2013-11-25','2013-11-25 00:28:05',1)
 ,(1288,1,'2013-11-25','2013-11-25 00:30:11',1)
 ,(1289,119,'2013-11-25','2013-11-25 00:30:11',1)
 ,(1290,119,'2013-11-25','2013-11-25 00:30:11',1)
 ,(1291,119,'2013-11-25','2013-11-25 00:30:11',1)
 ,(1292,1,'2013-11-25','2013-11-25 00:38:46',1)
 ,(1293,119,'2013-11-25','2013-11-25 00:38:46',1)
 ,(1294,119,'2013-11-25','2013-11-25 00:38:46',1)
 ,(1295,119,'2013-11-25','2013-11-25 00:38:46',1)
 ,(1296,124,'2013-11-25','2013-11-25 00:52:02',1)
 ,(1297,124,'2013-11-25','2013-11-25 00:52:05',1)
 ,(1298,2,'2013-11-25','2013-11-25 01:15:14',1)
 ,(1299,32,'2013-11-25','2013-11-25 01:15:17',1)
 ,(1300,33,'2013-11-25','2013-11-25 01:15:20',1)
 ,(1301,33,'2013-11-25','2013-11-25 01:15:36',1)
 ,(1302,32,'2013-11-25','2013-11-25 01:15:36',1)
 ,(1303,2,'2013-11-25','2013-11-25 01:15:41',1)
 ,(1304,1,'2013-11-25','2013-11-25 01:15:45',1)
 ,(1305,119,'2013-11-25','2013-11-25 01:15:46',1)
 ,(1306,119,'2013-11-25','2013-11-25 01:15:46',1)
 ,(1307,119,'2013-11-25','2013-11-25 01:15:46',1)
 ,(1308,124,'2013-11-25','2013-11-25 01:15:48',1)
 ,(1309,124,'2013-11-25','2013-11-25 01:15:56',1)
 ,(1310,124,'2013-11-25','2013-11-25 01:16:34',1)
 ,(1311,124,'2013-11-25','2013-11-25 01:17:00',1)
 ,(1312,124,'2013-11-25','2013-11-25 01:17:01',1)
 ,(1313,124,'2013-11-25','2013-11-25 01:17:01',1)
 ,(1314,124,'2013-11-25','2013-11-25 01:18:02',1)
 ,(1315,124,'2013-11-25','2013-11-25 01:18:36',1)
 ,(1316,124,'2013-11-25','2013-11-25 01:24:47',1)
 ,(1317,124,'2013-11-25','2013-11-25 01:24:56',1)
 ,(1318,124,'2013-11-25','2013-11-25 01:24:59',1)
 ,(1319,124,'2013-11-25','2013-11-25 01:25:04',1)
 ,(1320,124,'2013-11-25','2013-11-25 01:25:08',1)
 ,(1321,124,'2013-11-25','2013-11-25 01:26:25',1)
 ,(1322,124,'2013-11-25','2013-11-25 01:27:09',1)
 ,(1323,124,'2013-11-25','2013-11-25 01:27:15',1)
 ,(1324,124,'2013-11-25','2013-11-25 01:28:57',1)
 ,(1325,1,'2013-11-25','2013-11-25 01:34:43',1)
 ,(1326,119,'2013-11-25','2013-11-25 01:34:43',1)
 ,(1327,119,'2013-11-25','2013-11-25 01:34:43',1)
 ,(1328,119,'2013-11-25','2013-11-25 01:34:43',1)
 ,(1329,124,'2013-11-25','2013-11-25 01:37:27',1)
 ,(1330,124,'2013-11-25','2013-11-25 01:39:12',1)
 ,(1331,124,'2013-11-25','2013-11-25 01:40:12',1)
 ,(1332,124,'2013-11-25','2013-11-25 01:40:13',1)
 ,(1333,124,'2013-11-25','2013-11-25 01:40:49',1)
 ,(1334,124,'2013-11-25','2013-11-25 01:45:21',1)
 ,(1335,124,'2013-11-25','2013-11-25 01:45:39',1)
 ,(1336,124,'2013-11-25','2013-11-25 01:45:45',1)
 ,(1337,124,'2013-11-25','2013-11-25 01:45:55',1)
 ,(1338,124,'2013-11-25','2013-11-25 01:46:08',1)
 ,(1339,124,'2013-11-25','2013-11-25 01:48:13',1)
 ,(1340,124,'2013-11-25','2013-11-25 01:48:14',1)
 ,(1341,124,'2013-11-25','2013-11-25 01:48:22',1)
 ,(1342,124,'2013-11-25','2013-11-25 01:49:01',1)
 ,(1343,124,'2013-11-25','2013-11-25 01:49:27',1)
 ,(1344,124,'2013-11-25','2013-11-25 01:49:44',1)
 ,(1345,124,'2013-11-25','2013-11-25 01:50:18',1)
 ,(1346,124,'2013-11-25','2013-11-25 01:50:28',1)
 ,(1347,124,'2013-11-25','2013-11-25 01:51:36',1)
 ,(1348,124,'2013-11-25','2013-11-25 01:52:28',1)
 ,(1349,124,'2013-11-25','2013-11-25 01:52:33',1)
 ,(1350,124,'2013-11-25','2013-11-25 01:52:42',1)
 ,(1351,124,'2013-11-25','2013-11-25 01:56:27',1)
 ,(1352,124,'2013-11-25','2013-11-25 01:56:56',1)
 ,(1353,124,'2013-11-25','2013-11-25 01:57:06',1)
 ,(1354,124,'2013-11-25','2013-11-25 01:57:24',1)
 ,(1355,124,'2013-11-25','2013-11-25 01:57:54',1)
 ,(1356,124,'2013-11-25','2013-11-25 01:58:19',1)
 ,(1357,124,'2013-11-25','2013-11-25 01:58:58',1)
 ,(1358,124,'2013-11-25','2013-11-25 01:58:59',1)
 ,(1359,124,'2013-11-25','2013-11-25 02:01:00',1)
 ,(1360,124,'2013-11-25','2013-11-25 02:05:50',1)
 ,(1361,124,'2013-11-25','2013-11-25 02:05:55',1)
 ,(1362,124,'2013-11-25','2013-11-25 02:07:28',1)
 ,(1363,124,'2013-11-25','2013-11-25 02:10:02',1)
 ,(1364,124,'2013-11-25','2013-11-25 02:14:11',1)
 ,(1365,124,'2013-11-25','2013-11-25 02:14:22',1)
 ,(1366,1,'2013-11-25','2013-11-25 02:14:38',1)
 ,(1367,119,'2013-11-25','2013-11-25 02:14:38',1)
 ,(1368,119,'2013-11-25','2013-11-25 02:14:38',1)
 ,(1369,119,'2013-11-25','2013-11-25 02:14:38',1)
 ,(1370,124,'2013-11-25','2013-11-25 02:14:42',1)
 ,(1371,1,'2013-11-25','2013-11-25 02:15:42',1)
 ,(1372,119,'2013-11-25','2013-11-25 02:15:42',1)
 ,(1373,119,'2013-11-25','2013-11-25 02:15:42',1)
 ,(1374,119,'2013-11-25','2013-11-25 02:15:43',1)
 ,(1375,124,'2013-11-25','2013-11-25 02:15:52',1)
 ,(1376,1,'2013-11-25','2013-11-25 02:18:13',1)
 ,(1377,119,'2013-11-25','2013-11-25 02:18:13',1)
 ,(1378,119,'2013-11-25','2013-11-25 02:18:13',1)
 ,(1379,119,'2013-11-25','2013-11-25 02:18:14',1)
 ,(1380,124,'2013-11-25','2013-11-25 02:25:42',1)
 ,(1381,1,'2013-11-25','2013-11-25 02:25:50',1)
 ,(1382,119,'2013-11-25','2013-11-25 02:25:51',1)
 ,(1383,119,'2013-11-25','2013-11-25 02:25:51',1)
 ,(1384,119,'2013-11-25','2013-11-25 02:25:51',1)
 ,(1385,124,'2013-11-25','2013-11-25 02:26:26',1)
 ,(1386,1,'2013-11-25','2013-11-25 02:26:31',1)
 ,(1387,119,'2013-11-25','2013-11-25 02:26:32',1)
 ,(1388,119,'2013-11-25','2013-11-25 02:26:32',1)
 ,(1389,119,'2013-11-25','2013-11-25 02:26:32',1)
 ,(1390,124,'2013-11-25','2013-11-25 02:27:09',1)
 ,(1391,125,'2013-11-25','2013-11-25 02:27:25',1)
 ,(1392,119,'2013-11-25','2013-11-25 02:27:25',1)
 ,(1393,119,'2013-11-25','2013-11-25 02:27:25',1)
 ,(1394,119,'2013-11-25','2013-11-25 02:27:25',1)
 ,(1395,126,'2013-11-25','2013-11-25 02:27:28',1)
 ,(1396,119,'2013-11-25','2013-11-25 02:27:28',1)
 ,(1397,119,'2013-11-25','2013-11-25 02:27:28',1)
 ,(1398,119,'2013-11-25','2013-11-25 02:27:28',1)
 ,(1399,124,'2013-11-25','2013-11-25 02:27:31',1)
 ,(1400,1,'2013-11-25','2013-11-25 02:27:32',1)
 ,(1401,119,'2013-11-25','2013-11-25 02:27:32',1)
 ,(1402,119,'2013-11-25','2013-11-25 02:27:32',1)
 ,(1403,119,'2013-11-25','2013-11-25 02:27:32',1)
 ,(1404,124,'2013-11-25','2013-11-25 02:28:20',1)
 ,(1405,124,'2013-11-25','2013-11-25 02:44:10',1)
 ,(1406,1,'2013-11-25','2013-11-25 02:44:29',1)
 ,(1407,119,'2013-11-25','2013-11-25 02:44:29',1)
 ,(1408,119,'2013-11-25','2013-11-25 02:44:30',1)
 ,(1409,119,'2013-11-25','2013-11-25 02:44:30',1)
 ,(1410,124,'2013-11-25','2013-11-25 02:44:32',1)
 ,(1411,1,'2013-11-25','2013-11-25 02:44:34',1)
 ,(1412,119,'2013-11-25','2013-11-25 02:44:34',1)
 ,(1413,119,'2013-11-25','2013-11-25 02:44:34',1)
 ,(1414,119,'2013-11-25','2013-11-25 02:44:34',1)
 ,(1415,124,'2013-11-25','2013-11-25 02:44:36',1)
 ,(1416,1,'2013-11-25','2013-11-25 02:45:07',1)
 ,(1417,119,'2013-11-25','2013-11-25 02:45:08',1)
 ,(1418,119,'2013-11-25','2013-11-25 02:45:08',1)
 ,(1419,119,'2013-11-25','2013-11-25 02:45:08',1)
 ,(1420,125,'2013-11-25','2013-11-25 02:48:22',1)
 ,(1421,119,'2013-11-25','2013-11-25 02:48:23',1)
 ,(1422,119,'2013-11-25','2013-11-25 02:48:23',1)
 ,(1423,119,'2013-11-25','2013-11-25 02:48:23',1)
 ,(1424,2,'2013-11-25','2013-11-25 02:48:25',1)
 ,(1425,32,'2013-11-25','2013-11-25 02:48:27',1)
 ,(1426,33,'2013-11-25','2013-11-25 02:48:31',1)
 ,(1427,33,'2013-11-25','2013-11-25 02:48:42',1)
 ,(1428,32,'2013-11-25','2013-11-25 02:48:42',1)
 ,(1429,1,'2013-11-25','2013-11-25 02:48:45',1)
 ,(1430,119,'2013-11-25','2013-11-25 02:48:46',1)
 ,(1431,119,'2013-11-25','2013-11-25 02:48:46',1)
 ,(1432,119,'2013-11-25','2013-11-25 02:48:46',1)
 ,(1433,125,'2013-11-25','2013-11-25 02:48:47',1)
 ,(1434,119,'2013-11-25','2013-11-25 02:48:48',1)
 ,(1435,119,'2013-11-25','2013-11-25 02:48:48',1)
 ,(1436,119,'2013-11-25','2013-11-25 02:48:48',1)
 ,(1437,125,'2013-11-25','2013-11-25 02:48:49',1)
 ,(1438,119,'2013-11-25','2013-11-25 02:48:49',1)
 ,(1439,119,'2013-11-25','2013-11-25 02:48:49',1)
 ,(1440,119,'2013-11-25','2013-11-25 02:48:49',1)
 ,(1441,125,'2013-11-25','2013-11-25 02:49:06',1)
 ,(1442,125,'2013-11-25','2013-11-25 02:51:34',1)
 ,(1443,125,'2013-11-25','2013-11-25 02:51:41',1)
 ,(1444,125,'2013-11-25','2013-11-25 02:51:43',1)
 ,(1445,125,'2013-11-25','2013-11-25 02:51:58',1)
 ,(1446,125,'2013-11-25','2013-11-25 02:52:00',1)
 ,(1447,125,'2013-11-25','2013-11-25 02:52:31',1)
 ,(1448,125,'2013-11-25','2013-11-25 02:54:03',1)
 ,(1449,125,'2013-11-25','2013-11-25 02:54:28',1)
 ,(1450,125,'2013-11-25','2013-11-25 02:55:14',1)
 ,(1451,125,'2013-11-25','2013-11-25 02:56:48',1)
 ,(1452,125,'2013-11-25','2013-11-25 02:57:28',1)
 ,(1453,125,'2013-11-25','2013-11-25 02:57:41',1)
 ,(1454,125,'2013-11-25','2013-11-25 02:58:14',1)
 ,(1455,125,'2013-11-25','2013-11-25 02:58:41',1)
 ,(1456,125,'2013-11-25','2013-11-25 02:59:00',1)
 ,(1457,1,'2013-11-25','2013-11-25 02:59:05',1)
 ,(1458,119,'2013-11-25','2013-11-25 02:59:06',1)
 ,(1459,119,'2013-11-25','2013-11-25 02:59:06',1)
 ,(1460,119,'2013-11-25','2013-11-25 02:59:06',1)
 ,(1461,124,'2013-11-25','2013-11-25 02:59:12',1)
 ,(1462,1,'2013-11-25','2013-11-25 02:59:24',1)
 ,(1463,119,'2013-11-25','2013-11-25 02:59:25',1)
 ,(1464,119,'2013-11-25','2013-11-25 02:59:25',1)
 ,(1465,119,'2013-11-25','2013-11-25 02:59:25',1)
 ,(1466,125,'2013-11-25','2013-11-25 02:59:26',1)
 ,(1467,1,'2013-11-25','2013-11-25 02:59:37',1)
 ,(1468,119,'2013-11-25','2013-11-25 02:59:37',1)
 ,(1469,119,'2013-11-25','2013-11-25 02:59:37',1)
 ,(1470,119,'2013-11-25','2013-11-25 02:59:37',1)
 ,(1471,125,'2013-11-25','2013-11-25 02:59:45',1)
 ,(1472,125,'2013-11-25','2013-11-25 02:59:51',1)
 ,(1473,125,'2013-11-25','2013-11-25 02:59:55',1)
 ,(1474,2,'2013-11-25','2013-11-25 02:59:58',1)
 ,(1475,4,'2013-11-25','2013-11-25 03:00:02',1)
 ,(1476,4,'2013-11-25','2013-11-25 03:00:02',1)
 ,(1477,4,'2013-11-25','2013-11-25 03:00:03',1)
 ,(1478,4,'2013-11-25','2013-11-25 03:00:07',1)
 ,(1479,4,'2013-11-25','2013-11-25 03:00:11',1)
 ,(1480,4,'2013-11-25','2013-11-25 03:00:18',1)
 ,(1481,4,'2013-11-25','2013-11-25 03:00:22',1)
 ,(1482,130,'2013-11-25','2013-11-25 03:00:23',1)
 ,(1483,119,'2013-11-25','2013-11-25 03:00:24',1)
 ,(1484,119,'2013-11-25','2013-11-25 03:00:24',1)
 ,(1485,119,'2013-11-25','2013-11-25 03:00:24',1)
 ,(1486,125,'2013-11-25','2013-11-25 03:03:56',1)
 ,(1487,130,'2013-11-25','2013-11-25 03:03:59',1)
 ,(1488,119,'2013-11-25','2013-11-25 03:04:00',1)
 ,(1489,119,'2013-11-25','2013-11-25 03:04:00',1)
 ,(1490,119,'2013-11-25','2013-11-25 03:04:00',1)
 ,(1491,125,'2013-11-25','2013-11-25 03:04:15',1)
 ,(1492,125,'2013-11-25','2013-11-25 03:04:16',1)
 ,(1493,125,'2013-11-25','2013-11-25 03:04:24',1)
 ,(1494,125,'2013-11-25','2013-11-25 03:04:26',1)
 ,(1495,130,'2013-11-25','2013-11-25 03:04:27',1)
 ,(1496,119,'2013-11-25','2013-11-25 03:04:27',1)
 ,(1497,119,'2013-11-25','2013-11-25 03:04:27',1)
 ,(1498,119,'2013-11-25','2013-11-25 03:04:27',1)
 ,(1499,2,'2013-11-25','2013-11-25 03:05:17',1)
 ,(1500,32,'2013-11-25','2013-11-25 03:05:19',1)
 ,(1501,33,'2013-11-25','2013-11-25 03:05:21',1)
 ,(1502,33,'2013-11-25','2013-11-25 03:05:30',1)
 ,(1503,33,'2013-11-25','2013-11-25 03:05:40',1)
 ,(1504,32,'2013-11-25','2013-11-25 03:05:41',1)
 ,(1505,2,'2013-11-25','2013-11-25 03:05:45',1)
 ,(1506,1,'2013-11-25','2013-11-25 03:05:54',1)
 ,(1507,119,'2013-11-25','2013-11-25 03:05:54',1)
 ,(1508,119,'2013-11-25','2013-11-25 03:05:55',1)
 ,(1509,119,'2013-11-25','2013-11-25 03:05:55',1)
 ,(1510,125,'2013-11-25','2013-11-25 03:05:55',1)
 ,(1511,130,'2013-11-25','2013-11-25 03:05:58',1)
 ,(1512,119,'2013-11-25','2013-11-25 03:05:58',1)
 ,(1513,119,'2013-11-25','2013-11-25 03:05:58',1)
 ,(1514,119,'2013-11-25','2013-11-25 03:05:58',1)
 ,(1515,130,'2013-11-25','2013-11-25 03:06:02',1)
 ,(1516,119,'2013-11-25','2013-11-25 03:06:02',1)
 ,(1517,119,'2013-11-25','2013-11-25 03:06:02',1)
 ,(1518,119,'2013-11-25','2013-11-25 03:06:02',1)
 ,(1519,130,'2013-11-25','2013-11-25 03:06:09',1)
 ,(1520,130,'2013-11-25','2013-11-25 03:06:23',1)
 ,(1521,130,'2013-11-25','2013-11-25 03:06:35',1)
 ,(1522,130,'2013-11-25','2013-11-25 03:06:40',1)
 ,(1523,130,'2013-11-25','2013-11-25 03:08:05',1)
 ,(1524,130,'2013-11-25','2013-11-25 03:08:11',1)
 ,(1525,130,'2013-11-25','2013-11-25 03:09:09',1)
 ,(1526,130,'2013-11-25','2013-11-25 03:09:12',1)
 ,(1527,130,'2013-11-25','2013-11-25 03:09:15',1)
 ,(1528,130,'2013-11-25','2013-11-25 03:09:16',1)
 ,(1529,125,'2013-11-25','2013-11-25 03:09:21',1)
 ,(1530,130,'2013-11-25','2013-11-25 03:09:23',1)
 ,(1531,130,'2013-11-25','2013-11-25 03:11:20',1)
 ,(1532,130,'2013-11-25','2013-11-25 03:11:22',1)
 ,(1533,130,'2013-11-25','2013-11-25 03:11:24',1)
 ,(1534,130,'2013-11-25','2013-11-25 03:13:12',1)
 ,(1535,130,'2013-11-25','2013-11-25 03:13:34',1)
 ,(1536,130,'2013-11-25','2013-11-25 03:25:15',1)
 ,(1537,1,'2013-11-25','2013-11-25 03:26:15',1)
 ,(1538,119,'2013-11-25','2013-11-25 03:26:16',1)
 ,(1539,119,'2013-11-25','2013-11-25 03:26:16',1)
 ,(1540,119,'2013-11-25','2013-11-25 03:26:16',1)
 ,(1541,124,'2013-11-25','2013-11-25 03:26:21',1)
 ,(1542,125,'2013-11-25','2013-11-25 03:26:23',1)
 ,(1543,130,'2013-11-25','2013-11-25 03:26:26',1)
 ,(1544,130,'2013-11-25','2013-11-25 03:26:32',1)
 ,(1545,130,'2013-11-25','2013-11-25 03:29:04',1)
 ,(1546,130,'2013-11-25','2013-11-25 03:29:37',1)
 ,(1547,130,'2013-11-25','2013-11-25 03:31:38',1)
 ,(1548,130,'2013-11-25','2013-11-25 03:32:02',1)
 ,(1549,130,'2013-11-25','2013-11-25 03:32:25',1)
 ,(1550,130,'2013-11-25','2013-11-25 03:32:31',1)
 ,(1551,1,'2013-11-25','2013-11-25 03:33:19',1)
 ,(1552,119,'2013-11-25','2013-11-25 03:33:19',1)
 ,(1553,119,'2013-11-25','2013-11-25 03:33:20',1)
 ,(1554,119,'2013-11-25','2013-11-25 03:33:20',1)
 ,(1555,1,'2013-11-25','2013-11-25 03:33:57',1)
 ,(1556,119,'2013-11-25','2013-11-25 03:33:58',1)
 ,(1557,119,'2013-11-25','2013-11-25 03:33:58',1)
 ,(1558,119,'2013-11-25','2013-11-25 03:33:58',1)
 ,(1559,1,'2013-11-25','2013-11-25 03:34:02',1)
 ,(1560,119,'2013-11-25','2013-11-25 03:34:02',1)
 ,(1561,119,'2013-11-25','2013-11-25 03:34:02',1)
 ,(1562,119,'2013-11-25','2013-11-25 03:34:02',1)
 ,(1563,1,'2013-11-25','2013-11-25 03:34:22',1)
 ,(1564,119,'2013-11-25','2013-11-25 03:34:22',1)
 ,(1565,119,'2013-11-25','2013-11-25 03:34:22',1)
 ,(1566,119,'2013-11-25','2013-11-25 03:34:22',1)
 ,(1567,1,'2013-11-25','2013-11-25 03:34:23',1)
 ,(1568,119,'2013-11-25','2013-11-25 03:34:23',1)
 ,(1569,119,'2013-11-25','2013-11-25 03:34:23',1)
 ,(1570,119,'2013-11-25','2013-11-25 03:34:24',1)
 ,(1571,124,'2013-11-25','2013-11-25 03:34:26',1)
 ,(1572,124,'2013-11-25','2013-11-25 03:34:27',1)
 ,(1573,1,'2013-11-25','2013-11-25 03:34:29',1)
 ,(1574,119,'2013-11-25','2013-11-25 03:34:29',1)
 ,(1575,119,'2013-11-25','2013-11-25 03:34:29',1)
 ,(1576,119,'2013-11-25','2013-11-25 03:34:29',1)
 ,(1577,1,'2013-11-25','2013-11-25 03:34:31',1)
 ,(1578,119,'2013-11-25','2013-11-25 03:34:31',1)
 ,(1579,119,'2013-11-25','2013-11-25 03:34:31',1)
 ,(1580,119,'2013-11-25','2013-11-25 03:34:31',1)
 ,(1581,1,'2013-11-25','2013-11-25 03:34:32',1)
 ,(1582,119,'2013-11-25','2013-11-25 03:34:32',1)
 ,(1583,119,'2013-11-25','2013-11-25 03:34:32',1)
 ,(1584,119,'2013-11-25','2013-11-25 03:34:32',1)
 ,(1585,125,'2013-11-25','2013-11-25 03:34:34',1)
 ,(1586,124,'2013-11-25','2013-11-25 03:34:46',1)
 ,(1587,1,'2013-11-25','2013-11-25 03:37:05',1)
 ,(1588,119,'2013-11-25','2013-11-25 03:37:05',1)
 ,(1589,119,'2013-11-25','2013-11-25 03:37:05',1)
 ,(1590,119,'2013-11-25','2013-11-25 03:37:05',1)
 ,(1591,124,'2013-11-25','2013-11-25 03:37:07',1)
 ,(1592,124,'2013-11-25','2013-11-25 03:37:29',1)
 ,(1593,124,'2013-11-25','2013-11-25 03:38:12',1)
 ,(1594,125,'2013-11-25','2013-11-25 03:38:24',1)
 ,(1595,130,'2013-11-25','2013-11-25 03:38:25',1)
 ,(1596,1,'2013-11-25','2013-11-25 03:38:41',1)
 ,(1597,119,'2013-11-25','2013-11-25 03:38:42',1)
 ,(1598,119,'2013-11-25','2013-11-25 03:38:42',1)
 ,(1599,119,'2013-11-25','2013-11-25 03:38:42',1)
 ,(1600,125,'2013-11-25','2013-11-25 03:39:24',1)
 ,(1601,126,'2013-11-25','2013-11-25 03:51:39',1)
 ,(1602,119,'2013-11-25','2013-11-25 03:51:39',1)
 ,(1603,119,'2013-11-25','2013-11-25 03:51:39',1)
 ,(1604,119,'2013-11-25','2013-11-25 03:51:39',1)
 ,(1605,1,'2013-11-25','2013-11-25 03:52:16',1)
 ,(1606,119,'2013-11-25','2013-11-25 03:52:16',1)
 ,(1607,119,'2013-11-25','2013-11-25 03:52:16',1)
 ,(1608,119,'2013-11-25','2013-11-25 03:52:16',1)
 ,(1609,1,'2013-11-25','2013-11-25 03:53:19',1)
 ,(1610,119,'2013-11-25','2013-11-25 03:53:19',1)
 ,(1611,119,'2013-11-25','2013-11-25 03:53:19',1)
 ,(1612,119,'2013-11-25','2013-11-25 03:53:20',1)
 ,(1613,1,'2013-11-25','2013-11-25 03:53:39',1)
 ,(1614,119,'2013-11-25','2013-11-25 03:53:39',1)
 ,(1615,119,'2013-11-25','2013-11-25 03:53:40',1)
 ,(1616,119,'2013-11-25','2013-11-25 03:53:40',1)
 ,(1617,1,'2013-11-25','2013-11-25 03:54:08',1)
 ,(1618,119,'2013-11-25','2013-11-25 03:54:09',1)
 ,(1619,119,'2013-11-25','2013-11-25 03:54:09',1)
 ,(1620,119,'2013-11-25','2013-11-25 03:54:09',1)
 ,(1621,124,'2013-11-25','2013-11-25 03:54:18',1)
 ,(1622,125,'2013-11-25','2013-11-25 03:54:28',1)
 ,(1623,130,'2013-11-25','2013-11-25 03:54:30',1)
 ,(1624,126,'2013-11-25','2013-11-25 03:54:36',1)
 ,(1625,119,'2013-11-25','2013-11-25 03:54:37',1)
 ,(1626,119,'2013-11-25','2013-11-25 03:54:37',1)
 ,(1627,119,'2013-11-25','2013-11-25 03:54:37',1)
 ,(1628,2,'2013-11-25','2013-11-25 03:54:46',1)
 ,(1629,51,'2013-11-25','2013-11-25 03:54:50',1)
 ,(1630,98,'2013-11-25','2013-11-25 03:54:53',1)
 ,(1631,98,'2013-11-25','2013-11-25 03:54:57',1)
 ,(1632,1,'2013-11-25','2013-11-25 04:23:11',1)
 ,(1633,119,'2013-11-25','2013-11-25 04:23:12',1)
 ,(1634,119,'2013-11-25','2013-11-25 04:23:12',1)
 ,(1635,119,'2013-11-25','2013-11-25 04:23:12',1)
 ,(1636,124,'2013-11-25','2013-11-25 04:23:23',1)
 ,(1637,1,'2013-11-25','2013-11-25 04:23:37',1)
 ,(1638,119,'2013-11-25','2013-11-25 04:23:38',1)
 ,(1639,119,'2013-11-25','2013-11-25 04:23:38',1)
 ,(1640,119,'2013-11-25','2013-11-25 04:23:38',1)
 ,(1641,125,'2013-11-25','2013-11-25 04:23:41',1)
 ,(1642,130,'2013-11-25','2013-11-25 04:23:45',1)
 ,(1643,1,'2013-11-25','2013-11-25 04:23:51',1)
 ,(1644,119,'2013-11-25','2013-11-25 04:23:51',1)
 ,(1645,119,'2013-11-25','2013-11-25 04:23:51',1)
 ,(1646,119,'2013-11-25','2013-11-25 04:23:51',1)
 ,(1647,1,'2013-11-25','2013-11-25 12:35:19',1)
 ,(1648,1,'2013-11-25','2013-11-25 12:35:25',1)
 ,(1649,1,'2013-11-25','2013-11-25 12:35:29',1)
 ,(1650,1,'2013-11-25','2013-11-25 19:11:57',0)
 ,(1651,119,'2013-11-25','2013-11-25 19:11:58',0)
 ,(1652,119,'2013-11-25','2013-11-25 19:11:58',0)
 ,(1653,119,'2013-11-25','2013-11-25 19:11:58',0)
 ,(1654,125,'2013-11-25','2013-11-25 19:13:02',0)
 ,(1655,124,'2013-11-25','2013-11-25 19:13:15',0)
 ,(1656,125,'2013-11-25','2013-11-25 19:13:22',0)
 ,(1657,1,'2013-11-25','2013-11-25 19:13:30',0)
 ,(1658,119,'2013-11-25','2013-11-25 19:13:30',0)
 ,(1659,119,'2013-11-25','2013-11-25 19:13:30',0)
 ,(1660,119,'2013-11-25','2013-11-25 19:13:31',0)
 ,(1661,1,'2013-11-25','2013-11-25 19:14:08',0)
 ,(1662,119,'2013-11-25','2013-11-25 19:14:09',0)
 ,(1663,119,'2013-11-25','2013-11-25 19:14:09',0)
 ,(1664,119,'2013-11-25','2013-11-25 19:14:09',0)
 ,(1665,110,'2013-11-25','2013-11-25 19:14:19',0)
 ,(1666,2,'2013-11-25','2013-11-25 19:14:20',1)
 ,(1667,106,'2013-11-25','2013-11-25 19:14:21',1)
 ,(1668,4,'2013-11-25','2013-11-25 19:14:34',1)
 ,(1669,4,'2013-11-25','2013-11-25 19:14:34',1)
 ,(1670,4,'2013-11-25','2013-11-25 19:14:38',1)
 ,(1671,4,'2013-11-25','2013-11-25 19:14:45',1)
 ,(1672,4,'2013-11-25','2013-11-25 19:14:46',1)
 ,(1673,4,'2013-11-25','2013-11-25 19:14:53',1)
 ,(1674,4,'2013-11-25','2013-11-25 19:14:55',1)
 ,(1675,132,'2013-11-25','2013-11-25 19:14:58',1)
 ,(1676,119,'2013-11-25','2013-11-25 19:14:58',1)
 ,(1677,119,'2013-11-25','2013-11-25 19:14:58',1)
 ,(1678,119,'2013-11-25','2013-11-25 19:14:58',1)
 ,(1679,132,'2013-11-25','2013-11-25 19:15:01',1)
 ,(1680,119,'2013-11-25','2013-11-25 19:15:01',1)
 ,(1681,119,'2013-11-25','2013-11-25 19:15:01',1)
 ,(1682,119,'2013-11-25','2013-11-25 19:15:01',1)
 ,(1683,1,'2013-11-25','2013-11-25 19:16:05',1)
 ,(1684,119,'2013-11-25','2013-11-25 19:16:05',1)
 ,(1685,119,'2013-11-25','2013-11-25 19:16:05',1)
 ,(1686,119,'2013-11-25','2013-11-25 19:16:05',1)
 ,(1687,132,'2013-11-25','2013-11-25 19:29:21',1)
 ,(1688,119,'2013-11-25','2013-11-25 19:29:21',1)
 ,(1689,119,'2013-11-25','2013-11-25 19:29:21',1)
 ,(1690,119,'2013-11-25','2013-11-25 19:29:21',1)
 ,(1691,132,'2013-11-25','2013-11-25 19:32:16',1)
 ,(1692,119,'2013-11-25','2013-11-25 19:32:16',1)
 ,(1693,119,'2013-11-25','2013-11-25 19:32:16',1)
 ,(1694,119,'2013-11-25','2013-11-25 19:32:16',1)
 ,(1695,132,'2013-11-25','2013-11-25 19:32:18',1)
 ,(1696,119,'2013-11-25','2013-11-25 19:32:19',1)
 ,(1697,119,'2013-11-25','2013-11-25 19:32:19',1)
 ,(1698,119,'2013-11-25','2013-11-25 19:32:19',1)
 ,(1699,2,'2013-11-25','2013-11-25 19:37:38',1)
 ,(1700,11,'2013-11-25','2013-11-25 19:37:43',1)
 ,(1701,2,'2013-11-25','2013-11-25 19:38:32',1)
 ,(1702,13,'2013-11-25','2013-11-25 19:38:33',1)
 ,(1703,13,'2013-11-25','2013-11-25 19:38:35',1)
 ,(1704,13,'2013-11-25','2013-11-25 19:38:39',1)
 ,(1705,13,'2013-11-25','2013-11-25 19:38:39',1)
 ,(1706,1,'2013-11-25','2013-11-25 19:38:42',1)
 ,(1707,119,'2013-11-25','2013-11-25 19:38:42',1)
 ,(1708,119,'2013-11-25','2013-11-25 19:38:42',1)
 ,(1709,119,'2013-11-25','2013-11-25 19:38:42',1)
 ,(1710,119,'2013-11-25','2013-11-25 19:38:42',1)
 ,(1711,119,'2013-11-25','2013-11-25 19:43:16',1)
 ,(1712,132,'2013-11-25','2013-11-25 19:44:24',1)
 ,(1713,119,'2013-11-25','2013-11-25 19:44:25',1)
 ,(1714,132,'2013-11-25','2013-11-25 19:44:25',1)
 ,(1715,119,'2013-11-25','2013-11-25 19:44:25',1)
 ,(1716,119,'2013-11-25','2013-11-25 19:44:26',1)
 ,(1717,119,'2013-11-25','2013-11-25 19:44:26',1)
 ,(1718,119,'2013-11-25','2013-11-25 19:44:27',1)
 ,(1719,1,'2013-11-25','2013-11-25 19:44:52',1)
 ,(1720,119,'2013-11-25','2013-11-25 19:44:52',1)
 ,(1721,119,'2013-11-25','2013-11-25 19:44:52',1)
 ,(1722,119,'2013-11-25','2013-11-25 19:44:53',1)
 ,(1723,119,'2013-11-25','2013-11-25 19:44:53',1)
 ,(1724,124,'2013-11-25','2013-11-25 19:45:06',1)
 ,(1725,1,'2013-11-25','2013-11-25 19:45:13',1)
 ,(1726,119,'2013-11-25','2013-11-25 19:45:13',1)
 ,(1727,119,'2013-11-25','2013-11-25 19:45:13',1)
 ,(1728,119,'2013-11-25','2013-11-25 19:45:13',1)
 ,(1729,119,'2013-11-25','2013-11-25 19:45:13',1)
 ,(1730,124,'2013-11-25','2013-11-25 19:45:15',1)
 ,(1731,124,'2013-11-25','2013-11-25 19:46:00',1)
 ,(1732,124,'2013-11-25','2013-11-25 19:46:24',1)
 ,(1733,124,'2013-11-25','2013-11-25 19:46:31',1)
 ,(1734,124,'2013-11-25','2013-11-25 19:46:50',1)
 ,(1735,124,'2013-11-25','2013-11-25 19:46:58',1)
 ,(1736,124,'2013-11-25','2013-11-25 19:47:06',1)
 ,(1737,124,'2013-11-25','2013-11-25 19:47:14',1)
 ,(1738,125,'2013-11-25','2013-11-25 19:48:00',1)
 ,(1739,124,'2013-11-25','2013-11-25 19:48:05',1)
 ,(1740,125,'2013-11-25','2013-11-25 19:48:50',1)
 ,(1741,11,'2013-11-25','2013-11-25 19:49:01',1)
 ,(1742,2,'2013-11-25','2013-11-25 19:49:07',1)
 ,(1743,13,'2013-11-25','2013-11-25 19:49:08',1)
 ,(1744,125,'2013-11-25','2013-11-25 19:49:27',1)
 ,(1745,1,'2013-11-25','2013-11-25 19:52:21',1)
 ,(1746,119,'2013-11-25','2013-11-25 19:52:22',1)
 ,(1747,119,'2013-11-25','2013-11-25 19:52:22',1)
 ,(1748,119,'2013-11-25','2013-11-25 19:52:22',1)
 ,(1749,119,'2013-11-25','2013-11-25 19:52:22',1)
 ,(1750,1,'2013-11-25','2013-11-25 19:52:25',1)
 ,(1751,119,'2013-11-25','2013-11-25 19:52:26',1)
 ,(1752,119,'2013-11-25','2013-11-25 19:52:26',1)
 ,(1753,119,'2013-11-25','2013-11-25 19:52:26',1)
 ,(1754,119,'2013-11-25','2013-11-25 19:52:26',1)
 ,(1755,1,'2013-11-25','2013-11-25 19:55:29',1)
 ,(1756,119,'2013-11-25','2013-11-25 19:55:29',1)
 ,(1757,119,'2013-11-25','2013-11-25 19:55:30',1)
 ,(1758,119,'2013-11-25','2013-11-25 19:55:30',1)
 ,(1759,119,'2013-11-25','2013-11-25 19:55:30',1)
 ,(1760,124,'2013-11-25','2013-11-25 19:55:36',1)
 ,(1761,125,'2013-11-25','2013-11-25 19:55:50',1)
 ,(1762,126,'2013-11-25','2013-11-25 19:55:54',1)
 ,(1763,119,'2013-11-25','2013-11-25 19:55:54',1)
 ,(1764,119,'2013-11-25','2013-11-25 19:55:54',1)
 ,(1765,119,'2013-11-25','2013-11-25 19:55:54',1)
 ,(1766,119,'2013-11-25','2013-11-25 19:55:55',1)
 ,(1767,132,'2013-11-25','2013-11-25 19:55:58',1)
 ,(1768,119,'2013-11-25','2013-11-25 19:55:58',1)
 ,(1769,119,'2013-11-25','2013-11-25 19:55:59',1)
 ,(1770,119,'2013-11-25','2013-11-25 19:55:59',1)
 ,(1771,1,'2013-11-25','2013-11-25 19:56:01',1)
 ,(1772,119,'2013-11-25','2013-11-25 19:56:01',1)
 ,(1773,119,'2013-11-25','2013-11-25 19:56:01',1)
 ,(1774,119,'2013-11-25','2013-11-25 19:56:01',1)
 ,(1775,119,'2013-11-25','2013-11-25 19:56:01',1)
 ,(1776,125,'2013-11-25','2013-11-25 19:56:28',1)
 ,(1777,130,'2013-11-25','2013-11-25 19:56:30',1)
 ,(1778,125,'2013-11-25','2013-11-25 19:56:45',1)
 ,(1779,130,'2013-11-25','2013-11-25 19:56:48',1)
 ,(1780,130,'2013-11-25','2013-11-25 19:57:00',1)
 ,(1781,2,'2013-11-25','2013-11-25 20:07:34',1)
 ,(1782,11,'2013-11-25','2013-11-25 20:07:37',1)
 ,(1783,126,'2013-11-25','2013-11-25 20:09:20',1)
 ,(1784,119,'2013-11-25','2013-11-25 20:09:20',1)
 ,(1785,119,'2013-11-25','2013-11-25 20:09:21',1)
 ,(1786,119,'2013-11-25','2013-11-25 20:09:21',1)
 ,(1787,119,'2013-11-25','2013-11-25 20:09:21',1)
 ,(1788,2,'2013-11-25','2013-11-25 20:14:20',1)
 ,(1789,51,'2013-11-25','2013-11-25 20:14:25',1)
 ,(1790,132,'2013-11-25','2013-11-25 20:18:54',1)
 ,(1791,119,'2013-11-25','2013-11-25 20:18:54',1)
 ,(1792,119,'2013-11-25','2013-11-25 20:18:54',1)
 ,(1793,119,'2013-11-25','2013-11-25 20:18:54',1)
 ,(1794,126,'2013-11-26','2013-11-26 15:16:35',1)
 ,(1795,2,'2013-11-26','2013-11-26 15:16:36',1)
 ,(1796,11,'2013-11-26','2013-11-26 15:16:36',1)
 ,(1797,1,'2013-11-26','2013-11-26 15:16:42',1)
 ,(1798,119,'2013-11-26','2013-11-26 15:16:42',1)
 ,(1799,119,'2013-11-26','2013-11-26 15:16:43',1)
 ,(1800,119,'2013-11-26','2013-11-26 15:16:43',1)
 ,(1801,119,'2013-11-26','2013-11-26 15:16:43',1)
 ,(1802,132,'2013-11-26','2013-11-26 15:16:53',1)
 ,(1803,119,'2013-11-26','2013-11-26 15:16:53',1)
 ,(1804,119,'2013-11-26','2013-11-26 15:16:53',1)
 ,(1805,119,'2013-11-26','2013-11-26 15:16:53',1)
 ,(1806,119,'2013-11-26','2013-11-26 15:16:53',1)
 ,(1807,132,'2013-11-26','2013-11-26 15:19:48',1)
 ,(1808,119,'2013-11-26','2013-11-26 15:19:48',1)
 ,(1809,119,'2013-11-26','2013-11-26 15:19:48',1)
 ,(1810,119,'2013-11-26','2013-11-26 15:19:48',1)
 ,(1811,119,'2013-11-26','2013-11-26 15:19:48',1)
 ,(1812,132,'2013-11-26','2013-11-26 15:19:57',1)
 ,(1813,119,'2013-11-26','2013-11-26 15:19:57',1)
 ,(1814,119,'2013-11-26','2013-11-26 15:19:58',1)
 ,(1815,119,'2013-11-26','2013-11-26 15:19:58',1)
 ,(1816,119,'2013-11-26','2013-11-26 15:19:58',1)
 ,(1817,132,'2013-11-26','2013-11-26 15:22:06',1)
 ,(1818,119,'2013-11-26','2013-11-26 15:22:07',1)
 ,(1819,119,'2013-11-26','2013-11-26 15:22:07',1)
 ,(1820,119,'2013-11-26','2013-11-26 15:22:07',1)
 ,(1821,119,'2013-11-26','2013-11-26 15:22:07',1)
 ,(1822,132,'2013-11-26','2013-11-26 15:23:07',1)
 ,(1823,119,'2013-11-26','2013-11-26 15:23:07',1)
 ,(1824,119,'2013-11-26','2013-11-26 15:23:07',1)
 ,(1825,119,'2013-11-26','2013-11-26 15:23:07',1)
 ,(1826,119,'2013-11-26','2013-11-26 15:23:07',1)
 ,(1827,132,'2013-11-26','2013-11-26 15:23:09',1)
 ,(1828,119,'2013-11-26','2013-11-26 15:23:10',1)
 ,(1829,119,'2013-11-26','2013-11-26 15:23:10',1)
 ,(1830,119,'2013-11-26','2013-11-26 15:23:10',1)
 ,(1831,119,'2013-11-26','2013-11-26 15:23:10',1)
 ,(1832,132,'2013-11-26','2013-11-26 15:23:26',1)
 ,(1833,119,'2013-11-26','2013-11-26 15:23:26',1)
 ,(1834,119,'2013-11-26','2013-11-26 15:23:27',1)
 ,(1835,119,'2013-11-26','2013-11-26 15:23:27',1)
 ,(1836,119,'2013-11-26','2013-11-26 15:23:27',1)
 ,(1837,132,'2013-11-26','2013-11-26 15:26:33',1)
 ,(1838,119,'2013-11-26','2013-11-26 15:26:33',1)
 ,(1839,119,'2013-11-26','2013-11-26 15:26:34',1)
 ,(1840,119,'2013-11-26','2013-11-26 15:26:34',1)
 ,(1841,119,'2013-11-26','2013-11-26 15:26:34',1)
 ,(1842,132,'2013-11-26','2013-11-26 15:26:37',1)
 ,(1843,119,'2013-11-26','2013-11-26 15:26:37',1)
 ,(1844,119,'2013-11-26','2013-11-26 15:26:37',1)
 ,(1845,119,'2013-11-26','2013-11-26 15:26:37',1)
 ,(1846,119,'2013-11-26','2013-11-26 15:26:38',1)
 ,(1847,132,'2013-11-26','2013-11-26 15:26:40',1)
 ,(1848,119,'2013-11-26','2013-11-26 15:26:40',1)
 ,(1849,119,'2013-11-26','2013-11-26 15:26:40',1)
 ,(1850,119,'2013-11-26','2013-11-26 15:26:40',1)
 ,(1851,119,'2013-11-26','2013-11-26 15:26:40',1)
 ,(1852,132,'2013-11-26','2013-11-26 15:28:20',1)
 ,(1853,119,'2013-11-26','2013-11-26 15:28:20',1)
 ,(1854,119,'2013-11-26','2013-11-26 15:28:20',1)
 ,(1855,119,'2013-11-26','2013-11-26 15:28:20',1)
 ,(1856,119,'2013-11-26','2013-11-26 15:28:20',1)
 ,(1857,1,'2013-11-26','2013-11-26 15:28:26',1)
 ,(1858,119,'2013-11-26','2013-11-26 15:28:26',1)
 ,(1859,119,'2013-11-26','2013-11-26 15:28:27',1)
 ,(1860,119,'2013-11-26','2013-11-26 15:28:27',1)
 ,(1861,119,'2013-11-26','2013-11-26 15:28:27',1)
 ,(1862,1,'2013-11-26','2013-11-26 15:28:30',1)
 ,(1863,119,'2013-11-26','2013-11-26 15:28:30',1)
 ,(1864,119,'2013-11-26','2013-11-26 15:28:30',1)
 ,(1865,119,'2013-11-26','2013-11-26 15:28:30',1)
 ,(1866,119,'2013-11-26','2013-11-26 15:28:30',1)
 ,(1867,1,'2013-11-26','2013-11-26 15:29:56',1)
 ,(1868,119,'2013-11-26','2013-11-26 15:29:56',1)
 ,(1869,119,'2013-11-26','2013-11-26 15:29:56',1)
 ,(1870,119,'2013-11-26','2013-11-26 15:29:57',1)
 ,(1871,119,'2013-11-26','2013-11-26 15:29:57',1)
 ,(1872,1,'2013-11-26','2013-11-26 15:30:15',1)
 ,(1873,119,'2013-11-26','2013-11-26 15:30:16',1)
 ,(1874,119,'2013-11-26','2013-11-26 15:30:16',1)
 ,(1875,119,'2013-11-26','2013-11-26 15:30:16',1)
 ,(1876,119,'2013-11-26','2013-11-26 15:30:16',1)
 ,(1877,1,'2013-11-26','2013-11-26 15:30:27',1)
 ,(1878,119,'2013-11-26','2013-11-26 15:30:27',1)
 ,(1879,119,'2013-11-26','2013-11-26 15:30:28',1)
 ,(1880,119,'2013-11-26','2013-11-26 15:30:28',1)
 ,(1881,119,'2013-11-26','2013-11-26 15:30:28',1)
 ,(1882,124,'2013-11-26','2013-11-26 15:30:46',1)
 ,(1883,124,'2013-11-26','2013-11-26 15:30:56',1)
 ,(1884,132,'2013-11-26','2013-11-26 15:31:24',1)
 ,(1885,119,'2013-11-26','2013-11-26 15:31:25',1)
 ,(1886,119,'2013-11-26','2013-11-26 15:31:25',1)
 ,(1887,119,'2013-11-26','2013-11-26 15:31:25',1)
 ,(1888,119,'2013-11-26','2013-11-26 15:31:25',1)
 ,(1889,1,'2013-11-26','2013-11-26 15:33:06',1)
 ,(1890,119,'2013-11-26','2013-11-26 15:33:06',1)
 ,(1891,119,'2013-11-26','2013-11-26 15:33:06',1)
 ,(1892,119,'2013-11-26','2013-11-26 15:33:06',1)
 ,(1893,119,'2013-11-26','2013-11-26 15:33:07',1)
 ,(1894,1,'2013-11-26','2013-11-26 15:35:11',1)
 ,(1895,119,'2013-11-26','2013-11-26 15:35:11',1)
 ,(1896,119,'2013-11-26','2013-11-26 15:35:11',1)
 ,(1897,119,'2013-11-26','2013-11-26 15:35:11',1)
 ,(1898,119,'2013-11-26','2013-11-26 15:35:11',1)
 ,(1899,1,'2013-11-26','2013-11-26 15:49:35',1)
 ,(1900,119,'2013-11-26','2013-11-26 15:49:36',1)
 ,(1901,119,'2013-11-26','2013-11-26 15:49:36',1)
 ,(1902,119,'2013-11-26','2013-11-26 15:49:36',1)
 ,(1903,119,'2013-11-26','2013-11-26 15:49:36',1)
 ,(1904,1,'2013-11-26','2013-11-26 15:55:02',1)
 ,(1905,119,'2013-11-26','2013-11-26 15:55:03',1)
 ,(1906,119,'2013-11-26','2013-11-26 15:55:03',1)
 ,(1907,119,'2013-11-26','2013-11-26 15:55:03',1)
 ,(1908,119,'2013-11-26','2013-11-26 15:55:03',1)
 ,(1909,1,'2013-11-26','2013-11-26 16:10:04',1)
 ,(1910,119,'2013-11-26','2013-11-26 16:10:04',1)
 ,(1911,119,'2013-11-26','2013-11-26 16:10:04',1)
 ,(1912,119,'2013-11-26','2013-11-26 16:10:05',1)
 ,(1913,119,'2013-11-26','2013-11-26 16:10:05',1)
 ,(1914,1,'2013-11-26','2013-11-26 16:10:12',1)
 ,(1915,119,'2013-11-26','2013-11-26 16:10:13',1)
 ,(1916,119,'2013-11-26','2013-11-26 16:10:13',1)
 ,(1917,119,'2013-11-26','2013-11-26 16:10:13',1)
 ,(1918,119,'2013-11-26','2013-11-26 16:10:13',1)
 ,(1919,1,'2013-11-26','2013-11-26 16:10:13',1)
 ,(1920,119,'2013-11-26','2013-11-26 16:10:14',1)
 ,(1921,119,'2013-11-26','2013-11-26 16:10:14',1)
 ,(1922,119,'2013-11-26','2013-11-26 16:10:14',1)
 ,(1923,119,'2013-11-26','2013-11-26 16:10:14',1)
 ,(1924,1,'2013-11-26','2013-11-26 16:10:19',1)
 ,(1925,119,'2013-11-26','2013-11-26 16:10:19',1)
 ,(1926,119,'2013-11-26','2013-11-26 16:10:19',1)
 ,(1927,119,'2013-11-26','2013-11-26 16:10:19',1)
 ,(1928,119,'2013-11-26','2013-11-26 16:10:19',1)
 ,(1929,2,'2013-11-26','2013-11-26 16:10:21',1)
 ,(1930,51,'2013-11-26','2013-11-26 16:10:32',1)
 ,(1931,68,'2013-11-26','2013-11-26 16:10:35',1)
 ,(1932,68,'2013-11-26','2013-11-26 16:10:37',1)
 ,(1933,68,'2013-11-26','2013-11-26 16:10:37',1)
 ,(1934,1,'2013-11-26','2013-11-26 16:10:45',1)
 ,(1935,119,'2013-11-26','2013-11-26 16:10:46',1)
 ,(1936,119,'2013-11-26','2013-11-26 16:10:46',1)
 ,(1937,119,'2013-11-26','2013-11-26 16:10:46',1)
 ,(1938,119,'2013-11-26','2013-11-26 16:10:46',1)
 ,(1939,1,'2013-11-26','2013-11-26 16:11:39',1)
 ,(1940,119,'2013-11-26','2013-11-26 16:11:40',1)
 ,(1941,119,'2013-11-26','2013-11-26 16:11:40',1)
 ,(1942,119,'2013-11-26','2013-11-26 16:11:40',1)
 ,(1943,119,'2013-11-26','2013-11-26 16:11:40',1)
 ,(1944,1,'2013-11-26','2013-11-26 16:12:50',1)
 ,(1945,119,'2013-11-26','2013-11-26 16:12:51',1)
 ,(1946,119,'2013-11-26','2013-11-26 16:12:51',1)
 ,(1947,119,'2013-11-26','2013-11-26 16:12:51',1)
 ,(1948,119,'2013-11-26','2013-11-26 16:12:51',1)
 ,(1949,1,'2013-11-26','2013-11-26 16:12:53',1)
 ,(1950,119,'2013-11-26','2013-11-26 16:12:53',1)
 ,(1951,119,'2013-11-26','2013-11-26 16:12:53',1)
 ,(1952,119,'2013-11-26','2013-11-26 16:12:53',1)
 ,(1953,119,'2013-11-26','2013-11-26 16:12:53',1)
 ,(1954,1,'2013-11-26','2013-11-26 16:12:54',1)
 ,(1955,119,'2013-11-26','2013-11-26 16:12:55',1)
 ,(1956,119,'2013-11-26','2013-11-26 16:12:55',1)
 ,(1957,119,'2013-11-26','2013-11-26 16:12:55',1)
 ,(1958,119,'2013-11-26','2013-11-26 16:12:55',1)
 ,(1959,1,'2013-11-26','2013-11-26 16:13:24',1)
 ,(1960,119,'2013-11-26','2013-11-26 16:13:24',1)
 ,(1961,119,'2013-11-26','2013-11-26 16:13:24',1)
 ,(1962,119,'2013-11-26','2013-11-26 16:13:24',1)
 ,(1963,119,'2013-11-26','2013-11-26 16:13:24',1)
 ,(1964,1,'2013-11-26','2013-11-26 16:13:25',1)
 ,(1965,119,'2013-11-26','2013-11-26 16:13:25',1)
 ,(1966,119,'2013-11-26','2013-11-26 16:13:26',1)
 ,(1967,119,'2013-11-26','2013-11-26 16:13:26',1)
 ,(1968,119,'2013-11-26','2013-11-26 16:13:26',1)
 ,(1969,1,'2013-11-26','2013-11-26 16:13:27',1)
 ,(1970,119,'2013-11-26','2013-11-26 16:13:27',1)
 ,(1971,119,'2013-11-26','2013-11-26 16:13:27',1)
 ,(1972,119,'2013-11-26','2013-11-26 16:13:28',1)
 ,(1973,119,'2013-11-26','2013-11-26 16:13:28',1)
 ,(1974,1,'2013-11-26','2013-11-26 16:15:01',1)
 ,(1975,119,'2013-11-26','2013-11-26 16:15:02',1)
 ,(1976,119,'2013-11-26','2013-11-26 16:15:02',1)
 ,(1977,119,'2013-11-26','2013-11-26 16:15:02',1)
 ,(1978,119,'2013-11-26','2013-11-26 16:15:02',1)
 ,(1979,1,'2013-11-26','2013-11-26 16:15:03',1)
 ,(1980,119,'2013-11-26','2013-11-26 16:15:03',1)
 ,(1981,119,'2013-11-26','2013-11-26 16:15:04',1)
 ,(1982,119,'2013-11-26','2013-11-26 16:15:04',1)
 ,(1983,119,'2013-11-26','2013-11-26 16:15:04',1)
 ,(1984,1,'2013-11-26','2013-11-26 16:15:05',1)
 ,(1985,119,'2013-11-26','2013-11-26 16:15:05',1)
 ,(1986,119,'2013-11-26','2013-11-26 16:15:05',1)
 ,(1987,119,'2013-11-26','2013-11-26 16:15:05',1)
 ,(1988,119,'2013-11-26','2013-11-26 16:15:05',1)
 ,(1989,1,'2013-11-26','2013-11-26 16:18:35',1)
 ,(1990,119,'2013-11-26','2013-11-26 16:18:36',1)
 ,(1991,119,'2013-11-26','2013-11-26 16:18:36',1)
 ,(1992,119,'2013-11-26','2013-11-26 16:18:36',1)
 ,(1993,119,'2013-11-26','2013-11-26 16:18:36',1)
 ,(1994,1,'2013-11-26','2013-11-26 16:19:16',1)
 ,(1995,119,'2013-11-26','2013-11-26 16:19:16',1)
 ,(1996,119,'2013-11-26','2013-11-26 16:19:16',1)
 ,(1997,119,'2013-11-26','2013-11-26 16:19:16',1)
 ,(1998,119,'2013-11-26','2013-11-26 16:19:16',1)
 ,(1999,1,'2013-11-26','2013-11-26 16:25:21',1)
 ,(2000,119,'2013-11-26','2013-11-26 16:25:22',1)
 ,(2001,119,'2013-11-26','2013-11-26 16:25:22',1)
 ,(2002,119,'2013-11-26','2013-11-26 16:25:22',1)
 ,(2003,119,'2013-11-26','2013-11-26 16:25:22',1)
 ,(2004,1,'2013-11-26','2013-11-26 16:25:43',1)
 ,(2005,119,'2013-11-26','2013-11-26 16:25:43',1)
 ,(2006,119,'2013-11-26','2013-11-26 16:25:43',1)
 ,(2007,119,'2013-11-26','2013-11-26 16:25:43',1)
 ,(2008,119,'2013-11-26','2013-11-26 16:25:43',1)
 ,(2009,1,'2013-11-26','2013-11-26 16:26:01',1)
 ,(2010,119,'2013-11-26','2013-11-26 16:26:02',1)
 ,(2011,119,'2013-11-26','2013-11-26 16:26:02',1)
 ,(2012,119,'2013-11-26','2013-11-26 16:26:02',1)
 ,(2013,119,'2013-11-26','2013-11-26 16:26:02',1)
 ,(2014,1,'2013-11-26','2013-11-26 16:26:15',1)
 ,(2015,119,'2013-11-26','2013-11-26 16:26:15',1)
 ,(2016,119,'2013-11-26','2013-11-26 16:26:15',1)
 ,(2017,119,'2013-11-26','2013-11-26 16:26:15',1)
 ,(2018,119,'2013-11-26','2013-11-26 16:26:16',1)
 ,(2019,1,'2013-11-26','2013-11-26 16:26:27',1)
 ,(2020,119,'2013-11-26','2013-11-26 16:26:27',1)
 ,(2021,119,'2013-11-26','2013-11-26 16:26:27',1)
 ,(2022,119,'2013-11-26','2013-11-26 16:26:28',1)
 ,(2023,119,'2013-11-26','2013-11-26 16:26:28',1)
 ,(2024,1,'2013-11-26','2013-11-26 16:27:15',1)
 ,(2025,119,'2013-11-26','2013-11-26 16:27:15',1)
 ,(2026,119,'2013-11-26','2013-11-26 16:27:15',1)
 ,(2027,119,'2013-11-26','2013-11-26 16:27:15',1)
 ,(2028,119,'2013-11-26','2013-11-26 16:27:15',1)
 ,(2029,1,'2013-11-26','2013-11-26 16:27:32',1)
 ,(2030,119,'2013-11-26','2013-11-26 16:27:33',1)
 ,(2031,119,'2013-11-26','2013-11-26 16:27:33',1)
 ,(2032,119,'2013-11-26','2013-11-26 16:27:33',1)
 ,(2033,119,'2013-11-26','2013-11-26 16:27:33',1)
 ,(2034,1,'2013-11-26','2013-11-26 16:27:45',1)
 ,(2035,119,'2013-11-26','2013-11-26 16:27:45',1)
 ,(2036,119,'2013-11-26','2013-11-26 16:27:45',1)
 ,(2037,119,'2013-11-26','2013-11-26 16:27:45',1)
 ,(2038,119,'2013-11-26','2013-11-26 16:27:45',1)
 ,(2039,1,'2013-11-26','2013-11-26 16:28:48',1)
 ,(2040,119,'2013-11-26','2013-11-26 16:28:49',1)
 ,(2041,119,'2013-11-26','2013-11-26 16:28:49',1)
 ,(2042,119,'2013-11-26','2013-11-26 16:28:49',1)
 ,(2043,119,'2013-11-26','2013-11-26 16:28:49',1)
 ,(2044,1,'2013-11-26','2013-11-26 16:31:05',1)
 ,(2045,119,'2013-11-26','2013-11-26 16:31:06',1)
 ,(2046,119,'2013-11-26','2013-11-26 16:31:06',1)
 ,(2047,119,'2013-11-26','2013-11-26 16:31:06',1)
 ,(2048,119,'2013-11-26','2013-11-26 16:31:06',1)
 ,(2049,1,'2013-11-26','2013-11-26 16:31:49',1)
 ,(2050,119,'2013-11-26','2013-11-26 16:31:49',1)
 ,(2051,119,'2013-11-26','2013-11-26 16:31:49',1)
 ,(2052,119,'2013-11-26','2013-11-26 16:31:49',1)
 ,(2053,119,'2013-11-26','2013-11-26 16:31:49',1)
 ,(2054,125,'2013-11-26','2013-11-26 20:37:30',1)
 ,(2055,106,'2013-11-26','2013-11-26 20:37:31',1)
 ,(2056,125,'2013-11-26','2013-11-26 20:38:56',1)
 ,(2057,1,'2013-11-26','2013-11-26 20:38:58',1)
 ,(2058,119,'2013-11-26','2013-11-26 20:38:58',1)
 ,(2059,119,'2013-11-26','2013-11-26 20:38:58',1)
 ,(2060,119,'2013-11-26','2013-11-26 20:38:59',1)
 ,(2061,119,'2013-11-26','2013-11-26 20:38:59',1)
 ,(2062,2,'2013-11-26','2013-11-26 20:39:19',1)
 ,(2063,51,'2013-11-26','2013-11-26 20:39:22',1)
 ,(2064,68,'2013-11-26','2013-11-26 20:39:24',1)
 ,(2065,68,'2013-11-26','2013-11-26 20:39:26',1)
 ,(2066,68,'2013-11-26','2013-11-26 20:39:26',1)
 ,(2067,51,'2013-11-26','2013-11-26 20:39:30',1)
 ,(2068,1,'2013-11-26','2013-11-26 20:39:43',1)
 ,(2069,119,'2013-11-26','2013-11-26 20:39:43',1)
 ,(2070,119,'2013-11-26','2013-11-26 20:39:43',1)
 ,(2071,119,'2013-11-26','2013-11-26 20:39:43',1)
 ,(2072,119,'2013-11-26','2013-11-26 20:39:43',1)
 ,(2073,1,'2013-11-26','2013-11-26 20:40:06',1)
 ,(2074,119,'2013-11-26','2013-11-26 20:40:07',1)
 ,(2075,119,'2013-11-26','2013-11-26 20:40:07',1)
 ,(2076,119,'2013-11-26','2013-11-26 20:40:07',1)
 ,(2077,119,'2013-11-26','2013-11-26 20:40:07',1)
 ,(2078,1,'2013-11-26','2013-11-26 20:40:08',1)
 ,(2079,119,'2013-11-26','2013-11-26 20:40:08',1)
 ,(2080,119,'2013-11-26','2013-11-26 20:40:09',1)
 ,(2081,119,'2013-11-26','2013-11-26 20:40:09',1)
 ,(2082,119,'2013-11-26','2013-11-26 20:40:09',1)
 ,(2083,1,'2013-11-26','2013-11-26 20:40:10',1)
 ,(2084,119,'2013-11-26','2013-11-26 20:40:10',1)
 ,(2085,119,'2013-11-26','2013-11-26 20:40:10',1)
 ,(2086,119,'2013-11-26','2013-11-26 20:40:10',1)
 ,(2087,119,'2013-11-26','2013-11-26 20:40:10',1)
 ,(2088,1,'2013-11-26','2013-11-26 20:40:54',1)
 ,(2089,119,'2013-11-26','2013-11-26 20:40:54',1)
 ,(2090,119,'2013-11-26','2013-11-26 20:40:54',1)
 ,(2091,119,'2013-11-26','2013-11-26 20:40:55',1)
 ,(2092,119,'2013-11-26','2013-11-26 20:40:55',1)
 ,(2093,2,'2013-11-26','2013-11-26 20:42:45',1)
 ,(2094,51,'2013-11-26','2013-11-26 20:42:54',1)
 ,(2095,68,'2013-11-26','2013-11-26 20:42:57',1)
 ,(2096,68,'2013-11-26','2013-11-26 20:42:58',1)
 ,(2097,68,'2013-11-26','2013-11-26 20:42:59',1)
 ,(2098,51,'2013-11-26','2013-11-26 20:43:02',1)
 ,(2099,67,'2013-11-26','2013-11-26 20:43:06',1)
 ,(2100,67,'2013-11-26','2013-11-26 20:43:11',1)
 ,(2101,67,'2013-11-26','2013-11-26 20:43:11',1)
 ,(2102,51,'2013-11-26','2013-11-26 20:43:14',1)
 ,(2103,2,'2013-11-26','2013-11-26 20:43:21',1)
 ,(2104,43,'2013-11-26','2013-11-26 20:43:24',1)
 ,(2105,43,'2013-11-26','2013-11-26 20:43:35',1)
 ,(2106,43,'2013-11-26','2013-11-26 20:43:44',1)
 ,(2107,2,'2013-11-26','2013-11-26 20:43:49',1)
 ,(2108,1,'2013-11-29','2013-11-29 02:22:29',0)
 ,(2109,119,'2013-11-29','2013-11-29 02:22:29',0)
 ,(2110,119,'2013-11-29','2013-11-29 02:22:30',0)
 ,(2111,119,'2013-11-29','2013-11-29 02:22:30',0)
 ,(2112,119,'2013-11-29','2013-11-29 02:22:30',0)
 ,(2113,110,'2013-11-29','2013-11-29 02:22:52',0)
 ,(2114,2,'2013-11-29','2013-11-29 02:22:53',1)
 ,(2115,106,'2013-11-29','2013-11-29 02:22:54',1)
 ,(2116,51,'2013-11-29','2013-11-29 02:23:12',1)
 ,(2117,98,'2013-11-29','2013-11-29 02:23:24',1)
 ,(2118,98,'2013-11-29','2013-11-29 02:23:29',1)
 ,(2119,1,'2013-11-29','2013-11-29 02:34:43',1)
 ,(2120,119,'2013-11-29','2013-11-29 02:34:43',1)
 ,(2121,119,'2013-11-29','2013-11-29 02:34:43',1)
 ,(2122,119,'2013-11-29','2013-11-29 02:34:44',1)
 ,(2123,119,'2013-11-29','2013-11-29 02:34:44',1)
 ,(2124,132,'2013-11-29','2013-11-29 02:34:46',1)
 ,(2125,119,'2013-11-29','2013-11-29 02:34:46',1)
 ,(2126,119,'2013-11-29','2013-11-29 02:34:46',1)
 ,(2127,119,'2013-11-29','2013-11-29 02:34:47',1)
 ,(2128,119,'2013-11-29','2013-11-29 02:34:47',1)
 ,(2129,124,'2013-11-29','2013-11-29 02:37:30',1)
 ,(2130,124,'2013-11-29','2013-11-29 02:38:46',1)
 ,(2131,124,'2013-11-29','2013-11-29 02:38:49',1)
 ,(2132,124,'2013-11-29','2013-11-29 02:39:35',1)
 ,(2133,124,'2013-11-29','2013-11-29 02:40:42',1)
 ,(2134,124,'2013-11-29','2013-11-29 02:40:43',1)
 ,(2135,124,'2013-11-29','2013-11-29 02:40:44',1)
 ,(2136,1,'2013-11-29','2013-11-29 02:40:48',1)
 ,(2137,119,'2013-11-29','2013-11-29 02:40:49',1)
 ,(2138,119,'2013-11-29','2013-11-29 02:40:49',1)
 ,(2139,119,'2013-11-29','2013-11-29 02:40:49',1)
 ,(2140,119,'2013-11-29','2013-11-29 02:40:49',1)
 ,(2141,1,'2013-11-29','2013-11-29 02:40:56',1)
 ,(2142,119,'2013-11-29','2013-11-29 02:40:56',1)
 ,(2143,119,'2013-11-29','2013-11-29 02:40:57',1)
 ,(2144,119,'2013-11-29','2013-11-29 02:40:57',1)
 ,(2145,119,'2013-11-29','2013-11-29 02:40:57',1)
 ,(2146,124,'2013-11-29','2013-11-29 02:41:25',1)
 ,(2147,125,'2013-11-29','2013-11-29 02:41:26',1)
 ,(2148,125,'2013-11-29','2013-11-29 02:46:04',1)
 ,(2149,125,'2013-11-29','2013-11-29 02:46:47',1)
 ,(2150,125,'2013-11-29','2013-11-29 02:46:58',1)
 ,(2151,125,'2013-11-29','2013-11-29 02:47:50',1)
 ,(2152,125,'2013-11-29','2013-11-29 02:49:15',1)
 ,(2153,125,'2013-11-29','2013-11-29 02:49:18',1)
 ,(2154,125,'2013-11-29','2013-11-29 02:49:19',1)
 ,(2155,125,'2013-11-29','2013-11-29 02:50:03',1)
 ,(2156,125,'2013-11-29','2013-11-29 02:51:11',1)
 ,(2157,125,'2013-11-29','2013-11-29 02:51:20',1)
 ,(2158,125,'2013-11-29','2013-11-29 02:51:47',1)
 ,(2159,124,'2013-11-29','2013-11-29 02:52:04',1)
 ,(2160,1,'2013-11-29','2013-11-29 02:52:09',1)
 ,(2161,119,'2013-11-29','2013-11-29 02:52:10',1)
 ,(2162,119,'2013-11-29','2013-11-29 02:52:10',1)
 ,(2163,119,'2013-11-29','2013-11-29 02:52:10',1)
 ,(2164,119,'2013-11-29','2013-11-29 02:52:10',1)
 ,(2165,1,'2013-11-29','2013-11-29 02:52:46',1)
 ,(2166,119,'2013-11-29','2013-11-29 02:52:46',1)
 ,(2167,119,'2013-11-29','2013-11-29 02:52:46',1)
 ,(2168,119,'2013-11-29','2013-11-29 02:52:47',1)
 ,(2169,119,'2013-11-29','2013-11-29 02:52:47',1)
 ,(2170,124,'2013-11-29','2013-11-29 02:52:49',1)
 ,(2171,125,'2013-11-29','2013-11-29 02:52:53',1)
 ,(2172,1,'2013-11-29','2013-11-29 02:52:55',1)
 ,(2173,119,'2013-11-29','2013-11-29 02:52:56',1)
 ,(2174,119,'2013-11-29','2013-11-29 02:52:56',1)
 ,(2175,119,'2013-11-29','2013-11-29 02:52:56',1)
 ,(2176,119,'2013-11-29','2013-11-29 02:52:56',1)
 ,(2177,1,'2013-11-29','2013-11-29 02:53:05',1)
 ,(2178,119,'2013-11-29','2013-11-29 02:53:05',1)
 ,(2179,119,'2013-11-29','2013-11-29 02:53:05',1)
 ,(2180,119,'2013-11-29','2013-11-29 02:53:05',1)
 ,(2181,119,'2013-11-29','2013-11-29 02:53:05',1)
 ,(2182,1,'2013-11-29','2013-11-29 02:53:10',0)
 ,(2183,119,'2013-11-29','2013-11-29 02:53:10',0)
 ,(2184,119,'2013-11-29','2013-11-29 02:53:10',0)
 ,(2185,119,'2013-11-29','2013-11-29 02:53:11',0)
 ,(2186,119,'2013-11-29','2013-11-29 02:53:11',0)
 ,(2187,125,'2013-11-29','2013-11-29 02:53:16',1)
 ,(2188,126,'2013-11-29','2013-11-29 02:53:18',1)
 ,(2189,119,'2013-11-29','2013-11-29 02:53:19',1)
 ,(2190,119,'2013-11-29','2013-11-29 02:53:19',1)
 ,(2191,119,'2013-11-29','2013-11-29 02:53:19',1)
 ,(2192,119,'2013-11-29','2013-11-29 02:53:19',1)
 ,(2193,132,'2013-11-29','2013-11-29 02:53:21',1)
 ,(2194,119,'2013-11-29','2013-11-29 02:53:21',1)
 ,(2195,119,'2013-11-29','2013-11-29 02:53:21',1)
 ,(2196,119,'2013-11-29','2013-11-29 02:53:21',1)
 ,(2197,119,'2013-11-29','2013-11-29 02:53:22',1)
 ,(2198,1,'2013-11-29','2013-11-29 02:53:23',1)
 ,(2199,119,'2013-11-29','2013-11-29 02:53:23',1)
 ,(2200,119,'2013-11-29','2013-11-29 02:53:23',1)
 ,(2201,119,'2013-11-29','2013-11-29 02:53:23',1)
 ,(2202,119,'2013-11-29','2013-11-29 02:53:23',1)
 ,(2203,132,'2013-11-29','2013-11-29 03:00:38',1)
 ,(2204,119,'2013-11-29','2013-11-29 03:00:38',1)
 ,(2205,119,'2013-11-29','2013-11-29 03:00:38',1)
 ,(2206,119,'2013-11-29','2013-11-29 03:00:38',1)
 ,(2207,119,'2013-11-29','2013-11-29 03:00:38',1)
 ,(2208,132,'2013-11-29','2013-11-29 03:00:41',1)
 ,(2209,119,'2013-11-29','2013-11-29 03:00:41',1)
 ,(2210,119,'2013-11-29','2013-11-29 03:00:41',1)
 ,(2211,119,'2013-11-29','2013-11-29 03:00:41',1)
 ,(2212,119,'2013-11-29','2013-11-29 03:00:42',1)
 ,(2213,1,'2013-11-29','2013-11-29 03:00:45',1)
 ,(2214,119,'2013-11-29','2013-11-29 03:00:46',1)
 ,(2215,119,'2013-11-29','2013-11-29 03:00:46',1)
 ,(2216,119,'2013-11-29','2013-11-29 03:00:46',1)
 ,(2217,119,'2013-11-29','2013-11-29 03:00:46',1)
 ,(2218,1,'2013-11-29','2013-11-29 03:00:58',0)
 ,(2219,119,'2013-11-29','2013-11-29 03:00:59',0)
 ,(2220,119,'2013-11-29','2013-11-29 03:00:59',0)
 ,(2221,119,'2013-11-29','2013-11-29 03:00:59',0)
 ,(2222,119,'2013-11-29','2013-11-29 03:00:59',0)
 ,(2223,132,'2013-11-29','2013-11-29 03:01:37',1)
 ,(2224,119,'2013-11-29','2013-11-29 03:01:38',1)
 ,(2225,119,'2013-11-29','2013-11-29 03:01:38',1)
 ,(2226,119,'2013-11-29','2013-11-29 03:01:38',1)
 ,(2227,119,'2013-11-29','2013-11-29 03:01:38',1)
 ,(2228,132,'2013-11-29','2013-11-29 03:02:19',1)
 ,(2229,119,'2013-11-29','2013-11-29 03:02:19',1)
 ,(2230,119,'2013-11-29','2013-11-29 03:02:19',1)
 ,(2231,119,'2013-11-29','2013-11-29 03:02:19',1)
 ,(2232,119,'2013-11-29','2013-11-29 03:02:20',1)
 ,(2233,1,'2013-11-29','2013-11-29 03:02:23',1)
 ,(2234,119,'2013-11-29','2013-11-29 03:02:23',1)
 ,(2235,119,'2013-11-29','2013-11-29 03:02:23',1)
 ,(2236,119,'2013-11-29','2013-11-29 03:02:23',1)
 ,(2237,119,'2013-11-29','2013-11-29 03:02:23',1)
 ,(2238,1,'2013-11-29','2013-11-29 03:02:25',0)
 ,(2239,119,'2013-11-29','2013-11-29 03:02:26',0)
 ,(2240,119,'2013-11-29','2013-11-29 03:02:26',0)
 ,(2241,119,'2013-11-29','2013-11-29 03:02:26',0)
 ,(2242,119,'2013-11-29','2013-11-29 03:02:26',0)
 ,(2243,124,'2013-11-29','2013-11-29 03:02:28',0)
 ,(2244,125,'2013-11-29','2013-11-29 03:02:29',0)
 ,(2245,126,'2013-11-29','2013-11-29 03:02:30',0)
 ,(2246,119,'2013-11-29','2013-11-29 03:02:30',0)
 ,(2247,119,'2013-11-29','2013-11-29 03:02:31',0)
 ,(2248,119,'2013-11-29','2013-11-29 03:02:31',0)
 ,(2249,119,'2013-11-29','2013-11-29 03:02:31',0)
 ,(2250,132,'2013-11-29','2013-11-29 03:02:31',0)
 ,(2251,119,'2013-11-29','2013-11-29 03:02:31',0)
 ,(2252,119,'2013-11-29','2013-11-29 03:02:32',0)
 ,(2253,119,'2013-11-29','2013-11-29 03:02:32',0)
 ,(2254,119,'2013-11-29','2013-11-29 03:02:32',0)
 ,(2255,1,'2013-11-29','2013-11-29 03:02:33',0)
 ,(2256,119,'2013-11-29','2013-11-29 03:02:34',0)
 ,(2257,119,'2013-11-29','2013-11-29 03:02:34',0)
 ,(2258,119,'2013-11-29','2013-11-29 03:02:34',0)
 ,(2259,119,'2013-11-29','2013-11-29 03:02:34',0)
 ,(2260,124,'2013-11-29','2013-11-29 03:02:37',0)
 ,(2261,1,'2013-11-29','2013-11-29 03:02:38',0)
 ,(2262,124,'2013-11-29','2013-11-29 03:02:49',0)
 ,(2263,124,'2013-11-29','2013-11-29 03:02:54',0)
 ,(2264,124,'2013-11-29','2013-11-29 03:02:57',0)
 ,(2265,124,'2013-11-29','2013-11-29 03:02:59',0)
 ,(2266,124,'2013-11-29','2013-11-29 03:03:04',1)
 ,(2267,124,'2013-11-29','2013-11-29 03:03:07',1)
 ,(2268,124,'2013-11-29','2013-11-29 03:03:12',1)
 ,(2269,124,'2013-11-29','2013-11-29 03:03:18',1)
 ,(2270,124,'2013-11-29','2013-11-29 03:03:21',0)
 ,(2271,124,'2013-11-29','2013-11-29 03:03:38',1)
 ,(2272,124,'2013-11-29','2013-11-29 03:03:49',1)
 ,(2273,124,'2013-11-29','2013-11-29 03:03:52',1)
 ,(2274,124,'2013-11-29','2013-11-29 03:03:59',0)
 ,(2275,124,'2013-11-29','2013-11-29 03:04:04',0)
 ,(2276,124,'2013-11-29','2013-11-29 03:04:12',1)
 ,(2277,124,'2013-11-29','2013-11-29 03:04:14',1)
 ,(2278,124,'2013-11-29','2013-11-29 03:04:17',0)
 ,(2279,124,'2013-11-29','2013-11-29 03:06:35',0)
 ,(2280,124,'2013-11-29','2013-11-29 03:06:57',1)
 ,(2281,1,'2013-11-29','2013-11-29 03:06:58',1)
 ,(2282,119,'2013-11-29','2013-11-29 03:06:59',1)
 ,(2283,119,'2013-11-29','2013-11-29 03:06:59',1)
 ,(2284,119,'2013-11-29','2013-11-29 03:06:59',1)
 ,(2285,119,'2013-11-29','2013-11-29 03:06:59',1)
 ,(2286,124,'2013-11-29','2013-11-29 03:07:03',1)
 ,(2287,125,'2013-11-29','2013-11-29 03:07:06',1)
 ,(2288,126,'2013-11-29','2013-11-29 03:07:09',1)
 ,(2289,119,'2013-11-29','2013-11-29 03:07:09',1)
 ,(2290,119,'2013-11-29','2013-11-29 03:07:10',1)
 ,(2291,119,'2013-11-29','2013-11-29 03:07:10',1)
 ,(2292,119,'2013-11-29','2013-11-29 03:07:10',1)
 ,(2293,132,'2013-11-29','2013-11-29 03:07:13',1)
 ,(2294,119,'2013-11-29','2013-11-29 03:07:14',1)
 ,(2295,119,'2013-11-29','2013-11-29 03:07:14',1)
 ,(2296,119,'2013-11-29','2013-11-29 03:07:14',1)
 ,(2297,119,'2013-11-29','2013-11-29 03:07:14',1)
 ,(2298,1,'2013-11-29','2013-11-29 03:07:18',1)
 ,(2299,119,'2013-11-29','2013-11-29 03:07:19',1)
 ,(2300,119,'2013-11-29','2013-11-29 03:07:19',1)
 ,(2301,119,'2013-11-29','2013-11-29 03:07:19',1)
 ,(2302,119,'2013-11-29','2013-11-29 03:07:19',1)
 ,(2303,132,'2013-11-29','2013-11-29 03:07:48',1)
 ,(2304,119,'2013-11-29','2013-11-29 03:07:48',1)
 ,(2305,119,'2013-11-29','2013-11-29 03:07:49',1)
 ,(2306,119,'2013-11-29','2013-11-29 03:07:49',1)
 ,(2307,119,'2013-11-29','2013-11-29 03:07:49',1)
 ,(2308,132,'2013-11-29','2013-11-29 03:07:50',1)
 ,(2309,132,'2013-11-29','2013-11-29 03:08:00',1)
 ,(2310,132,'2013-11-29','2013-11-29 03:08:10',1)
 ,(2311,119,'2013-11-29','2013-11-29 03:08:10',1)
 ,(2312,119,'2013-11-29','2013-11-29 03:08:10',1)
 ,(2313,119,'2013-11-29','2013-11-29 03:08:10',1)
 ,(2314,119,'2013-11-29','2013-11-29 03:08:10',1)
 ,(2315,132,'2013-11-29','2013-11-29 03:08:13',1)
 ,(2316,119,'2013-11-29','2013-11-29 03:08:13',1)
 ,(2317,132,'2013-11-29','2013-11-29 03:08:26',1)
 ,(2318,132,'2013-11-29','2013-11-29 03:09:46',1)
 ,(2319,125,'2013-11-29','2013-11-29 03:09:49',1)
 ,(2320,126,'2013-11-29','2013-11-29 03:09:50',1)
 ,(2321,119,'2013-11-29','2013-11-29 03:09:51',1)
 ,(2322,119,'2013-11-29','2013-11-29 03:09:51',1)
 ,(2323,119,'2013-11-29','2013-11-29 03:09:51',1)
 ,(2324,119,'2013-11-29','2013-11-29 03:09:51',1)
 ,(2325,126,'2013-11-29','2013-11-29 03:09:57',1)
 ,(2326,126,'2013-11-29','2013-11-29 03:10:02',1)
 ,(2327,125,'2013-11-29','2013-11-29 03:10:04',1)
 ,(2328,124,'2013-11-29','2013-11-29 03:10:06',1)
 ,(2329,1,'2013-11-29','2013-11-29 03:10:07',1)
 ,(2330,119,'2013-11-29','2013-11-29 03:10:08',1)
 ,(2331,119,'2013-11-29','2013-11-29 03:10:08',1)
 ,(2332,119,'2013-11-29','2013-11-29 03:10:08',1)
 ,(2333,119,'2013-11-29','2013-11-29 03:10:08',1)
 ,(2334,125,'2013-11-29','2013-11-29 03:10:09',1)
 ,(2335,126,'2013-11-29','2013-11-29 03:10:10',1)
 ,(2336,125,'2013-11-29','2013-11-29 03:10:12',1)
 ,(2337,126,'2013-11-29','2013-11-29 03:10:13',1)
 ,(2338,125,'2013-11-29','2013-11-29 03:10:14',0)
 ,(2339,126,'2013-11-29','2013-11-29 03:10:17',0)
 ,(2340,124,'2013-11-29','2013-11-29 03:10:18',0)
 ,(2341,1,'2013-11-29','2013-11-29 03:10:19',0)
 ,(2342,119,'2013-11-29','2013-11-29 03:10:20',0)
 ,(2343,119,'2013-11-29','2013-11-29 03:10:20',0)
 ,(2344,119,'2013-11-29','2013-11-29 03:10:20',0)
 ,(2345,119,'2013-11-29','2013-11-29 03:10:20',0)
 ,(2346,124,'2013-11-29','2013-11-29 03:10:21',0)
 ,(2347,124,'2013-11-29','2013-11-29 03:11:46',0)
 ,(2348,124,'2013-11-29','2013-11-29 03:11:47',0)
 ,(2349,124,'2013-11-29','2013-11-29 03:12:35',0)
 ,(2350,1,'2013-11-29','2013-11-29 03:12:51',0)
 ,(2351,119,'2013-11-29','2013-11-29 03:12:51',0)
 ,(2352,119,'2013-11-29','2013-11-29 03:12:51',0)
 ,(2353,119,'2013-11-29','2013-11-29 03:12:51',0)
 ,(2354,119,'2013-11-29','2013-11-29 03:12:51',0)
 ,(2355,124,'2013-11-29','2013-11-29 03:12:52',0)
 ,(2356,1,'2013-11-29','2013-11-29 03:12:54',0)
 ,(2357,124,'2013-11-29','2013-11-29 03:12:56',0)
 ,(2358,124,'2013-11-29','2013-11-29 03:13:05',0)
 ,(2359,124,'2013-11-29','2013-11-29 03:13:13',0)
 ,(2360,124,'2013-11-29','2013-11-29 03:13:21',0)
 ,(2361,124,'2013-11-29','2013-11-29 03:13:31',0)
 ,(2362,124,'2013-11-29','2013-11-29 03:13:37',0)
 ,(2363,124,'2013-11-29','2013-11-29 03:13:39',0)
 ,(2364,1,'2013-11-29','2013-11-29 03:14:07',1)
 ,(2365,119,'2013-11-29','2013-11-29 03:14:08',1)
 ,(2366,119,'2013-11-29','2013-11-29 03:14:08',1)
 ,(2367,119,'2013-11-29','2013-11-29 03:14:08',1)
 ,(2368,119,'2013-11-29','2013-11-29 03:14:08',1)
 ,(2369,1,'2013-11-29','2013-11-29 03:14:13',1)
 ,(2370,124,'2013-11-29','2013-11-29 03:14:18',1)
 ,(2371,125,'2013-11-29','2013-11-29 03:14:19',1)
 ,(2372,1,'2013-11-29','2013-11-29 03:14:21',1)
 ,(2373,119,'2013-11-29','2013-11-29 03:14:21',1)
 ,(2374,119,'2013-11-29','2013-11-29 03:14:21',1)
 ,(2375,119,'2013-11-29','2013-11-29 03:14:21',1)
 ,(2376,119,'2013-11-29','2013-11-29 03:14:22',1)
 ,(2377,126,'2013-11-29','2013-11-29 03:14:23',1)
 ,(2378,1,'2013-11-29','2013-11-29 03:14:24',1)
 ,(2379,1,'2013-11-29','2013-11-29 03:16:32',1)
 ,(2380,119,'2013-11-29','2013-11-29 03:16:32',1)
 ,(2381,119,'2013-11-29','2013-11-29 03:16:33',1)
 ,(2382,119,'2013-11-29','2013-11-29 03:16:33',1)
 ,(2383,119,'2013-11-29','2013-11-29 03:16:33',1)
 ,(2384,2,'2013-11-29','2013-11-29 03:16:43',1)
 ,(2385,7,'2013-11-29','2013-11-29 03:17:00',1)
 ,(2386,2,'2013-11-29','2013-11-29 03:17:31',1)
 ,(2387,1,'2013-11-29','2013-11-29 03:17:33',1)
 ,(2388,119,'2013-11-29','2013-11-29 03:17:33',1)
 ,(2389,119,'2013-11-29','2013-11-29 03:17:34',1)
 ,(2390,119,'2013-11-29','2013-11-29 03:17:34',1)
 ,(2391,119,'2013-11-29','2013-11-29 03:17:34',1)
 ,(2392,1,'2013-11-29','2013-11-29 03:19:01',1)
 ,(2393,119,'2013-11-29','2013-11-29 03:19:02',1)
 ,(2394,119,'2013-11-29','2013-11-29 03:19:02',1)
 ,(2395,119,'2013-11-29','2013-11-29 03:19:02',1)
 ,(2396,119,'2013-11-29','2013-11-29 03:19:02',1)
 ,(2397,2,'2013-11-29','2013-11-29 03:19:37',1)
 ,(2398,8,'2013-11-29','2013-11-29 03:19:43',1)
 ,(2399,2,'2013-11-29','2013-11-29 03:20:13',1)
 ,(2400,32,'2013-11-29','2013-11-29 03:20:20',1)
 ,(2401,32,'2013-11-29','2013-11-29 03:20:23',1)
 ,(2402,32,'2013-11-29','2013-11-29 03:20:28',1)
 ,(2403,2,'2013-11-29','2013-11-29 03:20:31',1)
 ,(2404,124,'2013-11-29','2013-11-29 03:20:37',1)
 ,(2405,1,'2013-11-29','2013-11-29 03:20:43',1)
 ,(2406,119,'2013-11-29','2013-11-29 03:20:43',1)
 ,(2407,119,'2013-11-29','2013-11-29 03:20:44',1)
 ,(2408,119,'2013-11-29','2013-11-29 03:20:44',1)
 ,(2409,119,'2013-11-29','2013-11-29 03:20:44',1)
 ,(2410,1,'2013-11-29','2013-11-29 03:22:59',1)
 ,(2411,119,'2013-11-29','2013-11-29 03:23:00',1)
 ,(2412,119,'2013-11-29','2013-11-29 03:23:00',1)
 ,(2413,119,'2013-11-29','2013-11-29 03:23:00',1)
 ,(2414,119,'2013-11-29','2013-11-29 03:23:00',1)
 ,(2415,1,'2013-11-29','2013-11-29 03:23:18',1)
 ,(2416,119,'2013-11-29','2013-11-29 03:23:18',1)
 ,(2417,119,'2013-11-29','2013-11-29 03:23:18',1)
 ,(2418,119,'2013-11-29','2013-11-29 03:23:18',1)
 ,(2419,119,'2013-11-29','2013-11-29 03:23:19',1)
 ,(2420,1,'2013-11-29','2013-11-29 03:23:37',1)
 ,(2421,119,'2013-11-29','2013-11-29 03:23:38',1)
 ,(2422,119,'2013-11-29','2013-11-29 03:23:38',1)
 ,(2423,119,'2013-11-29','2013-11-29 03:23:38',1)
 ,(2424,119,'2013-11-29','2013-11-29 03:23:38',1)
 ,(2425,1,'2013-11-29','2013-11-29 03:24:01',1)
 ,(2426,119,'2013-11-29','2013-11-29 03:24:01',1)
 ,(2427,119,'2013-11-29','2013-11-29 03:24:01',1)
 ,(2428,119,'2013-11-29','2013-11-29 03:24:02',1)
 ,(2429,119,'2013-11-29','2013-11-29 03:24:02',1)
 ,(2430,1,'2013-11-29','2013-11-29 03:24:02',1)
 ,(2431,119,'2013-11-29','2013-11-29 03:24:03',1)
 ,(2432,119,'2013-11-29','2013-11-29 03:24:03',1)
 ,(2433,119,'2013-11-29','2013-11-29 03:24:03',1)
 ,(2434,119,'2013-11-29','2013-11-29 03:24:03',1)
 ,(2435,1,'2013-11-29','2013-11-29 03:24:13',1)
 ,(2436,1,'2013-11-29','2013-11-29 03:24:39',1)
 ,(2437,119,'2013-11-29','2013-11-29 03:24:40',1)
 ,(2438,119,'2013-11-29','2013-11-29 03:24:40',1)
 ,(2439,119,'2013-11-29','2013-11-29 03:24:40',1)
 ,(2440,119,'2013-11-29','2013-11-29 03:24:40',1)
 ,(2441,1,'2013-11-29','2013-11-29 03:26:08',1)
 ,(2442,119,'2013-11-29','2013-11-29 03:26:09',1)
 ,(2443,119,'2013-11-29','2013-11-29 03:26:09',1)
 ,(2444,119,'2013-11-29','2013-11-29 03:26:09',1)
 ,(2445,119,'2013-11-29','2013-11-29 03:26:09',1)
 ,(2446,1,'2013-11-29','2013-11-29 03:26:11',1)
 ,(2447,119,'2013-11-29','2013-11-29 03:26:11',1)
 ,(2448,119,'2013-11-29','2013-11-29 03:26:11',1)
 ,(2449,119,'2013-11-29','2013-11-29 03:26:12',1)
 ,(2450,119,'2013-11-29','2013-11-29 03:26:12',1)
 ,(2451,1,'2013-11-29','2013-11-29 03:26:13',1)
 ,(2452,119,'2013-11-29','2013-11-29 03:26:14',1)
 ,(2453,1,'2013-11-29','2013-11-29 03:26:15',1)
 ,(2454,1,'2013-11-29','2013-11-29 03:26:19',1)
 ,(2455,1,'2013-11-29','2013-11-29 03:26:38',1)
 ,(2456,119,'2013-11-29','2013-11-29 03:26:39',1)
 ,(2457,119,'2013-11-29','2013-11-29 03:26:39',1)
 ,(2458,119,'2013-11-29','2013-11-29 03:26:39',1)
 ,(2459,119,'2013-11-29','2013-11-29 03:26:39',1)
 ,(2460,1,'2013-11-29','2013-11-29 03:54:25',1)
 ,(2461,119,'2013-11-29','2013-11-29 03:54:26',1)
 ,(2462,119,'2013-11-29','2013-11-29 03:54:26',1)
 ,(2463,119,'2013-11-29','2013-11-29 03:54:26',1)
 ,(2464,119,'2013-11-29','2013-11-29 03:54:26',1)
 ,(2465,1,'2013-11-29','2013-11-29 03:54:29',1)
 ,(2466,1,'2013-11-29','2013-11-29 03:54:30',1)
 ,(2467,2,'2013-11-29','2013-11-29 03:54:36',1)
 ,(2468,34,'2013-11-29','2013-11-29 03:54:45',1)
 ,(2469,2,'2013-11-29','2013-11-29 03:54:49',1)
 ,(2470,43,'2013-11-29','2013-11-29 03:54:52',1)
 ,(2471,50,'2013-11-29','2013-11-29 03:54:56',1)
 ,(2472,48,'2013-11-29','2013-11-29 03:54:56',1)
 ,(2473,48,'2013-11-29','2013-11-29 03:55:05',1)
 ,(2474,1,'2013-11-29','2013-11-29 03:56:41',1)
 ,(2475,124,'2013-11-29','2013-11-29 03:56:44',1)
 ,(2476,125,'2013-11-29','2013-11-29 03:56:49',1)
 ,(2477,126,'2013-11-29','2013-11-29 03:56:50',1)
 ,(2478,132,'2013-11-29','2013-11-29 03:56:50',1)
 ,(2479,126,'2013-11-29','2013-11-29 03:56:52',1)
 ,(2480,125,'2013-11-29','2013-11-29 03:56:52',1)
 ,(2481,132,'2013-11-29','2013-11-29 03:56:53',1)
 ,(2482,1,'2013-11-29','2013-11-29 03:56:54',1)
 ,(2483,119,'2013-11-29','2013-11-29 03:56:55',1)
 ,(2484,119,'2013-11-29','2013-11-29 03:56:55',1)
 ,(2485,119,'2013-11-29','2013-11-29 03:56:55',1)
 ,(2486,119,'2013-11-29','2013-11-29 03:56:55',1)
 ,(2487,1,'2013-11-29','2013-11-29 15:50:52',1)
 ,(2488,119,'2013-11-29','2013-11-29 15:50:53',1)
 ,(2489,119,'2013-11-29','2013-11-29 15:50:53',1)
 ,(2490,119,'2013-11-29','2013-11-29 15:50:53',1)
 ,(2491,119,'2013-11-29','2013-11-29 15:50:54',1)
 ,(2492,124,'2013-11-29','2013-11-29 15:51:07',1)
 ,(2493,1,'2013-11-29','2013-11-29 15:51:14',1)
 ,(2494,125,'2013-11-29','2013-11-29 15:51:18',1)
 ,(2495,126,'2013-11-29','2013-11-29 15:51:19',1)
 ,(2496,125,'2013-11-29','2013-11-29 15:51:20',1)
 ,(2497,132,'2013-11-29','2013-11-29 15:51:23',1)
 ,(2498,124,'2013-11-29','2013-11-29 15:51:31',1)
 ,(2499,124,'2013-11-29','2013-11-29 15:51:35',1)
 ,(2500,124,'2013-11-29','2013-11-29 16:47:42',1)
 ,(2501,124,'2013-11-29','2013-11-29 16:47:47',1)
 ,(2502,124,'2013-11-29','2013-11-29 16:48:07',1)
 ,(2503,124,'2013-11-29','2013-11-29 16:49:36',1)
 ,(2504,124,'2013-11-29','2013-11-29 16:52:11',1)
 ,(2505,1,'2013-11-29','2013-11-29 16:52:15',1)
 ,(2506,119,'2013-11-29','2013-11-29 16:52:15',1)
 ,(2507,119,'2013-11-29','2013-11-29 16:52:15',1)
 ,(2508,119,'2013-11-29','2013-11-29 16:52:16',1)
 ,(2509,119,'2013-11-29','2013-11-29 16:52:16',1)
 ,(2510,132,'2013-11-29','2013-11-29 17:01:49',1)
 ,(2511,1,'2013-11-29','2013-11-29 17:42:07',1)
 ,(2512,119,'2013-11-29','2013-11-29 17:42:08',1)
 ,(2513,119,'2013-11-29','2013-11-29 17:42:08',1)
 ,(2514,119,'2013-11-29','2013-11-29 17:42:08',1)
 ,(2515,119,'2013-11-29','2013-11-29 17:42:08',1)
 ,(2516,132,'2013-11-29','2013-11-29 17:42:19',1)
 ,(2517,126,'2013-11-29','2013-11-29 17:42:22',1)
 ,(2518,132,'2013-11-29','2013-11-29 17:42:24',1)
 ,(2519,132,'2013-11-29','2013-11-29 17:44:13',1)
 ,(2520,1,'2013-11-29','2013-11-29 17:44:32',1)
 ,(2521,119,'2013-11-29','2013-11-29 17:44:32',1)
 ,(2522,119,'2013-11-29','2013-11-29 17:44:32',1)
 ,(2523,119,'2013-11-29','2013-11-29 17:44:32',1)
 ,(2524,119,'2013-11-29','2013-11-29 17:44:33',1)
 ,(2525,1,'2013-11-29','2013-11-29 17:56:44',1)
 ,(2526,1,'2013-11-29','2013-11-29 17:57:05',1)
 ,(2527,119,'2013-11-29','2013-11-29 17:57:05',1)
 ,(2528,119,'2013-11-29','2013-11-29 17:57:05',1)
 ,(2529,119,'2013-11-29','2013-11-29 17:57:05',1)
 ,(2530,119,'2013-11-29','2013-11-29 17:57:05',1)
 ,(2531,132,'2013-11-29','2013-11-29 17:59:18',1)
 ,(2532,132,'2013-11-29','2013-11-29 17:59:21',1)
 ,(2533,132,'2013-11-29','2013-11-29 18:02:38',1)
 ,(2534,1,'2013-11-29','2013-11-29 18:02:40',1)
 ,(2535,119,'2013-11-29','2013-11-29 18:02:40',1)
 ,(2536,119,'2013-11-29','2013-11-29 18:02:40',1)
 ,(2537,119,'2013-11-29','2013-11-29 18:02:40',1)
 ,(2538,119,'2013-11-29','2013-11-29 18:02:41',1)
 ,(2539,1,'2013-11-29','2013-11-29 22:12:20',1)
 ,(2540,119,'2013-11-29','2013-11-29 22:12:20',1)
 ,(2541,119,'2013-11-29','2013-11-29 22:12:20',1)
 ,(2542,119,'2013-11-29','2013-11-29 22:12:21',1)
 ,(2543,119,'2013-11-29','2013-11-29 22:12:21',1)
 ,(2544,124,'2013-11-29','2013-11-29 22:12:33',1)
 ,(2545,1,'2013-11-30','2013-11-30 03:22:07',1)
 ,(2546,119,'2013-11-30','2013-11-30 03:22:08',1)
 ,(2547,119,'2013-11-30','2013-11-30 03:22:08',1)
 ,(2548,119,'2013-11-30','2013-11-30 03:22:08',1)
 ,(2549,119,'2013-11-30','2013-11-30 03:22:08',1)
 ,(2550,106,'2013-11-30','2013-11-30 03:22:08',1)
 ,(2551,1,'2013-12-01','2013-12-01 17:23:09',1)
 ,(2552,119,'2013-12-01','2013-12-01 17:23:09',1)
 ,(2553,119,'2013-12-01','2013-12-01 17:23:10',1)
 ,(2554,119,'2013-12-01','2013-12-01 17:23:10',1)
 ,(2555,119,'2013-12-01','2013-12-01 17:23:10',1)
 ,(2556,106,'2013-12-01','2013-12-01 17:23:10',1)
 ,(2557,132,'2013-12-01','2013-12-01 17:24:11',1)
 ,(2558,132,'2013-12-01','2013-12-01 17:25:33',1)
 ,(2559,1,'2013-12-01','2013-12-01 17:25:38',1)
 ,(2560,119,'2013-12-01','2013-12-01 17:25:39',1)
 ,(2561,119,'2013-12-01','2013-12-01 17:25:39',1)
 ,(2562,119,'2013-12-01','2013-12-01 17:25:39',1)
 ,(2563,125,'2013-12-01','2013-12-01 17:25:44',1)
 ,(2564,124,'2013-12-01','2013-12-01 17:25:45',1)
 ,(2565,124,'2013-12-01','2013-12-01 17:26:01',1)
 ,(2566,124,'2013-12-01','2013-12-01 17:26:02',1)
 ,(2567,1,'2013-12-01','2013-12-01 17:26:03',1)
 ,(2568,119,'2013-12-01','2013-12-01 17:26:04',1)
 ,(2569,125,'2013-12-01','2013-12-01 17:26:06',1)
 ,(2570,126,'2013-12-01','2013-12-01 17:26:08',1)
 ,(2571,132,'2013-12-01','2013-12-01 17:26:09',1)
 ,(2572,125,'2013-12-01','2013-12-01 17:26:12',1)
 ,(2573,1,'2013-12-01','2013-12-01 17:26:13',1)
 ,(2574,119,'2013-12-01','2013-12-01 17:26:13',1)
 ,(2575,119,'2013-12-01','2013-12-01 17:26:13',1)
 ,(2576,119,'2013-12-01','2013-12-01 17:26:14',1)
 ,(2577,119,'2013-12-01','2013-12-01 17:26:14',1)
 ,(2578,1,'2013-12-01','2013-12-01 17:35:42',1)
 ,(2579,125,'2013-12-01','2013-12-01 17:35:51',1)
 ,(2580,1,'2013-12-01','2013-12-01 17:35:53',1)
 ,(2581,1,'2013-12-01','2013-12-01 17:36:35',1)
 ,(2582,119,'2013-12-01','2013-12-01 17:36:35',1)
 ,(2583,119,'2013-12-01','2013-12-01 17:36:35',1)
 ,(2584,119,'2013-12-01','2013-12-01 17:36:35',1)
 ,(2585,119,'2013-12-01','2013-12-01 17:36:35',1)
 ,(2586,124,'2013-12-01','2013-12-01 17:36:37',1)
 ,(2587,1,'2013-12-01','2013-12-01 17:36:39',1)
 ,(2588,125,'2013-12-01','2013-12-01 17:36:47',1)
 ,(2589,1,'2013-12-01','2013-12-01 17:36:48',1)
 ,(2590,1,'2013-12-01','2013-12-01 17:39:52',1)
 ,(2591,119,'2013-12-01','2013-12-01 17:39:52',1)
 ,(2592,119,'2013-12-01','2013-12-01 17:39:52',1)
 ,(2593,119,'2013-12-01','2013-12-01 17:39:53',1)
 ,(2594,119,'2013-12-01','2013-12-01 17:39:53',1)
 ,(2595,1,'2013-12-01','2013-12-01 17:39:54',1)
 ,(2596,119,'2013-12-01','2013-12-01 17:39:54',1)
 ,(2597,119,'2013-12-01','2013-12-01 17:39:54',1)
 ,(2598,119,'2013-12-01','2013-12-01 17:39:55',1)
 ,(2599,119,'2013-12-01','2013-12-01 17:39:55',1)
 ,(2600,1,'2013-12-01','2013-12-01 18:00:45',1)
 ,(2601,119,'2013-12-01','2013-12-01 18:00:46',1)
 ,(2602,119,'2013-12-01','2013-12-01 18:00:46',1)
 ,(2603,119,'2013-12-01','2013-12-01 18:00:46',1)
 ,(2604,119,'2013-12-01','2013-12-01 18:00:46',1)
 ,(2605,1,'2013-12-01','2013-12-01 18:00:54',1)
 ,(2606,1,'2013-12-01','2013-12-01 18:05:26',1)
 ,(2607,1,'2013-12-01','2013-12-01 18:08:39',1)
 ,(2608,1,'2013-12-01','2013-12-01 18:08:59',1)
 ,(2609,1,'2013-12-01','2013-12-01 18:26:28',1)
 ,(2610,119,'2013-12-01','2013-12-01 18:26:28',1)
 ,(2611,119,'2013-12-01','2013-12-01 18:26:28',1)
 ,(2612,119,'2013-12-01','2013-12-01 18:26:28',1)
 ,(2613,119,'2013-12-01','2013-12-01 18:26:29',1)
 ,(2614,1,'2013-12-01','2013-12-01 18:26:31',1)
 ,(2615,119,'2013-12-01','2013-12-01 18:26:31',1)
 ,(2616,126,'2013-12-01','2013-12-01 20:44:10',1)
 ,(2617,126,'2013-12-01','2013-12-01 20:44:12',1)
 ,(2618,125,'2013-12-01','2013-12-01 20:44:13',1)
 ,(2619,130,'2013-12-01','2013-12-01 20:44:38',1)
 ,(2620,125,'2013-12-01','2013-12-01 20:44:41',1)
 ,(2621,1,'2013-12-01','2013-12-01 20:44:47',1)
 ,(2622,119,'2013-12-01','2013-12-01 20:44:47',1)
 ,(2623,119,'2013-12-01','2013-12-01 20:44:47',1)
 ,(2624,119,'2013-12-01','2013-12-01 20:44:47',1)
 ,(2625,119,'2013-12-01','2013-12-01 20:44:47',1)
 ,(2626,1,'2013-12-02','2013-12-02 00:52:00',1)
 ,(2627,119,'2013-12-02','2013-12-02 00:52:01',1)
 ,(2628,119,'2013-12-02','2013-12-02 00:52:01',1)
 ,(2629,119,'2013-12-02','2013-12-02 00:52:01',1)
 ,(2630,119,'2013-12-02','2013-12-02 00:52:01',1)
 ,(2631,1,'2013-12-03','2013-12-03 20:56:11',1)
 ,(2632,119,'2013-12-03','2013-12-03 20:56:12',1)
 ,(2633,119,'2013-12-03','2013-12-03 20:56:12',1)
 ,(2634,119,'2013-12-03','2013-12-03 20:56:13',1)
 ,(2635,119,'2013-12-03','2013-12-03 20:56:13',1)
 ,(2636,106,'2013-12-03','2013-12-03 20:56:13',1)
 ,(2637,1,'2013-12-04','2013-12-04 04:23:14',1)
 ,(2638,119,'2013-12-04','2013-12-04 04:23:14',1)
 ,(2639,119,'2013-12-04','2013-12-04 04:23:14',1)
 ,(2640,119,'2013-12-04','2013-12-04 04:23:14',1)
 ,(2641,119,'2013-12-04','2013-12-04 04:23:15',1)
 ,(2642,1,'2013-12-04','2013-12-04 04:42:05',1)
 ,(2643,119,'2013-12-04','2013-12-04 04:42:05',1)
 ,(2644,119,'2013-12-04','2013-12-04 04:42:05',1)
 ,(2645,119,'2013-12-04','2013-12-04 04:42:05',1)
 ,(2646,119,'2013-12-04','2013-12-04 04:42:06',1)
 ,(2647,1,'2013-12-04','2013-12-04 04:42:13',1)
 ,(2648,119,'2013-12-04','2013-12-04 04:42:14',1)
 ,(2649,119,'2013-12-04','2013-12-04 04:42:14',1)
 ,(2650,119,'2013-12-04','2013-12-04 04:42:14',1)
 ,(2651,119,'2013-12-04','2013-12-04 04:42:14',1)
 ,(2652,1,'2013-12-04','2013-12-04 04:42:52',1)
 ,(2653,119,'2013-12-04','2013-12-04 04:42:52',1)
 ,(2654,119,'2013-12-04','2013-12-04 04:42:52',1)
 ,(2655,119,'2013-12-04','2013-12-04 04:42:53',1)
 ,(2656,119,'2013-12-04','2013-12-04 04:42:53',1)
 ,(2657,1,'2013-12-04','2013-12-04 04:45:16',1)
 ,(2658,119,'2013-12-04','2013-12-04 04:45:17',1)
 ,(2659,119,'2013-12-04','2013-12-04 04:45:17',1)
 ,(2660,119,'2013-12-04','2013-12-04 04:45:17',1)
 ,(2661,119,'2013-12-04','2013-12-04 04:45:17',1)
 ,(2662,1,'2013-12-04','2013-12-04 04:45:41',1)
 ,(2663,119,'2013-12-04','2013-12-04 04:45:42',1)
 ,(2664,119,'2013-12-04','2013-12-04 04:45:42',1)
 ,(2665,119,'2013-12-04','2013-12-04 04:45:42',1)
 ,(2666,119,'2013-12-04','2013-12-04 04:45:42',1)
 ,(2667,1,'2013-12-04','2013-12-04 04:45:50',1)
 ,(2668,119,'2013-12-04','2013-12-04 04:45:50',1)
 ,(2669,119,'2013-12-04','2013-12-04 04:45:50',1)
 ,(2670,119,'2013-12-04','2013-12-04 04:45:50',1)
 ,(2671,119,'2013-12-04','2013-12-04 04:45:51',1)
 ,(2672,1,'2013-12-04','2013-12-04 04:45:58',1)
 ,(2673,119,'2013-12-04','2013-12-04 04:45:58',1)
 ,(2674,119,'2013-12-04','2013-12-04 04:45:58',1)
 ,(2675,119,'2013-12-04','2013-12-04 04:45:58',1)
 ,(2676,119,'2013-12-04','2013-12-04 04:45:59',1)
 ,(2677,1,'2013-12-04','2013-12-04 04:48:22',1)
 ,(2678,119,'2013-12-04','2013-12-04 04:48:22',1)
 ,(2679,119,'2013-12-04','2013-12-04 04:48:23',1)
 ,(2680,119,'2013-12-04','2013-12-04 04:48:23',1)
 ,(2681,119,'2013-12-04','2013-12-04 04:48:23',1)
 ,(2682,1,'2013-12-04','2013-12-04 04:48:28',1)
 ,(2683,119,'2013-12-04','2013-12-04 04:48:29',1)
 ,(2684,119,'2013-12-04','2013-12-04 04:48:29',1)
 ,(2685,119,'2013-12-04','2013-12-04 04:48:29',1)
 ,(2686,119,'2013-12-04','2013-12-04 04:48:29',1)
 ,(2687,124,'2013-12-04','2013-12-04 04:48:33',1)
 ,(2688,1,'2013-12-04','2013-12-04 04:48:37',1)
 ,(2689,1,'2013-12-04','2013-12-04 04:49:35',1)
 ,(2690,119,'2013-12-04','2013-12-04 04:49:35',1)
 ,(2691,119,'2013-12-04','2013-12-04 04:49:35',1)
 ,(2692,119,'2013-12-04','2013-12-04 04:49:35',1)
 ,(2693,119,'2013-12-04','2013-12-04 04:49:35',1)
 ,(2694,1,'2013-12-04','2013-12-04 04:55:37',1)
 ,(2695,119,'2013-12-04','2013-12-04 04:55:38',1)
 ,(2696,119,'2013-12-04','2013-12-04 04:55:38',1)
 ,(2697,119,'2013-12-04','2013-12-04 04:55:38',1)
 ,(2698,119,'2013-12-04','2013-12-04 04:55:38',1)
 ,(2699,1,'2013-12-04','2013-12-04 04:55:43',1)
 ,(2700,119,'2013-12-04','2013-12-04 04:55:43',1)
 ,(2701,119,'2013-12-04','2013-12-04 04:55:43',1)
 ,(2702,119,'2013-12-04','2013-12-04 04:55:43',1)
 ,(2703,119,'2013-12-04','2013-12-04 04:55:43',1)
 ,(2704,1,'2013-12-04','2013-12-04 04:56:23',1)
 ,(2705,119,'2013-12-04','2013-12-04 04:56:24',1)
 ,(2706,119,'2013-12-04','2013-12-04 04:56:24',1)
 ,(2707,119,'2013-12-04','2013-12-04 04:56:24',1)
 ,(2708,119,'2013-12-04','2013-12-04 04:56:24',1)
 ,(2709,1,'2013-12-04','2013-12-04 04:56:27',1)
 ,(2710,119,'2013-12-04','2013-12-04 04:56:28',1)
 ,(2711,119,'2013-12-04','2013-12-04 04:56:28',1)
 ,(2712,119,'2013-12-04','2013-12-04 04:56:28',1)
 ,(2713,119,'2013-12-04','2013-12-04 04:56:28',1)
 ,(2714,1,'2013-12-04','2013-12-04 04:57:37',1)
 ,(2715,119,'2013-12-04','2013-12-04 04:57:37',1)
 ,(2716,119,'2013-12-04','2013-12-04 04:57:37',1)
 ,(2717,119,'2013-12-04','2013-12-04 04:57:38',1)
 ,(2718,119,'2013-12-04','2013-12-04 04:57:38',1)
 ,(2719,1,'2013-12-04','2013-12-04 04:57:48',1)
 ,(2720,119,'2013-12-04','2013-12-04 04:57:49',1)
 ,(2721,119,'2013-12-04','2013-12-04 04:57:49',1)
 ,(2722,119,'2013-12-04','2013-12-04 04:57:49',1)
 ,(2723,119,'2013-12-04','2013-12-04 04:57:49',1)
 ,(2724,1,'2013-12-04','2013-12-04 04:58:02',1)
 ,(2725,119,'2013-12-04','2013-12-04 04:58:02',1)
 ,(2726,119,'2013-12-04','2013-12-04 04:58:02',1)
 ,(2727,119,'2013-12-04','2013-12-04 04:58:02',1)
 ,(2728,119,'2013-12-04','2013-12-04 04:58:03',1)
 ,(2729,1,'2013-12-04','2013-12-04 04:59:18',1)
 ,(2730,119,'2013-12-04','2013-12-04 04:59:19',1)
 ,(2731,119,'2013-12-04','2013-12-04 04:59:19',1)
 ,(2732,119,'2013-12-04','2013-12-04 04:59:19',1)
 ,(2733,119,'2013-12-04','2013-12-04 04:59:19',1)
 ,(2734,1,'2013-12-04','2013-12-04 04:59:33',1)
 ,(2735,119,'2013-12-04','2013-12-04 04:59:34',1)
 ,(2736,119,'2013-12-04','2013-12-04 04:59:34',1)
 ,(2737,119,'2013-12-04','2013-12-04 04:59:34',1)
 ,(2738,119,'2013-12-04','2013-12-04 04:59:34',1)
 ,(2739,1,'2013-12-04','2013-12-04 05:00:46',1)
 ,(2740,119,'2013-12-04','2013-12-04 05:00:46',1)
 ,(2741,119,'2013-12-04','2013-12-04 05:00:46',1)
 ,(2742,119,'2013-12-04','2013-12-04 05:00:46',1)
 ,(2743,119,'2013-12-04','2013-12-04 05:00:47',1)
 ,(2744,1,'2013-12-04','2013-12-04 05:01:10',0)
 ,(2745,119,'2013-12-04','2013-12-04 05:01:11',0)
 ,(2746,119,'2013-12-04','2013-12-04 05:01:11',0)
 ,(2747,119,'2013-12-04','2013-12-04 05:01:11',0)
 ,(2748,119,'2013-12-04','2013-12-04 05:01:11',0)
 ,(2749,119,'2013-12-04','2013-12-04 05:01:56',0)
 ,(2750,1,'2013-12-04','2013-12-04 05:06:21',0)
 ,(2751,119,'2013-12-04','2013-12-04 05:06:22',0)
 ,(2752,119,'2013-12-04','2013-12-04 05:06:22',0)
 ,(2753,119,'2013-12-04','2013-12-04 05:06:22',0)
 ,(2754,119,'2013-12-04','2013-12-04 05:06:22',0)
 ,(2755,1,'2013-12-04','2013-12-04 05:08:07',0)
 ,(2756,119,'2013-12-04','2013-12-04 05:08:08',0)
 ,(2757,119,'2013-12-04','2013-12-04 05:08:08',0)
 ,(2758,119,'2013-12-04','2013-12-04 05:08:08',0)
 ,(2759,119,'2013-12-04','2013-12-04 05:08:08',0)
 ,(2760,1,'2013-12-04','2013-12-04 05:08:39',0)
 ,(2761,119,'2013-12-04','2013-12-04 05:08:40',0)
 ,(2762,119,'2013-12-04','2013-12-04 05:08:40',0)
 ,(2763,119,'2013-12-04','2013-12-04 05:08:40',0)
 ,(2764,119,'2013-12-04','2013-12-04 05:08:40',0)
 ,(2765,125,'2013-12-04','2013-12-04 05:09:15',0)
 ,(2766,1,'2013-12-04','2013-12-04 05:09:17',0)
 ,(2767,1,'2013-12-04','2013-12-04 05:09:55',1)
 ,(2768,119,'2013-12-04','2013-12-04 05:09:55',1)
 ,(2769,119,'2013-12-04','2013-12-04 05:09:55',1)
 ,(2770,119,'2013-12-04','2013-12-04 05:09:55',1)
 ,(2771,119,'2013-12-04','2013-12-04 05:09:55',1)
 ,(2772,1,'2013-12-04','2013-12-04 05:10:16',1)
 ,(2773,119,'2013-12-04','2013-12-04 05:10:17',1)
 ,(2774,1,'2013-12-04','2013-12-04 05:12:02',1)
 ,(2775,1,'2013-12-04','2013-12-04 05:16:41',0)
 ,(2776,119,'2013-12-04','2013-12-04 05:16:41',0)
 ,(2777,119,'2013-12-04','2013-12-04 05:16:41',0)
 ,(2778,119,'2013-12-04','2013-12-04 05:16:41',0)
 ,(2779,119,'2013-12-04','2013-12-04 05:16:42',0)
 ,(2780,1,'2013-12-04','2013-12-04 05:20:46',0)
 ,(2781,119,'2013-12-04','2013-12-04 05:20:46',0)
 ,(2782,119,'2013-12-04','2013-12-04 05:20:46',0)
 ,(2783,119,'2013-12-04','2013-12-04 05:20:46',0)
 ,(2784,119,'2013-12-04','2013-12-04 05:20:46',0)
 ,(2785,1,'2013-12-04','2013-12-04 05:20:58',1)
 ,(2786,1,'2013-12-04','2013-12-04 05:21:09',1)
 ,(2787,1,'2013-12-04','2013-12-04 05:21:20',1)
 ,(2788,1,'2013-12-04','2013-12-04 05:21:26',1)
 ,(2789,1,'2013-12-04','2013-12-04 05:21:27',1)
 ,(2790,1,'2013-12-04','2013-12-04 05:21:30',1)
 ,(2791,1,'2013-12-04','2013-12-04 05:21:42',1)
 ,(2792,119,'2013-12-04','2013-12-04 05:21:42',1)
 ,(2793,119,'2013-12-04','2013-12-04 05:21:42',1)
 ,(2794,119,'2013-12-04','2013-12-04 05:21:42',1)
 ,(2795,119,'2013-12-04','2013-12-04 05:21:43',1)
 ,(2796,1,'2013-12-04','2013-12-04 05:22:31',1)
 ,(2797,119,'2013-12-04','2013-12-04 05:22:31',1)
 ,(2798,119,'2013-12-04','2013-12-04 05:22:31',1)
 ,(2799,119,'2013-12-04','2013-12-04 05:22:32',1)
 ,(2800,119,'2013-12-04','2013-12-04 05:22:32',1)
 ,(2801,1,'2013-12-04','2013-12-04 05:24:02',0)
 ,(2802,119,'2013-12-04','2013-12-04 05:24:02',0)
 ,(2803,119,'2013-12-04','2013-12-04 05:24:02',0)
 ,(2804,119,'2013-12-04','2013-12-04 05:24:02',0)
 ,(2805,119,'2013-12-04','2013-12-04 05:24:02',0)
 ,(2806,1,'2013-12-04','2013-12-04 05:24:08',1)
 ,(2807,119,'2013-12-04','2013-12-04 05:24:08',1)
 ,(2808,119,'2013-12-04','2013-12-04 05:24:08',1)
 ,(2809,119,'2013-12-04','2013-12-04 05:24:08',1)
 ,(2810,119,'2013-12-04','2013-12-04 05:24:09',1)
 ,(2811,1,'2013-12-04','2013-12-04 05:24:21',1)
 ,(2812,119,'2013-12-04','2013-12-04 05:24:21',1)
 ,(2813,119,'2013-12-04','2013-12-04 05:24:21',1)
 ,(2814,119,'2013-12-04','2013-12-04 05:24:21',1)
 ,(2815,119,'2013-12-04','2013-12-04 05:24:22',1)
 ,(2816,1,'2013-12-04','2013-12-04 05:24:38',1)
 ,(2817,119,'2013-12-04','2013-12-04 05:24:38',1)
 ,(2818,119,'2013-12-04','2013-12-04 05:24:38',1)
 ,(2819,119,'2013-12-04','2013-12-04 05:24:38',1)
 ,(2820,119,'2013-12-04','2013-12-04 05:24:39',1)
 ,(2821,1,'2013-12-04','2013-12-04 05:25:12',1)
 ,(2822,119,'2013-12-04','2013-12-04 05:25:12',1)
 ,(2823,119,'2013-12-04','2013-12-04 05:25:12',1)
 ,(2824,119,'2013-12-04','2013-12-04 05:25:12',1)
 ,(2825,119,'2013-12-04','2013-12-04 05:25:12',1)
 ,(2826,1,'2013-12-04','2013-12-04 05:25:20',1)
 ,(2827,119,'2013-12-04','2013-12-04 05:25:20',1)
 ,(2828,119,'2013-12-04','2013-12-04 05:25:20',1)
 ,(2829,119,'2013-12-04','2013-12-04 05:25:20',1)
 ,(2830,119,'2013-12-04','2013-12-04 05:25:21',1)
 ,(2831,1,'2013-12-04','2013-12-04 05:29:35',1)
 ,(2832,119,'2013-12-04','2013-12-04 05:29:35',1)
 ,(2833,119,'2013-12-04','2013-12-04 05:29:35',1)
 ,(2834,119,'2013-12-04','2013-12-04 05:29:35',1)
 ,(2835,119,'2013-12-04','2013-12-04 05:29:35',1)
 ,(2836,1,'2013-12-04','2013-12-04 05:29:48',1)
 ,(2837,119,'2013-12-04','2013-12-04 05:29:48',1)
 ,(2838,119,'2013-12-04','2013-12-04 05:29:48',1)
 ,(2839,119,'2013-12-04','2013-12-04 05:29:48',1)
 ,(2840,119,'2013-12-04','2013-12-04 05:29:49',1)
 ,(2841,1,'2013-12-04','2013-12-04 05:30:11',1)
 ,(2842,119,'2013-12-04','2013-12-04 05:30:12',1)
 ,(2843,119,'2013-12-04','2013-12-04 05:30:12',1)
 ,(2844,119,'2013-12-04','2013-12-04 05:30:12',1)
 ,(2845,119,'2013-12-04','2013-12-04 05:30:12',1)
 ,(2846,1,'2013-12-04','2013-12-04 05:30:44',1)
 ,(2847,119,'2013-12-04','2013-12-04 05:30:45',1)
 ,(2848,119,'2013-12-04','2013-12-04 05:30:45',1)
 ,(2849,119,'2013-12-04','2013-12-04 05:30:45',1)
 ,(2850,119,'2013-12-04','2013-12-04 05:30:45',1)
 ,(2851,1,'2013-12-04','2013-12-04 05:33:42',1)
 ,(2852,119,'2013-12-04','2013-12-04 05:33:42',1)
 ,(2853,119,'2013-12-04','2013-12-04 05:33:42',1)
 ,(2854,119,'2013-12-04','2013-12-04 05:33:42',1)
 ,(2855,119,'2013-12-04','2013-12-04 05:33:42',1)
 ,(2856,1,'2013-12-04','2013-12-04 05:35:31',1)
 ,(2857,119,'2013-12-04','2013-12-04 05:35:32',1)
 ,(2858,119,'2013-12-04','2013-12-04 05:35:32',1)
 ,(2859,119,'2013-12-04','2013-12-04 05:35:32',1)
 ,(2860,119,'2013-12-04','2013-12-04 05:35:32',1)
 ,(2861,1,'2013-12-04','2013-12-04 05:35:40',1)
 ,(2862,119,'2013-12-04','2013-12-04 05:35:40',1)
 ,(2863,119,'2013-12-04','2013-12-04 05:35:40',1)
 ,(2864,119,'2013-12-04','2013-12-04 05:35:40',1)
 ,(2865,119,'2013-12-04','2013-12-04 05:35:41',1)
 ,(2866,1,'2013-12-04','2013-12-04 05:36:21',1)
 ,(2867,119,'2013-12-04','2013-12-04 05:36:21',1)
 ,(2868,119,'2013-12-04','2013-12-04 05:36:21',1)
 ,(2869,119,'2013-12-04','2013-12-04 05:36:21',1)
 ,(2870,119,'2013-12-04','2013-12-04 05:36:21',1)
 ,(2871,1,'2013-12-04','2013-12-04 05:36:35',1)
 ,(2872,119,'2013-12-04','2013-12-04 05:36:36',1)
 ,(2873,119,'2013-12-04','2013-12-04 05:36:36',1)
 ,(2874,119,'2013-12-04','2013-12-04 05:36:36',1)
 ,(2875,119,'2013-12-04','2013-12-04 05:36:36',1)
 ,(2876,1,'2013-12-04','2013-12-04 05:37:43',1)
 ,(2877,119,'2013-12-04','2013-12-04 05:37:44',1)
 ,(2878,119,'2013-12-04','2013-12-04 05:37:44',1)
 ,(2879,119,'2013-12-04','2013-12-04 05:37:44',1)
 ,(2880,119,'2013-12-04','2013-12-04 05:37:44',1)
 ,(2881,1,'2013-12-04','2013-12-04 05:38:02',1)
 ,(2882,119,'2013-12-04','2013-12-04 05:38:02',1)
 ,(2883,119,'2013-12-04','2013-12-04 05:38:02',1)
 ,(2884,119,'2013-12-04','2013-12-04 05:38:02',1)
 ,(2885,119,'2013-12-04','2013-12-04 05:38:03',1)
 ,(2886,1,'2013-12-04','2013-12-04 05:38:20',1)
 ,(2887,119,'2013-12-04','2013-12-04 05:38:20',1)
 ,(2888,119,'2013-12-04','2013-12-04 05:38:20',1)
 ,(2889,119,'2013-12-04','2013-12-04 05:38:21',1)
 ,(2890,119,'2013-12-04','2013-12-04 05:38:21',1)
 ,(2891,1,'2013-12-04','2013-12-04 05:38:39',0)
 ,(2892,119,'2013-12-04','2013-12-04 05:38:39',0)
 ,(2893,119,'2013-12-04','2013-12-04 05:38:39',0)
 ,(2894,119,'2013-12-04','2013-12-04 05:38:39',0)
 ,(2895,119,'2013-12-04','2013-12-04 05:38:40',0)
 ,(2896,1,'2013-12-04','2013-12-04 05:39:31',0)
 ,(2897,119,'2013-12-04','2013-12-04 05:39:32',0)
 ,(2898,119,'2013-12-04','2013-12-04 05:39:32',0)
 ,(2899,119,'2013-12-04','2013-12-04 05:39:32',0)
 ,(2900,119,'2013-12-04','2013-12-04 05:39:32',0)
 ,(2901,1,'2013-12-04','2013-12-04 05:40:24',1)
 ,(2902,119,'2013-12-04','2013-12-04 05:40:25',1)
 ,(2903,119,'2013-12-04','2013-12-04 05:40:25',1)
 ,(2904,119,'2013-12-04','2013-12-04 05:40:25',1)
 ,(2905,119,'2013-12-04','2013-12-04 05:40:25',1)
 ,(2906,1,'2013-12-04','2013-12-04 05:43:49',1)
 ,(2907,119,'2013-12-04','2013-12-04 05:43:49',1)
 ,(2908,119,'2013-12-04','2013-12-04 05:43:49',1)
 ,(2909,119,'2013-12-04','2013-12-04 05:43:49',1)
 ,(2910,119,'2013-12-04','2013-12-04 05:43:49',1)
 ,(2911,1,'2013-12-04','2013-12-04 05:44:42',1)
 ,(2912,119,'2013-12-04','2013-12-04 05:44:43',1)
 ,(2913,119,'2013-12-04','2013-12-04 05:44:43',1)
 ,(2914,119,'2013-12-04','2013-12-04 05:44:43',1)
 ,(2915,119,'2013-12-04','2013-12-04 05:44:43',1)
 ,(2916,1,'2013-12-04','2013-12-04 05:44:52',1)
 ,(2917,119,'2013-12-04','2013-12-04 05:44:53',1)
 ,(2918,119,'2013-12-04','2013-12-04 05:44:53',1)
 ,(2919,119,'2013-12-04','2013-12-04 05:44:53',1)
 ,(2920,119,'2013-12-04','2013-12-04 05:44:53',1)
 ,(2921,1,'2013-12-04','2013-12-04 05:45:59',1)
 ,(2922,119,'2013-12-04','2013-12-04 05:46:00',1)
 ,(2923,119,'2013-12-04','2013-12-04 05:46:00',1)
 ,(2924,119,'2013-12-04','2013-12-04 05:46:00',1)
 ,(2925,119,'2013-12-04','2013-12-04 05:46:00',1)
 ,(2926,1,'2013-12-04','2013-12-04 05:46:12',1)
 ,(2927,119,'2013-12-04','2013-12-04 05:46:12',1)
 ,(2928,119,'2013-12-04','2013-12-04 05:46:13',1)
 ,(2929,119,'2013-12-04','2013-12-04 05:46:13',1)
 ,(2930,119,'2013-12-04','2013-12-04 05:46:13',1)
 ,(2931,1,'2013-12-04','2013-12-04 05:48:28',1)
 ,(2932,119,'2013-12-04','2013-12-04 05:48:29',1)
 ,(2933,119,'2013-12-04','2013-12-04 05:48:29',1)
 ,(2934,119,'2013-12-04','2013-12-04 05:48:29',1)
 ,(2935,119,'2013-12-04','2013-12-04 05:48:29',1)
 ,(2936,1,'2013-12-04','2013-12-04 05:49:15',1)
 ,(2937,119,'2013-12-04','2013-12-04 05:49:16',1)
 ,(2938,119,'2013-12-04','2013-12-04 05:49:16',1)
 ,(2939,119,'2013-12-04','2013-12-04 05:49:16',1)
 ,(2940,119,'2013-12-04','2013-12-04 05:49:16',1)
 ,(2941,1,'2013-12-09','2013-12-09 00:55:57',1)
 ,(2942,119,'2013-12-09','2013-12-09 00:55:58',1)
 ,(2943,119,'2013-12-09','2013-12-09 00:55:58',1)
 ,(2944,119,'2013-12-09','2013-12-09 00:55:58',1)
 ,(2945,119,'2013-12-09','2013-12-09 00:55:58',1)
 ,(2946,106,'2013-12-09','2013-12-09 00:55:59',1)
 ,(2947,1,'2013-12-09','2013-12-09 01:29:21',1)
 ,(2948,119,'2013-12-09','2013-12-09 01:29:22',1)
 ,(2949,119,'2013-12-09','2013-12-09 01:29:22',1)
 ,(2950,119,'2013-12-09','2013-12-09 01:29:22',1)
 ,(2951,119,'2013-12-09','2013-12-09 01:29:22',1)
 ,(2952,1,'2013-12-09','2013-12-09 01:29:22',1)
 ,(2953,1,'2013-12-09','2013-12-09 01:30:53',1)
 ,(2954,119,'2013-12-09','2013-12-09 01:30:53',1)
 ,(2955,119,'2013-12-09','2013-12-09 01:30:53',1)
 ,(2956,119,'2013-12-09','2013-12-09 01:30:54',1)
 ,(2957,119,'2013-12-09','2013-12-09 01:30:54',1)
 ,(2958,1,'2013-12-09','2013-12-09 01:36:06',1)
 ,(2959,119,'2013-12-09','2013-12-09 01:36:06',1)
 ,(2960,119,'2013-12-09','2013-12-09 01:36:07',1)
 ,(2961,119,'2013-12-09','2013-12-09 01:36:07',1)
 ,(2962,119,'2013-12-09','2013-12-09 01:36:07',1)
 ,(2963,1,'2013-12-10','2013-12-10 00:28:40',1)
 ,(2964,119,'2013-12-10','2013-12-10 00:28:41',1)
 ,(2965,119,'2013-12-10','2013-12-10 00:28:41',1)
 ,(2966,119,'2013-12-10','2013-12-10 00:28:42',1)
 ,(2967,119,'2013-12-10','2013-12-10 00:28:42',1)
 ,(2968,125,'2013-12-10','2013-12-10 00:28:43',1)
 ,(2969,1,'2013-12-10','2013-12-10 00:28:45',1)
 ,(2970,125,'2013-12-10','2013-12-10 00:28:46',1)
 ,(2971,126,'2013-12-10','2013-12-10 00:28:47',1)
 ,(2972,132,'2013-12-10','2013-12-10 00:28:49',1)
 ,(2973,125,'2013-12-10','2013-12-10 00:28:50',1)
 ,(2974,1,'2013-12-10','2013-12-10 00:28:52',1)
 ,(2975,119,'2013-12-10','2013-12-10 00:28:52',1)
 ,(2976,119,'2013-12-10','2013-12-10 00:28:53',1)
 ,(2977,119,'2013-12-10','2013-12-10 00:28:53',1)
 ,(2978,119,'2013-12-10','2013-12-10 00:28:53',1)
 ,(2979,124,'2013-12-10','2013-12-10 00:28:54',1)
 ,(2980,1,'2013-12-10','2013-12-10 00:29:00',1)
 ,(2981,124,'2013-12-10','2013-12-10 00:29:01',1)
 ,(2982,1,'2013-12-10','2013-12-10 00:29:15',1)
 ,(2983,1,'2013-12-10','2013-12-10 00:32:48',1)
 ,(2984,119,'2013-12-10','2013-12-10 00:32:49',1)
 ,(2985,119,'2013-12-10','2013-12-10 00:32:49',1)
 ,(2986,119,'2013-12-10','2013-12-10 00:32:49',1)
 ,(2987,119,'2013-12-10','2013-12-10 00:32:49',1)
 ,(2988,1,'2013-12-10','2013-12-10 00:35:03',1)
 ,(2989,119,'2013-12-10','2013-12-10 00:35:03',1)
 ,(2990,1,'2013-12-10','2013-12-10 00:46:29',1)
 ,(2991,124,'2013-12-10','2013-12-10 00:46:31',1)
 ,(2992,124,'2013-12-10','2013-12-10 00:49:11',1)
 ,(2993,1,'2013-12-10','2013-12-10 00:49:17',1)
 ,(2994,119,'2013-12-10','2013-12-10 00:49:18',1)
 ,(2995,119,'2013-12-10','2013-12-10 00:49:18',1)
 ,(2996,119,'2013-12-10','2013-12-10 00:49:18',1)
 ,(2997,119,'2013-12-10','2013-12-10 00:49:18',1)
 ,(2998,124,'2013-12-10','2013-12-10 00:49:19',1)
 ,(2999,1,'2013-12-10','2013-12-10 00:49:20',1)
 ,(3000,125,'2013-12-10','2013-12-10 00:49:21',1)
 ,(3001,124,'2013-12-10','2013-12-10 00:49:25',1)
 ,(3002,126,'2013-12-10','2013-12-10 00:49:26',1)
 ,(3003,132,'2013-12-10','2013-12-10 00:49:27',1)
 ,(3004,1,'2013-12-10','2013-12-10 00:49:28',1)
 ,(3005,119,'2013-12-10','2013-12-10 00:49:28',1)
 ,(3006,119,'2013-12-10','2013-12-10 00:49:29',1)
 ,(3007,119,'2013-12-10','2013-12-10 00:49:29',1)
 ,(3008,119,'2013-12-10','2013-12-10 00:49:29',1)
 ,(3009,132,'2013-12-10','2013-12-10 00:49:29',1)
 ,(3010,1,'2013-12-10','2013-12-10 00:49:36',1)
 ,(3011,1,'2013-12-10','2013-12-10 00:52:59',1)
 ,(3012,119,'2013-12-10','2013-12-10 00:52:59',1)
 ,(3013,119,'2013-12-10','2013-12-10 00:52:59',1)
 ,(3014,119,'2013-12-10','2013-12-10 00:53:00',1)
 ,(3015,119,'2013-12-10','2013-12-10 00:53:00',1)
 ,(3016,124,'2013-12-10','2013-12-10 00:53:02',1)
 ,(3017,124,'2013-12-10','2013-12-10 00:54:28',1)
 ,(3018,124,'2013-12-10','2013-12-10 00:54:36',1)
 ,(3019,124,'2013-12-10','2013-12-10 00:55:40',1)
 ,(3020,124,'2013-12-10','2013-12-10 00:56:54',1)
 ,(3021,106,'2013-12-10','2013-12-10 00:56:55',1)
 ,(3022,124,'2013-12-10','2013-12-10 00:57:35',1)
 ,(3023,124,'2013-12-10','2013-12-10 00:57:45',1)
 ,(3024,124,'2013-12-10','2013-12-10 00:59:35',1)
 ,(3025,124,'2013-12-10','2013-12-10 01:05:37',1)
 ,(3026,1,'2013-12-10','2013-12-10 01:05:42',1)
 ,(3027,119,'2013-12-10','2013-12-10 01:05:42',1)
 ,(3028,119,'2013-12-10','2013-12-10 01:05:42',1)
 ,(3029,119,'2013-12-10','2013-12-10 01:05:43',1)
 ,(3030,119,'2013-12-10','2013-12-10 01:05:43',1)
 ,(3031,1,'2013-12-10','2013-12-10 01:05:47',1)
 ,(3032,1,'2013-12-10','2013-12-10 01:07:21',1)
 ,(3033,125,'2013-12-10','2013-12-10 01:13:12',1)
 ,(3034,126,'2013-12-10','2013-12-10 01:13:14',1)
 ,(3035,132,'2013-12-10','2013-12-10 01:13:16',1)
 ,(3036,124,'2013-12-10','2013-12-10 01:13:17',1)
 ,(3037,125,'2013-12-10','2013-12-10 01:13:58',1)
 ,(3038,126,'2013-12-10','2013-12-10 01:14:00',1)
 ,(3039,132,'2013-12-10','2013-12-10 01:14:03',1)
 ,(3040,126,'2013-12-10','2013-12-10 01:14:05',1)
 ,(3041,125,'2013-12-10','2013-12-10 01:14:12',1)
 ,(3042,126,'2013-12-10','2013-12-10 01:14:14',1)
 ,(3043,132,'2013-12-10','2013-12-10 01:14:15',1)
 ,(3044,1,'2013-12-10','2013-12-10 01:14:17',1)
 ,(3045,119,'2013-12-10','2013-12-10 01:14:17',1)
 ,(3046,119,'2013-12-10','2013-12-10 01:14:17',1)
 ,(3047,119,'2013-12-10','2013-12-10 01:14:17',1)
 ,(3048,119,'2013-12-10','2013-12-10 01:14:17',1)
 ,(3049,126,'2013-12-10','2013-12-10 01:14:20',1)
 ,(3050,126,'2013-12-10','2013-12-10 01:18:56',1)
 ,(3051,126,'2013-12-10','2013-12-10 01:19:41',1)
 ,(3052,1,'2013-12-10','2013-12-10 01:19:44',1)
 ,(3053,119,'2013-12-10','2013-12-10 01:19:45',1)
 ,(3054,119,'2013-12-10','2013-12-10 01:19:45',1)
 ,(3055,119,'2013-12-10','2013-12-10 01:19:45',1)
 ,(3056,119,'2013-12-10','2013-12-10 01:19:45',1)
 ,(3057,126,'2013-12-10','2013-12-10 01:21:24',1)
 ,(3058,1,'2013-12-10','2013-12-10 01:21:28',1)
 ,(3059,126,'2013-12-10','2013-12-10 01:21:35',1)
 ,(3060,132,'2013-12-10','2013-12-10 01:21:38',1)
 ,(3061,1,'2013-12-10','2013-12-10 01:22:47',1)
 ,(3062,119,'2013-12-10','2013-12-10 01:22:48',1)
 ,(3063,119,'2013-12-10','2013-12-10 01:22:48',1)
 ,(3064,119,'2013-12-10','2013-12-10 01:22:48',1)
 ,(3065,119,'2013-12-10','2013-12-10 01:22:48',1)
 ,(3066,124,'2013-12-10','2013-12-10 01:23:07',1)
 ,(3067,125,'2013-12-10','2013-12-10 01:23:27',1)
 ,(3068,126,'2013-12-10','2013-12-10 01:23:29',1)
 ,(3069,132,'2013-12-10','2013-12-10 01:23:31',1)
 ,(3070,126,'2013-12-10','2013-12-10 01:23:34',1)
 ,(3071,125,'2013-12-10','2013-12-10 01:23:44',1)
 ,(3072,1,'2013-12-10','2013-12-10 01:23:52',1)
 ,(3073,119,'2013-12-10','2013-12-10 01:23:53',1)
 ,(3074,119,'2013-12-10','2013-12-10 01:23:53',1)
 ,(3075,119,'2013-12-10','2013-12-10 01:23:53',1)
 ,(3076,119,'2013-12-10','2013-12-10 01:23:53',1)
 ,(3077,126,'2013-12-10','2013-12-10 01:23:54',1)
 ,(3078,132,'2013-12-10','2013-12-10 01:23:57',1)
 ,(3079,125,'2013-12-10','2013-12-10 01:24:00',1)
 ,(3080,1,'2013-12-10','2013-12-10 01:24:03',1)
 ,(3081,119,'2013-12-10','2013-12-10 01:24:03',1)
 ,(3082,119,'2013-12-10','2013-12-10 01:24:04',1)
 ,(3083,119,'2013-12-10','2013-12-10 01:24:04',1)
 ,(3084,119,'2013-12-10','2013-12-10 01:24:04',1)
 ,(3085,124,'2013-12-10','2013-12-10 01:24:27',1)
 ,(3086,125,'2013-12-10','2013-12-10 01:24:29',1)
 ,(3087,126,'2013-12-10','2013-12-10 01:24:31',1)
 ,(3088,132,'2013-12-10','2013-12-10 01:24:32',1)
 ,(3089,126,'2013-12-10','2013-12-10 01:24:33',1)
 ,(3090,125,'2013-12-10','2013-12-10 01:24:34',1)
 ,(3091,1,'2013-12-10','2013-12-10 01:24:35',1)
 ,(3092,119,'2013-12-10','2013-12-10 01:24:36',1)
 ,(3093,119,'2013-12-10','2013-12-10 01:24:36',1)
 ,(3094,119,'2013-12-10','2013-12-10 01:24:36',1)
 ,(3095,119,'2013-12-10','2013-12-10 01:24:36',1)
 ,(3096,1,'2013-12-10','2013-12-10 01:26:09',1)
 ,(3097,126,'2013-12-10','2013-12-10 01:26:47',1)
 ,(3098,132,'2013-12-10','2013-12-10 01:26:49',1)
 ,(3099,126,'2013-12-10','2013-12-10 01:26:50',1)
 ,(3100,1,'2013-12-10','2013-12-10 01:26:51',1)
 ,(3101,119,'2013-12-10','2013-12-10 01:26:51',1)
 ,(3102,119,'2013-12-10','2013-12-10 01:26:51',1)
 ,(3103,119,'2013-12-10','2013-12-10 01:26:52',1)
 ,(3104,119,'2013-12-10','2013-12-10 01:26:52',1)
 ,(3105,125,'2013-12-10','2013-12-10 01:27:14',1)
 ,(3106,1,'2013-12-10','2013-12-10 01:27:54',1)
 ,(3107,119,'2013-12-10','2013-12-10 01:27:54',1)
 ,(3108,119,'2013-12-10','2013-12-10 01:27:54',1)
 ,(3109,119,'2013-12-10','2013-12-10 01:27:55',1)
 ,(3110,119,'2013-12-10','2013-12-10 01:27:55',1)
 ,(3111,126,'2013-12-10','2013-12-10 01:28:06',1)
 ,(3112,1,'2013-12-10','2013-12-10 01:28:08',1)
 ,(3113,119,'2013-12-10','2013-12-10 01:28:09',1)
 ,(3114,119,'2013-12-10','2013-12-10 01:28:09',1)
 ,(3115,119,'2013-12-10','2013-12-10 01:28:09',1)
 ,(3116,119,'2013-12-10','2013-12-10 01:28:09',1)
 ,(3117,132,'2013-12-10','2013-12-10 01:28:12',1)
 ,(3118,126,'2013-12-10','2013-12-10 01:28:14',1)
 ,(3119,125,'2013-12-10','2013-12-10 01:28:16',1)
 ,(3120,1,'2013-12-10','2013-12-10 01:28:17',1)
 ,(3121,119,'2013-12-10','2013-12-10 01:28:17',1)
 ,(3122,119,'2013-12-10','2013-12-10 01:28:18',1)
 ,(3123,119,'2013-12-10','2013-12-10 01:28:18',1)
 ,(3124,119,'2013-12-10','2013-12-10 01:28:18',1)
 ,(3125,1,'2013-12-10','2013-12-10 01:39:29',1)
 ,(3126,126,'2013-12-10','2013-12-10 02:18:06',1)
 ,(3127,125,'2013-12-10','2013-12-10 02:18:09',1)
 ,(3128,1,'2013-12-10','2013-12-10 02:18:10',1)
 ,(3129,119,'2013-12-10','2013-12-10 02:18:10',1)
 ,(3130,119,'2013-12-10','2013-12-10 02:18:10',1)
 ,(3131,119,'2013-12-10','2013-12-10 02:18:11',1)
 ,(3132,119,'2013-12-10','2013-12-10 02:18:11',1)
 ,(3133,1,'2013-12-11','2013-12-11 00:16:21',1)
 ,(3134,119,'2013-12-11','2013-12-11 00:16:22',1)
 ,(3135,119,'2013-12-11','2013-12-11 00:16:23',1)
 ,(3136,119,'2013-12-11','2013-12-11 00:16:23',1)
 ,(3137,119,'2013-12-11','2013-12-11 00:16:23',1)
 ,(3138,1,'2013-12-11','2013-12-11 00:34:12',1)
 ,(3139,125,'2013-12-11','2013-12-11 00:50:01',1)
 ,(3140,125,'2013-12-11','2013-12-11 00:50:02',1)
 ,(3141,125,'2013-12-11','2013-12-11 00:50:03',1)
 ,(3142,2,'2013-12-11','2013-12-11 00:55:38',1)
 ,(3143,13,'2013-12-11','2013-12-11 00:55:41',1)
 ,(3144,13,'2013-12-11','2013-12-11 00:55:43',1)
 ,(3145,13,'2013-12-11','2013-12-11 00:56:20',1)
 ,(3146,13,'2013-12-11','2013-12-11 00:56:21',1)
 ,(3147,125,'2013-12-11','2013-12-11 00:56:25',1)
 ,(3148,1,'2013-12-11','2013-12-11 00:56:28',1)
 ,(3149,119,'2013-12-11','2013-12-11 00:56:28',1)
 ,(3150,119,'2013-12-11','2013-12-11 00:56:28',1)
 ,(3151,119,'2013-12-11','2013-12-11 00:56:29',1)
 ,(3152,119,'2013-12-11','2013-12-11 00:56:29',1)
 ,(3153,126,'2013-12-11','2013-12-11 00:56:36',1)
 ,(3154,126,'2013-12-11','2013-12-11 00:56:37',1)
 ,(3155,125,'2013-12-11','2013-12-11 00:56:40',1)
 ,(3156,1,'2013-12-11','2013-12-11 00:56:42',1)
 ,(3157,119,'2013-12-11','2013-12-11 00:56:42',1)
 ,(3158,119,'2013-12-11','2013-12-11 00:56:42',1)
 ,(3159,119,'2013-12-11','2013-12-11 00:56:43',1)
 ,(3160,119,'2013-12-11','2013-12-11 00:56:43',1)
 ,(3161,125,'2013-12-11','2013-12-11 00:56:53',1)
 ,(3162,1,'2013-12-11','2013-12-11 00:57:34',1)
 ,(3163,119,'2013-12-11','2013-12-11 00:57:34',1)
 ,(3164,119,'2013-12-11','2013-12-11 00:57:34',1)
 ,(3165,119,'2013-12-11','2013-12-11 00:57:34',1)
 ,(3166,119,'2013-12-11','2013-12-11 00:57:34',1)
 ,(3167,106,'2013-12-11','2013-12-11 00:57:35',1)
 ,(3168,125,'2013-12-11','2013-12-11 01:02:37',1)
 ,(3169,125,'2013-12-11','2013-12-11 01:02:40',1)
 ,(3170,2,'2013-12-11','2013-12-11 01:07:24',1)
 ,(3171,43,'2013-12-11','2013-12-11 01:07:33',1)
 ,(3172,43,'2013-12-11','2013-12-11 01:08:11',1)
 ,(3173,43,'2013-12-11','2013-12-11 01:09:09',1)
 ,(3174,43,'2013-12-11','2013-12-11 01:09:11',1)
 ,(3175,43,'2013-12-11','2013-12-11 01:09:13',1)
 ,(3176,43,'2013-12-11','2013-12-11 01:09:13',1)
 ,(3177,43,'2013-12-11','2013-12-11 01:09:16',1)
 ,(3178,43,'2013-12-11','2013-12-11 01:09:18',1)
 ,(3179,43,'2013-12-11','2013-12-11 01:09:18',1)
 ,(3180,43,'2013-12-11','2013-12-11 01:09:57',1)
 ,(3181,43,'2013-12-11','2013-12-11 01:10:28',1)
 ,(3182,43,'2013-12-11','2013-12-11 01:10:37',1)
 ,(3183,43,'2013-12-11','2013-12-11 01:10:38',1)
 ,(3184,43,'2013-12-11','2013-12-11 01:10:38',1)
 ,(3185,43,'2013-12-11','2013-12-11 01:10:38',1)
 ,(3186,43,'2013-12-11','2013-12-11 01:10:38',1)
 ,(3187,43,'2013-12-11','2013-12-11 01:10:38',1)
 ,(3188,43,'2013-12-11','2013-12-11 01:10:39',1)
 ,(3189,43,'2013-12-11','2013-12-11 01:10:39',1)
 ,(3190,43,'2013-12-11','2013-12-11 01:10:39',1)
 ,(3191,43,'2013-12-11','2013-12-11 01:10:39',1)
 ,(3192,43,'2013-12-11','2013-12-11 01:10:40',1)
 ,(3193,43,'2013-12-11','2013-12-11 01:10:40',1)
 ,(3194,43,'2013-12-11','2013-12-11 01:10:40',1)
 ,(3195,43,'2013-12-11','2013-12-11 01:10:40',1)
 ,(3196,43,'2013-12-11','2013-12-11 01:10:40',1)
 ,(3197,43,'2013-12-11','2013-12-11 01:10:40',1)
 ,(3198,43,'2013-12-11','2013-12-11 01:10:40',1)
 ,(3199,43,'2013-12-11','2013-12-11 01:10:40',1)
 ,(3200,43,'2013-12-11','2013-12-11 01:10:40',1)
 ,(3201,43,'2013-12-11','2013-12-11 01:10:40',1)
 ,(3202,43,'2013-12-11','2013-12-11 01:10:40',1)
 ,(3203,43,'2013-12-11','2013-12-11 01:10:40',1)
 ,(3204,43,'2013-12-11','2013-12-11 01:10:41',1)
 ,(3205,43,'2013-12-11','2013-12-11 01:10:41',1)
 ,(3206,43,'2013-12-11','2013-12-11 01:10:41',1)
 ,(3207,43,'2013-12-11','2013-12-11 01:10:41',1)
 ,(3208,43,'2013-12-11','2013-12-11 01:10:41',1)
 ,(3209,43,'2013-12-11','2013-12-11 01:10:41',1)
 ,(3210,43,'2013-12-11','2013-12-11 01:10:41',1)
 ,(3211,43,'2013-12-11','2013-12-11 01:10:41',1)
 ,(3212,43,'2013-12-11','2013-12-11 01:10:41',1)
 ,(3213,43,'2013-12-11','2013-12-11 01:12:56',1)
 ,(3214,43,'2013-12-11','2013-12-11 01:12:57',1)
 ,(3215,43,'2013-12-11','2013-12-11 01:12:58',1)
 ,(3216,43,'2013-12-11','2013-12-11 01:12:58',1)
 ,(3217,43,'2013-12-11','2013-12-11 01:12:58',1)
 ,(3218,43,'2013-12-11','2013-12-11 01:12:58',1)
 ,(3219,43,'2013-12-11','2013-12-11 01:12:58',1)
 ,(3220,43,'2013-12-11','2013-12-11 01:12:58',1)
 ,(3221,43,'2013-12-11','2013-12-11 01:12:58',1)
 ,(3222,43,'2013-12-11','2013-12-11 01:12:59',1)
 ,(3223,43,'2013-12-11','2013-12-11 01:12:59',1)
 ,(3224,43,'2013-12-11','2013-12-11 01:12:59',1)
 ,(3225,43,'2013-12-11','2013-12-11 01:12:59',1)
 ,(3226,43,'2013-12-11','2013-12-11 01:12:59',1)
 ,(3227,43,'2013-12-11','2013-12-11 01:12:59',1)
 ,(3228,43,'2013-12-11','2013-12-11 01:12:59',1)
 ,(3229,43,'2013-12-11','2013-12-11 01:12:59',1)
 ,(3230,43,'2013-12-11','2013-12-11 01:12:59',1)
 ,(3231,43,'2013-12-11','2013-12-11 01:12:59',1)
 ,(3232,43,'2013-12-11','2013-12-11 01:12:59',1)
 ,(3233,43,'2013-12-11','2013-12-11 01:13:00',1)
 ,(3234,43,'2013-12-11','2013-12-11 01:13:00',1)
 ,(3235,43,'2013-12-11','2013-12-11 01:13:00',1)
 ,(3236,43,'2013-12-11','2013-12-11 01:13:00',1)
 ,(3237,43,'2013-12-11','2013-12-11 01:13:00',1)
 ,(3238,43,'2013-12-11','2013-12-11 01:13:00',1)
 ,(3239,43,'2013-12-11','2013-12-11 01:13:00',1)
 ,(3240,43,'2013-12-11','2013-12-11 01:13:00',1)
 ,(3241,43,'2013-12-11','2013-12-11 01:13:00',1)
 ,(3242,43,'2013-12-11','2013-12-11 01:13:00',1)
 ,(3243,43,'2013-12-11','2013-12-11 01:13:00',1)
 ,(3244,43,'2013-12-11','2013-12-11 01:13:01',1)
 ,(3245,43,'2013-12-11','2013-12-11 01:13:01',1)
 ,(3246,43,'2013-12-11','2013-12-11 01:13:01',1)
 ,(3247,43,'2013-12-11','2013-12-11 01:13:01',1)
 ,(3248,43,'2013-12-11','2013-12-11 01:13:01',1)
 ,(3249,43,'2013-12-11','2013-12-11 01:15:05',1)
 ,(3250,43,'2013-12-11','2013-12-11 01:16:03',1)
 ,(3251,50,'2013-12-11','2013-12-11 01:16:11',1)
 ,(3252,48,'2013-12-11','2013-12-11 01:16:12',1)
 ,(3253,2,'2013-12-11','2013-12-11 01:16:47',1)
 ,(3254,43,'2013-12-11','2013-12-11 01:16:51',1)
 ,(3255,2,'2013-12-11','2013-12-11 01:17:24',1)
 ,(3256,2,'2013-12-11','2013-12-11 01:17:39',1)
 ,(3257,125,'2013-12-11','2013-12-11 01:18:20',1)
 ,(3258,130,'2013-12-11','2013-12-11 01:18:23',1)
 ,(3259,125,'2013-12-11','2013-12-11 01:18:43',1)
 ,(3260,125,'2013-12-11','2013-12-11 01:19:01',1)
 ,(3261,125,'2013-12-11','2013-12-11 01:22:35',1)
 ,(3262,119,'2013-12-11','2013-12-11 01:27:05',1)
 ,(3263,119,'2013-12-11','2013-12-11 01:27:08',1)
 ,(3264,119,'2013-12-11','2013-12-11 01:27:20',1)
 ,(3265,119,'2013-12-11','2013-12-11 01:27:55',1)
 ,(3266,119,'2013-12-11','2013-12-11 01:28:00',1)
 ,(3267,119,'2013-12-11','2013-12-11 01:28:01',1)
 ,(3268,119,'2013-12-11','2013-12-11 01:28:03',1)
 ,(3269,119,'2013-12-11','2013-12-11 01:28:13',1)
 ,(3270,119,'2013-12-11','2013-12-11 01:28:16',1)
 ,(3271,119,'2013-12-11','2013-12-11 01:28:40',1)
 ,(3272,119,'2013-12-11','2013-12-11 01:28:42',1)
 ,(3273,125,'2013-12-11','2013-12-11 01:38:18',1)
 ,(3274,1,'2013-12-11','2013-12-11 01:38:19',1)
 ,(3275,119,'2013-12-11','2013-12-11 01:38:20',1)
 ,(3276,119,'2013-12-11','2013-12-11 01:38:20',1)
 ,(3277,119,'2013-12-11','2013-12-11 01:38:20',1)
 ,(3278,119,'2013-12-11','2013-12-11 01:38:20',1)
 ,(3279,125,'2013-12-11','2013-12-11 01:38:25',1)
 ,(3280,1,'2013-12-11','2013-12-11 01:38:28',1)
 ,(3281,125,'2013-12-11','2013-12-11 01:38:29',1)
 ,(3282,125,'2013-12-11','2013-12-11 01:38:33',1)
 ,(3283,2,'2013-12-11','2013-12-11 01:40:17',1)
 ,(3284,41,'2013-12-11','2013-12-11 01:40:20',1)
 ,(3285,41,'2013-12-11','2013-12-11 01:40:26',1)
 ,(3286,41,'2013-12-11','2013-12-11 01:40:29',1)
 ,(3287,2,'2013-12-11','2013-12-11 01:40:31',1)
 ,(3288,41,'2013-12-11','2013-12-11 01:40:33',1)
 ,(3289,2,'2013-12-11','2013-12-11 01:40:35',1)
 ,(3290,43,'2013-12-11','2013-12-11 01:40:37',1)
 ,(3291,2,'2013-12-11','2013-12-11 01:42:22',1)
 ,(3292,43,'2013-12-11','2013-12-11 01:42:24',1)
 ,(3293,43,'2013-12-11','2013-12-11 01:42:26',1)
 ,(3294,125,'2013-12-11','2013-12-11 01:42:31',1)
 ,(3295,125,'2013-12-11','2013-12-11 01:51:21',1)
 ,(3296,43,'2013-12-11','2013-12-11 02:53:03',1)
 ,(3297,43,'2013-12-11','2013-12-11 02:53:07',1)
 ,(3298,43,'2013-12-11','2013-12-11 02:53:12',1)
 ,(3299,43,'2013-12-11','2013-12-11 02:53:12',1)
 ,(3300,43,'2013-12-11','2013-12-11 02:53:16',1)
 ,(3301,43,'2013-12-11','2013-12-11 02:54:34',1)
 ,(3302,125,'2013-12-11','2013-12-11 02:55:05',1)
 ,(3303,43,'2013-12-11','2013-12-11 02:57:06',1)
 ,(3304,125,'2013-12-11','2013-12-11 02:57:06',1)
 ,(3305,2,'2013-12-11','2013-12-11 03:36:17',1)
 ,(3306,51,'2013-12-11','2013-12-11 03:36:21',1)
 ,(3307,94,'2013-12-11','2013-12-11 03:36:36',1)
 ,(3308,96,'2013-12-11','2013-12-11 03:36:40',1)
 ,(3309,51,'2013-12-11','2013-12-11 03:36:43',1)
 ,(3310,2,'2013-12-11','2013-12-11 03:36:52',1)
 ,(3311,2,'2013-12-11','2013-12-11 03:36:57',1)
 ,(3312,45,'2013-12-11','2013-12-11 03:37:08',1)
 ,(3313,2,'2013-12-11','2013-12-11 03:37:12',1)
 ,(3314,26,'2013-12-11','2013-12-11 03:37:26',1)
 ,(3315,2,'2013-12-11','2013-12-11 03:37:55',1)
 ,(3316,2,'2013-12-11','2013-12-11 03:37:55',1)
 ,(3317,26,'2013-12-11','2013-12-11 03:37:59',1)
 ,(3318,26,'2013-12-11','2013-12-11 03:38:20',1)
 ,(3319,26,'2013-12-11','2013-12-11 03:38:20',1)
 ,(3320,26,'2013-12-11','2013-12-11 03:38:45',1)
 ,(3321,26,'2013-12-11','2013-12-11 03:38:48',1)
 ,(3322,2,'2013-12-11','2013-12-11 03:38:49',1)
 ,(3323,26,'2013-12-11','2013-12-11 03:39:46',1)
 ,(3324,26,'2013-12-11','2013-12-11 03:40:27',1)
 ,(3325,2,'2013-12-11','2013-12-11 03:40:29',1)
 ,(3326,26,'2013-12-11','2013-12-11 03:40:32',1)
 ,(3327,26,'2013-12-11','2013-12-11 03:40:35',1)
 ,(3328,26,'2013-12-11','2013-12-11 03:41:16',1)
 ,(3329,26,'2013-12-11','2013-12-11 03:42:03',1)
 ,(3330,26,'2013-12-11','2013-12-11 03:42:25',1)
 ,(3331,26,'2013-12-11','2013-12-11 03:50:58',1)
 ,(3332,26,'2013-12-11','2013-12-11 03:51:03',1)
 ,(3333,26,'2013-12-11','2013-12-11 03:51:03',1)
 ,(3334,26,'2013-12-11','2013-12-11 04:01:50',1)
 ,(3335,26,'2013-12-11','2013-12-11 04:01:52',1)
 ,(3336,26,'2013-12-11','2013-12-11 04:01:53',1)
 ,(3337,26,'2013-12-11','2013-12-11 04:02:16',1)
 ,(3338,26,'2013-12-11','2013-12-11 04:02:20',1)
 ,(3339,26,'2013-12-11','2013-12-11 04:04:29',1)
 ,(3340,2,'2013-12-11','2013-12-11 04:06:52',1)
 ,(3341,26,'2013-12-11','2013-12-11 04:06:55',1)
 ,(3342,26,'2013-12-11','2013-12-11 04:08:31',1)
 ,(3343,26,'2013-12-11','2013-12-11 04:08:31',1)
 ,(3344,26,'2013-12-11','2013-12-11 04:09:02',1)
 ,(3345,26,'2013-12-11','2013-12-11 04:11:04',1)
 ,(3346,26,'2013-12-11','2013-12-11 04:12:01',1)
 ,(3347,26,'2013-12-11','2013-12-11 04:19:53',1)
 ,(3348,26,'2013-12-11','2013-12-11 04:20:32',1)
 ,(3349,26,'2013-12-11','2013-12-11 04:21:10',1)
 ,(3350,26,'2013-12-11','2013-12-11 04:21:16',1)
 ,(3351,26,'2013-12-11','2013-12-11 04:21:17',1)
 ,(3352,26,'2013-12-11','2013-12-11 05:19:33',1)
 ,(3353,125,'2013-12-11','2013-12-11 14:12:08',1)
 ,(3354,26,'2013-12-11','2013-12-11 14:12:08',1)
 ,(3355,26,'2013-12-11','2013-12-11 15:40:11',1)
 ,(3356,26,'2013-12-11','2013-12-11 15:40:11',1)
 ,(3357,2,'2013-12-11','2013-12-11 16:41:27',1)
 ,(3358,13,'2013-12-11','2013-12-11 16:41:29',1)
 ,(3359,13,'2013-12-11','2013-12-11 16:41:31',1)
 ,(3360,11,'2013-12-11','2013-12-11 16:41:51',1)
 ,(3361,125,'2013-12-11','2013-12-11 16:57:15',1)
 ,(3362,125,'2013-12-11','2013-12-11 16:57:33',1)
 ,(3363,125,'2013-12-11','2013-12-11 16:57:51',1)
 ,(3364,125,'2013-12-11','2013-12-11 16:58:24',1)
 ,(3365,125,'2013-12-11','2013-12-11 16:58:32',1)
 ,(3366,125,'2013-12-11','2013-12-11 16:58:40',1)
 ,(3367,125,'2013-12-11','2013-12-11 16:59:39',1)
 ,(3368,125,'2013-12-11','2013-12-11 17:04:13',1)
 ,(3369,1,'2013-12-11','2013-12-11 17:04:29',1)
 ,(3370,119,'2013-12-11','2013-12-11 17:04:30',1)
 ,(3371,119,'2013-12-11','2013-12-11 17:04:30',1)
 ,(3372,119,'2013-12-11','2013-12-11 17:04:30',1)
 ,(3373,119,'2013-12-11','2013-12-11 17:04:31',1)
 ,(3374,125,'2013-12-11','2013-12-11 17:04:35',1)
 ,(3375,1,'2013-12-11','2013-12-11 17:06:12',1)
 ,(3376,119,'2013-12-11','2013-12-11 17:06:13',1)
 ,(3377,119,'2013-12-11','2013-12-11 17:06:13',1)
 ,(3378,119,'2013-12-11','2013-12-11 17:06:13',1)
 ,(3379,119,'2013-12-11','2013-12-11 17:06:13',1)
 ,(3380,125,'2013-12-11','2013-12-11 17:06:21',1)
 ,(3381,1,'2013-12-11','2013-12-11 17:06:23',1)
 ,(3382,119,'2013-12-11','2013-12-11 17:06:24',1)
 ,(3383,119,'2013-12-11','2013-12-11 17:06:24',1)
 ,(3384,119,'2013-12-11','2013-12-11 17:06:24',1)
 ,(3385,119,'2013-12-11','2013-12-11 17:06:24',1)
 ,(3386,125,'2013-12-11','2013-12-11 17:06:24',1)
 ,(3387,1,'2013-12-11','2013-12-11 17:06:41',1)
 ,(3388,119,'2013-12-11','2013-12-11 17:06:42',1)
 ,(3389,119,'2013-12-11','2013-12-11 17:06:42',1)
 ,(3390,119,'2013-12-11','2013-12-11 17:06:42',1)
 ,(3391,119,'2013-12-11','2013-12-11 17:06:42',1)
 ,(3392,125,'2013-12-11','2013-12-11 17:07:35',1)
 ,(3393,125,'2013-12-11','2013-12-11 17:09:20',1)
 ,(3394,125,'2013-12-11','2013-12-11 17:09:24',1)
 ,(3395,125,'2013-12-11','2013-12-11 17:09:46',1)
 ,(3396,125,'2013-12-11','2013-12-11 17:13:43',1)
 ,(3397,2,'2013-12-11','2013-12-11 17:17:30',1)
 ,(3398,11,'2013-12-11','2013-12-11 17:17:38',1)
 ,(3399,125,'2013-12-11','2013-12-11 17:23:31',1)
 ,(3400,125,'2013-12-11','2013-12-11 17:26:44',1)
 ,(3401,119,'2013-12-11','2013-12-11 17:26:44',1)
 ,(3402,125,'2013-12-11','2013-12-11 17:31:17',1)
 ,(3403,119,'2013-12-11','2013-12-11 17:31:18',1)
 ,(3404,125,'2013-12-11','2013-12-11 20:28:56',1)
 ,(3405,119,'2013-12-11','2013-12-11 20:28:57',1)
 ,(3406,125,'2013-12-11','2013-12-11 20:29:12',1)
 ,(3407,119,'2013-12-11','2013-12-11 20:29:13',1)
 ,(3408,125,'2013-12-11','2013-12-11 20:29:29',1)
 ,(3409,119,'2013-12-11','2013-12-11 20:29:30',1)
 ,(3410,125,'2013-12-11','2013-12-11 20:29:43',1)
 ,(3411,119,'2013-12-11','2013-12-11 20:29:44',1)
 ,(3412,125,'2013-12-11','2013-12-11 20:29:58',1)
 ,(3413,119,'2013-12-11','2013-12-11 20:29:58',1)
 ,(3414,1,'2013-12-11','2013-12-11 20:30:32',1)
 ,(3415,119,'2013-12-11','2013-12-11 20:30:32',1)
 ,(3416,119,'2013-12-11','2013-12-11 20:30:33',1)
 ,(3417,119,'2013-12-11','2013-12-11 20:30:33',1)
 ,(3418,119,'2013-12-11','2013-12-11 20:30:33',1)
 ,(3419,125,'2013-12-11','2013-12-11 20:31:26',1)
 ,(3420,119,'2013-12-11','2013-12-11 20:31:26',1)
 ,(3421,125,'2013-12-11','2013-12-11 20:32:37',1)
 ,(3422,119,'2013-12-11','2013-12-11 20:32:38',1)
 ,(3423,125,'2013-12-11','2013-12-11 20:33:33',1)
 ,(3424,119,'2013-12-11','2013-12-11 20:33:33',1)
 ,(3425,125,'2013-12-11','2013-12-11 20:34:31',1)
 ,(3426,119,'2013-12-11','2013-12-11 20:34:31',1)
 ,(3427,125,'2013-12-11','2013-12-11 20:36:21',1)
 ,(3428,119,'2013-12-11','2013-12-11 20:36:22',1)
 ,(3429,125,'2013-12-11','2013-12-11 20:36:34',1)
 ,(3430,119,'2013-12-11','2013-12-11 20:36:34',1)
 ,(3431,125,'2013-12-11','2013-12-11 20:37:00',1)
 ,(3432,119,'2013-12-11','2013-12-11 20:37:00',1)
 ,(3433,125,'2013-12-11','2013-12-11 20:38:21',1)
 ,(3434,119,'2013-12-11','2013-12-11 20:38:21',1)
 ,(3435,125,'2013-12-11','2013-12-11 20:38:23',1)
 ,(3436,119,'2013-12-11','2013-12-11 20:38:24',1)
 ,(3437,125,'2013-12-11','2013-12-11 20:40:42',1)
 ,(3438,119,'2013-12-11','2013-12-11 20:40:42',1)
 ,(3439,125,'2013-12-11','2013-12-11 20:41:47',1)
 ,(3440,119,'2013-12-11','2013-12-11 20:41:47',1)
 ,(3441,125,'2013-12-11','2013-12-11 22:13:17',1)
 ,(3442,119,'2013-12-11','2013-12-11 22:13:17',1)
 ,(3443,125,'2013-12-11','2013-12-11 22:13:43',1)
 ,(3444,119,'2013-12-11','2013-12-11 22:13:43',1)
 ,(3445,125,'2013-12-12','2013-12-12 01:24:59',1)
 ,(3446,119,'2013-12-12','2013-12-12 01:24:59',1)
 ,(3447,106,'2013-12-12','2013-12-12 01:25:00',1)
 ,(3448,125,'2013-12-12','2013-12-12 01:25:18',1)
 ,(3449,119,'2013-12-12','2013-12-12 01:25:19',1)
 ,(3450,125,'2013-12-12','2013-12-12 01:26:19',1)
 ,(3451,119,'2013-12-12','2013-12-12 01:26:19',1)
 ,(3452,125,'2013-12-12','2013-12-12 01:26:36',1)
 ,(3453,119,'2013-12-12','2013-12-12 01:26:37',1)
 ,(3454,125,'2013-12-12','2013-12-12 01:27:08',1)
 ,(3455,119,'2013-12-12','2013-12-12 01:27:08',1)
 ,(3456,125,'2013-12-12','2013-12-12 01:27:41',1)
 ,(3457,119,'2013-12-12','2013-12-12 01:27:41',1)
 ,(3458,125,'2013-12-12','2013-12-12 01:28:02',1)
 ,(3459,119,'2013-12-12','2013-12-12 01:28:03',1)
 ,(3460,125,'2013-12-12','2013-12-12 01:28:23',1)
 ,(3461,119,'2013-12-12','2013-12-12 01:28:24',1)
 ,(3462,125,'2013-12-12','2013-12-12 01:30:56',1)
 ,(3463,119,'2013-12-12','2013-12-12 01:30:57',1)
 ,(3464,125,'2013-12-12','2013-12-12 01:32:02',1)
 ,(3465,119,'2013-12-12','2013-12-12 01:32:02',1)
 ,(3466,125,'2013-12-12','2013-12-12 01:34:49',1)
 ,(3467,119,'2013-12-12','2013-12-12 01:34:49',1)
 ,(3468,125,'2013-12-12','2013-12-12 01:35:14',1)
 ,(3469,119,'2013-12-12','2013-12-12 01:35:15',1)
 ,(3470,125,'2013-12-12','2013-12-12 01:37:42',1)
 ,(3471,119,'2013-12-12','2013-12-12 01:37:42',1)
 ,(3472,125,'2013-12-12','2013-12-12 01:37:54',1)
 ,(3473,119,'2013-12-12','2013-12-12 01:37:54',1)
 ,(3474,125,'2013-12-12','2013-12-12 01:37:58',1)
 ,(3475,119,'2013-12-12','2013-12-12 01:37:58',1)
 ,(3476,125,'2013-12-12','2013-12-12 01:38:08',1)
 ,(3477,119,'2013-12-12','2013-12-12 01:38:08',1)
 ,(3478,125,'2013-12-12','2013-12-12 01:38:19',1)
 ,(3479,119,'2013-12-12','2013-12-12 01:38:19',1)
 ,(3480,125,'2013-12-12','2013-12-12 01:40:10',1)
 ,(3481,119,'2013-12-12','2013-12-12 01:40:10',1)
 ,(3482,125,'2013-12-12','2013-12-12 01:40:20',1)
 ,(3483,119,'2013-12-12','2013-12-12 01:40:21',1)
 ,(3484,125,'2013-12-12','2013-12-12 01:42:36',1)
 ,(3485,119,'2013-12-12','2013-12-12 01:42:37',1)
 ,(3486,125,'2013-12-12','2013-12-12 01:43:03',1)
 ,(3487,119,'2013-12-12','2013-12-12 01:43:03',1)
 ,(3488,125,'2013-12-12','2013-12-12 01:43:17',1)
 ,(3489,119,'2013-12-12','2013-12-12 01:43:18',1)
 ,(3490,125,'2013-12-12','2013-12-12 01:43:28',1)
 ,(3491,119,'2013-12-12','2013-12-12 01:43:28',1)
 ,(3492,125,'2013-12-12','2013-12-12 01:43:37',1)
 ,(3493,119,'2013-12-12','2013-12-12 01:43:38',1)
 ,(3494,125,'2013-12-12','2013-12-12 01:43:48',1)
 ,(3495,119,'2013-12-12','2013-12-12 01:43:48',1)
 ,(3496,125,'2013-12-12','2013-12-12 01:43:54',1)
 ,(3497,119,'2013-12-12','2013-12-12 01:43:55',1)
 ,(3498,125,'2013-12-12','2013-12-12 01:44:27',1)
 ,(3499,119,'2013-12-12','2013-12-12 01:44:28',1)
 ,(3500,125,'2013-12-12','2013-12-12 01:57:47',1)
 ,(3501,119,'2013-12-12','2013-12-12 01:57:47',1)
 ,(3502,125,'2013-12-12','2013-12-12 01:58:53',1)
 ,(3503,119,'2013-12-12','2013-12-12 01:58:53',1)
 ,(3504,125,'2013-12-12','2013-12-12 02:00:03',1)
 ,(3505,119,'2013-12-12','2013-12-12 02:00:04',1)
 ,(3506,125,'2013-12-12','2013-12-12 02:00:42',1)
 ,(3507,119,'2013-12-12','2013-12-12 02:00:42',1)
 ,(3508,125,'2013-12-12','2013-12-12 02:01:21',1)
 ,(3509,119,'2013-12-12','2013-12-12 02:01:21',1)
 ,(3510,125,'2013-12-12','2013-12-12 02:03:30',1)
 ,(3511,119,'2013-12-12','2013-12-12 02:03:30',1)
 ,(3512,125,'2013-12-12','2013-12-12 02:03:56',1)
 ,(3513,119,'2013-12-12','2013-12-12 02:03:56',1)
 ,(3514,125,'2013-12-12','2013-12-12 02:13:38',1)
 ,(3515,119,'2013-12-12','2013-12-12 02:13:39',1)
 ,(3516,125,'2013-12-12','2013-12-12 02:13:57',1)
 ,(3517,119,'2013-12-12','2013-12-12 02:13:57',1)
 ,(3518,125,'2013-12-12','2013-12-12 02:14:07',1)
 ,(3519,119,'2013-12-12','2013-12-12 02:14:08',1)
 ,(3520,125,'2013-12-12','2013-12-12 02:14:17',1)
 ,(3521,119,'2013-12-12','2013-12-12 02:14:18',1)
 ,(3522,125,'2013-12-12','2013-12-12 02:15:18',1)
 ,(3523,119,'2013-12-12','2013-12-12 02:15:19',1)
 ,(3524,125,'2013-12-12','2013-12-12 02:15:29',1)
 ,(3525,119,'2013-12-12','2013-12-12 02:15:29',1)
 ,(3526,125,'2013-12-12','2013-12-12 02:15:35',1)
 ,(3527,119,'2013-12-12','2013-12-12 02:15:36',1)
 ,(3528,125,'2013-12-12','2013-12-12 02:15:59',1)
 ,(3529,119,'2013-12-12','2013-12-12 02:15:59',1)
 ,(3530,125,'2013-12-12','2013-12-12 02:16:10',1)
 ,(3531,119,'2013-12-12','2013-12-12 02:16:10',1)
 ,(3532,125,'2013-12-12','2013-12-12 02:17:08',1)
 ,(3533,119,'2013-12-12','2013-12-12 02:17:09',1)
 ,(3534,125,'2013-12-12','2013-12-12 02:17:20',1)
 ,(3535,119,'2013-12-12','2013-12-12 02:17:20',1)
 ,(3536,125,'2013-12-12','2013-12-12 02:17:44',1)
 ,(3537,119,'2013-12-12','2013-12-12 02:17:44',1)
 ,(3538,125,'2013-12-12','2013-12-12 02:18:00',1)
 ,(3539,119,'2013-12-12','2013-12-12 02:18:00',1)
 ,(3540,1,'2013-12-12','2013-12-12 02:18:25',1)
 ,(3541,119,'2013-12-12','2013-12-12 02:18:25',1)
 ,(3542,119,'2013-12-12','2013-12-12 02:18:26',1)
 ,(3543,119,'2013-12-12','2013-12-12 02:18:26',1)
 ,(3544,119,'2013-12-12','2013-12-12 02:18:26',1)
 ,(3545,125,'2013-12-12','2013-12-12 02:50:58',1)
 ,(3546,125,'2013-12-12','2013-12-12 02:51:08',1)
 ,(3547,119,'2013-12-12','2013-12-12 02:51:19',1)
 ,(3548,125,'2013-12-12','2013-12-12 02:51:52',1)
 ,(3549,119,'2013-12-12','2013-12-12 02:51:53',1)
 ,(3550,125,'2013-12-12','2013-12-12 02:52:39',1)
 ,(3551,119,'2013-12-12','2013-12-12 02:52:40',1)
 ,(3552,1,'2013-12-12','2013-12-12 02:53:01',1)
 ,(3553,119,'2013-12-12','2013-12-12 02:53:02',1)
 ,(3554,119,'2013-12-12','2013-12-12 02:53:02',1)
 ,(3555,119,'2013-12-12','2013-12-12 02:53:02',1)
 ,(3556,119,'2013-12-12','2013-12-12 02:53:02',1)
 ,(3557,125,'2013-12-12','2013-12-12 02:53:03',1)
 ,(3558,119,'2013-12-12','2013-12-12 02:53:03',1)
 ,(3559,125,'2013-12-12','2013-12-12 03:11:45',1)
 ,(3560,119,'2013-12-12','2013-12-12 03:11:45',1)
 ,(3561,125,'2013-12-12','2013-12-12 03:12:21',1)
 ,(3562,119,'2013-12-12','2013-12-12 03:12:21',1)
 ,(3563,125,'2013-12-12','2013-12-12 03:12:42',1)
 ,(3564,119,'2013-12-12','2013-12-12 03:12:42',1)
 ,(3565,125,'2013-12-12','2013-12-12 03:13:01',1)
 ,(3566,125,'2013-12-12','2013-12-12 03:14:12',1)
 ,(3567,125,'2013-12-12','2013-12-12 03:20:23',1)
 ,(3568,119,'2013-12-12','2013-12-12 03:20:23',1)
 ,(3569,125,'2013-12-12','2013-12-12 03:20:55',1)
 ,(3570,119,'2013-12-12','2013-12-12 03:20:55',1)
 ,(3571,125,'2013-12-12','2013-12-12 03:21:44',1)
 ,(3572,119,'2013-12-12','2013-12-12 03:21:44',1)
 ,(3573,125,'2013-12-12','2013-12-12 03:22:10',1)
 ,(3574,119,'2013-12-12','2013-12-12 03:22:10',1)
 ,(3575,125,'2013-12-12','2013-12-12 03:24:16',1)
 ,(3576,119,'2013-12-12','2013-12-12 03:24:17',1)
 ,(3577,125,'2013-12-12','2013-12-12 03:25:03',1)
 ,(3578,119,'2013-12-12','2013-12-12 03:25:03',1)
 ,(3579,125,'2013-12-12','2013-12-12 03:28:23',1)
 ,(3580,119,'2013-12-12','2013-12-12 03:28:24',1)
 ,(3581,125,'2013-12-12','2013-12-12 03:29:27',1)
 ,(3582,119,'2013-12-12','2013-12-12 03:29:27',1)
 ,(3583,125,'2013-12-12','2013-12-12 03:32:00',1)
 ,(3584,119,'2013-12-12','2013-12-12 03:32:00',1)
 ,(3585,125,'2013-12-12','2013-12-12 03:33:54',1)
 ,(3586,119,'2013-12-12','2013-12-12 03:33:55',1)
 ,(3587,125,'2013-12-12','2013-12-12 03:34:16',1)
 ,(3588,119,'2013-12-12','2013-12-12 03:34:16',1)
 ,(3589,125,'2013-12-12','2013-12-12 03:36:29',1)
 ,(3590,119,'2013-12-12','2013-12-12 03:36:30',1)
 ,(3591,125,'2013-12-12','2013-12-12 03:36:47',1)
 ,(3592,119,'2013-12-12','2013-12-12 03:36:48',1)
 ,(3593,125,'2013-12-12','2013-12-12 03:39:02',1)
 ,(3594,119,'2013-12-12','2013-12-12 03:39:02',1)
 ,(3595,125,'2013-12-12','2013-12-12 03:39:57',1)
 ,(3596,119,'2013-12-12','2013-12-12 03:39:57',1)
 ,(3597,125,'2013-12-12','2013-12-12 03:40:13',1)
 ,(3598,119,'2013-12-12','2013-12-12 03:40:13',1)
 ,(3599,125,'2013-12-12','2013-12-12 03:41:11',1)
 ,(3600,119,'2013-12-12','2013-12-12 03:41:11',1)
 ,(3601,125,'2013-12-12','2013-12-12 03:41:45',1)
 ,(3602,119,'2013-12-12','2013-12-12 03:41:45',1)
 ,(3603,125,'2013-12-12','2013-12-12 03:42:07',1)
 ,(3604,119,'2013-12-12','2013-12-12 03:42:07',1)
 ,(3605,125,'2013-12-12','2013-12-12 03:42:32',1)
 ,(3606,119,'2013-12-12','2013-12-12 03:42:32',1)
 ,(3607,125,'2013-12-12','2013-12-12 03:47:12',1)
 ,(3608,119,'2013-12-12','2013-12-12 03:47:13',1)
 ,(3609,125,'2013-12-12','2013-12-12 03:47:55',1)
 ,(3610,119,'2013-12-12','2013-12-12 03:47:56',1)
 ,(3611,125,'2013-12-12','2013-12-12 03:48:10',1)
 ,(3612,119,'2013-12-12','2013-12-12 03:48:10',1)
 ,(3613,125,'2013-12-12','2013-12-12 03:55:03',1)
 ,(3614,119,'2013-12-12','2013-12-12 03:55:03',1)
 ,(3615,125,'2013-12-12','2013-12-12 03:55:37',1)
 ,(3616,2,'2013-12-12','2013-12-12 03:55:45',1)
 ,(3617,11,'2013-12-12','2013-12-12 03:56:09',1)
 ,(3618,125,'2013-12-12','2013-12-12 03:56:50',1)
 ,(3619,119,'2013-12-12','2013-12-12 03:56:50',1)
 ,(3620,119,'2013-12-12','2013-12-12 03:56:50',1)
 ,(3621,1,'2013-12-12','2013-12-12 03:57:43',1)
 ,(3622,119,'2013-12-12','2013-12-12 03:57:44',1)
 ,(3623,119,'2013-12-12','2013-12-12 03:57:44',1)
 ,(3624,119,'2013-12-12','2013-12-12 03:57:44',1)
 ,(3625,119,'2013-12-12','2013-12-12 03:57:45',1)
 ,(3626,125,'2013-12-12','2013-12-12 03:57:45',1)
 ,(3627,119,'2013-12-12','2013-12-12 03:57:45',1)
 ,(3628,119,'2013-12-12','2013-12-12 03:57:45',1)
 ,(3629,125,'2013-12-12','2013-12-12 04:01:45',1)
 ,(3630,119,'2013-12-12','2013-12-12 04:01:45',1)
 ,(3631,119,'2013-12-12','2013-12-12 04:01:45',1)
 ,(3632,1,'2013-12-12','2013-12-12 04:03:33',1)
 ,(3633,119,'2013-12-12','2013-12-12 04:03:33',1)
 ,(3634,119,'2013-12-12','2013-12-12 04:03:34',1)
 ,(3635,119,'2013-12-12','2013-12-12 04:03:34',1)
 ,(3636,119,'2013-12-12','2013-12-12 04:03:34',1)
 ,(3637,124,'2013-12-12','2013-12-12 04:03:37',1)
 ,(3638,125,'2013-12-12','2013-12-12 04:03:44',1)
 ,(3639,119,'2013-12-12','2013-12-12 04:03:44',1)
 ,(3640,119,'2013-12-12','2013-12-12 04:03:44',1)
 ,(3641,132,'2013-12-12','2013-12-12 04:03:48',1)
 ,(3642,132,'2013-12-12','2013-12-12 04:03:53',1)
 ,(3643,132,'2013-12-12','2013-12-12 04:05:03',1)
 ,(3644,132,'2013-12-12','2013-12-12 04:05:05',1)
 ,(3645,1,'2013-12-12','2013-12-12 04:05:07',1)
 ,(3646,119,'2013-12-12','2013-12-12 04:05:07',1)
 ,(3647,119,'2013-12-12','2013-12-12 04:05:08',1)
 ,(3648,119,'2013-12-12','2013-12-12 04:05:08',1)
 ,(3649,119,'2013-12-12','2013-12-12 04:05:08',1)
 ,(3650,124,'2013-12-12','2013-12-12 04:05:26',1)
 ,(3651,125,'2013-12-12','2013-12-12 04:05:28',1)
 ,(3652,119,'2013-12-12','2013-12-12 04:05:28',1)
 ,(3653,119,'2013-12-12','2013-12-12 04:05:29',1)
 ,(3654,126,'2013-12-12','2013-12-12 04:05:31',1)
 ,(3655,132,'2013-12-12','2013-12-12 04:05:32',1)
 ,(3656,126,'2013-12-12','2013-12-12 04:05:34',1)
 ,(3657,126,'2013-12-12','2013-12-12 04:05:35',1)
 ,(3658,126,'2013-12-12','2013-12-12 04:06:15',1)
 ,(3659,1,'2013-12-12','2013-12-12 04:06:26',1)
 ,(3660,119,'2013-12-12','2013-12-12 04:06:27',1)
 ,(3661,119,'2013-12-12','2013-12-12 04:06:27',1)
 ,(3662,119,'2013-12-12','2013-12-12 04:06:27',1)
 ,(3663,119,'2013-12-12','2013-12-12 04:06:28',1)
 ,(3664,126,'2013-12-12','2013-12-12 04:06:28',1)
 ,(3665,132,'2013-12-12','2013-12-12 04:06:32',1)
 ,(3666,1,'2013-12-12','2013-12-12 04:06:33',1)
 ,(3667,119,'2013-12-12','2013-12-12 04:06:34',1)
 ,(3668,119,'2013-12-12','2013-12-12 04:06:34',1)
 ,(3669,119,'2013-12-12','2013-12-12 04:06:34',1)
 ,(3670,119,'2013-12-12','2013-12-12 04:06:34',1)
 ,(3671,126,'2013-12-12','2013-12-12 04:06:35',1)
 ,(3672,126,'2013-12-12','2013-12-12 04:07:26',1)
 ,(3673,126,'2013-12-12','2013-12-12 04:07:46',1)
 ,(3674,126,'2013-12-12','2013-12-12 04:08:35',1)
 ,(3675,1,'2013-12-12','2013-12-12 04:08:39',1)
 ,(3676,119,'2013-12-12','2013-12-12 04:08:40',1)
 ,(3677,119,'2013-12-12','2013-12-12 04:08:40',1)
 ,(3678,119,'2013-12-12','2013-12-12 04:08:40',1)
 ,(3679,119,'2013-12-12','2013-12-12 04:08:40',1)
 ,(3680,126,'2013-12-12','2013-12-12 04:08:40',1)
 ,(3681,132,'2013-12-12','2013-12-12 04:08:47',1)
 ,(3682,126,'2013-12-12','2013-12-12 04:08:49',1)
 ,(3683,125,'2013-12-12','2013-12-12 04:08:53',1)
 ,(3684,119,'2013-12-12','2013-12-12 04:08:53',1)
 ,(3685,119,'2013-12-12','2013-12-12 04:08:53',1)
 ,(3686,1,'2013-12-12','2013-12-12 04:08:55',1)
 ,(3687,119,'2013-12-12','2013-12-12 04:08:56',1)
 ,(3688,119,'2013-12-12','2013-12-12 04:08:56',1)
 ,(3689,119,'2013-12-12','2013-12-12 04:08:56',1)
 ,(3690,119,'2013-12-12','2013-12-12 04:08:56',1)
 ,(3691,124,'2013-12-12','2013-12-12 04:08:57',1)
 ,(3692,1,'2013-12-12','2013-12-12 04:09:02',1)
 ,(3693,124,'2013-12-12','2013-12-12 04:10:19',1)
 ,(3694,124,'2013-12-12','2013-12-12 04:10:59',1)
 ,(3695,1,'2013-12-12','2013-12-12 04:11:02',1)
 ,(3696,119,'2013-12-12','2013-12-12 04:11:03',1)
 ,(3697,119,'2013-12-12','2013-12-12 04:11:03',1)
 ,(3698,119,'2013-12-12','2013-12-12 04:11:03',1)
 ,(3699,119,'2013-12-12','2013-12-12 04:11:03',1)
 ,(3700,1,'2013-12-12','2013-12-12 04:11:48',1)
 ,(3701,119,'2013-12-12','2013-12-12 04:11:49',1)
 ,(3702,119,'2013-12-12','2013-12-12 04:11:49',1)
 ,(3703,119,'2013-12-12','2013-12-12 04:11:49',1)
 ,(3704,119,'2013-12-12','2013-12-12 04:11:49',1)
 ,(3705,124,'2013-12-12','2013-12-12 04:11:51',1)
 ,(3706,132,'2013-12-12','2013-12-12 04:11:59',1)
 ,(3707,132,'2013-12-12','2013-12-12 04:12:04',1)
 ,(3708,132,'2013-12-12','2013-12-12 04:12:42',1)
 ,(3709,1,'2013-12-12','2013-12-12 04:12:47',1)
 ,(3710,119,'2013-12-12','2013-12-12 04:12:47',1)
 ,(3711,119,'2013-12-12','2013-12-12 04:12:48',1)
 ,(3712,119,'2013-12-12','2013-12-12 04:12:48',1)
 ,(3713,119,'2013-12-12','2013-12-12 04:12:48',1)
 ,(3714,124,'2013-12-12','2013-12-12 04:12:49',1)
 ,(3715,1,'2013-12-12','2013-12-12 04:12:59',1)
 ,(3716,1,'2013-12-12','2013-12-12 04:42:22',1)
 ,(3717,126,'2013-12-12','2013-12-12 04:42:23',1)
 ,(3718,125,'2013-12-12','2013-12-12 04:42:26',1)
 ,(3719,119,'2013-12-12','2013-12-12 04:42:26',1)
 ,(3720,119,'2013-12-12','2013-12-12 04:42:26',1)
 ,(3721,125,'2013-12-12','2013-12-12 04:42:38',1)
 ,(3722,125,'2013-12-12','2013-12-12 04:42:44',1)
 ,(3723,1,'2013-12-12','2013-12-12 05:18:12',1)
 ,(3724,119,'2013-12-12','2013-12-12 05:18:12',1)
 ,(3725,119,'2013-12-12','2013-12-12 05:18:13',1)
 ,(3726,119,'2013-12-12','2013-12-12 05:18:13',1)
 ,(3727,119,'2013-12-12','2013-12-12 05:18:13',1)
 ,(3728,125,'2013-12-12','2013-12-12 05:18:14',1)
 ,(3729,119,'2013-12-12','2013-12-12 05:18:14',1)
 ,(3730,119,'2013-12-12','2013-12-12 05:18:14',1)
 ,(3731,125,'2013-12-12','2013-12-12 05:24:36',1)
 ,(3732,1,'2013-12-12','2013-12-12 05:24:50',1)
 ,(3733,119,'2013-12-12','2013-12-12 05:24:50',1)
 ,(3734,119,'2013-12-12','2013-12-12 05:24:51',1)
 ,(3735,119,'2013-12-12','2013-12-12 05:24:51',1)
 ,(3736,119,'2013-12-12','2013-12-12 05:24:51',1)
 ,(3737,1,'2013-12-12','2013-12-12 05:24:57',1)
 ,(3738,125,'2013-12-12','2013-12-12 05:25:14',1)
 ,(3739,119,'2013-12-12','2013-12-12 05:25:15',1)
 ,(3740,119,'2013-12-12','2013-12-12 05:25:15',1)
 ,(3741,126,'2013-12-12','2013-12-12 05:25:16',1)
 ,(3742,132,'2013-12-12','2013-12-12 05:25:19',1)
 ,(3743,1,'2013-12-12','2013-12-12 05:25:21',1)
 ,(3744,119,'2013-12-12','2013-12-12 05:25:22',1)
 ,(3745,119,'2013-12-12','2013-12-12 05:25:22',1)
 ,(3746,119,'2013-12-12','2013-12-12 05:25:22',1)
 ,(3747,119,'2013-12-12','2013-12-12 05:25:22',1)
 ,(3748,124,'2013-12-12','2013-12-12 05:25:26',1)
 ,(3749,125,'2013-12-12','2013-12-12 05:25:36',1)
 ,(3750,119,'2013-12-12','2013-12-12 05:25:37',1)
 ,(3751,119,'2013-12-12','2013-12-12 05:25:37',1)
 ,(3752,126,'2013-12-12','2013-12-12 05:25:38',1)
 ,(3753,125,'2013-12-12','2013-12-12 05:25:39',1)
 ,(3754,126,'2013-12-12','2013-12-12 05:25:40',1)
 ,(3755,125,'2013-12-12','2013-12-12 05:25:42',1)
 ,(3756,126,'2013-12-12','2013-12-12 05:25:44',1)
 ,(3757,132,'2013-12-12','2013-12-12 05:25:46',1)
 ,(3758,126,'2013-12-12','2013-12-12 05:25:47',1)
 ,(3759,1,'2013-12-12','2013-12-12 05:25:51',1)
 ,(3760,119,'2013-12-12','2013-12-12 05:25:51',1)
 ,(3761,119,'2013-12-12','2013-12-12 05:25:52',1)
 ,(3762,119,'2013-12-12','2013-12-12 05:25:52',1)
 ,(3763,119,'2013-12-12','2013-12-12 05:25:52',1)
 ,(3764,124,'2013-12-12','2013-12-12 05:25:53',1)
 ,(3765,126,'2013-12-12','2013-12-12 05:25:57',1)
 ,(3766,125,'2013-12-12','2013-12-12 05:25:59',1)
 ,(3767,119,'2013-12-12','2013-12-12 05:25:59',1)
 ,(3768,119,'2013-12-12','2013-12-12 05:25:59',1)
 ,(3769,1,'2013-12-12','2013-12-12 05:41:29',1)
 ,(3770,119,'2013-12-12','2013-12-12 05:41:29',1)
 ,(3771,119,'2013-12-12','2013-12-12 05:41:30',1)
 ,(3772,119,'2013-12-12','2013-12-12 05:41:30',1)
 ,(3773,119,'2013-12-12','2013-12-12 05:41:30',1)
 ,(3774,125,'2013-12-12','2013-12-12 05:41:31',1)
 ,(3775,119,'2013-12-12','2013-12-12 05:41:31',1)
 ,(3776,119,'2013-12-12','2013-12-12 05:41:31',1)
 ,(3777,125,'2013-12-12','2013-12-12 13:21:45',1)
 ,(3778,119,'2013-12-12','2013-12-12 13:21:47',1)
 ,(3779,119,'2013-12-12','2013-12-12 13:21:48',1)
 ,(3780,1,'2013-12-12','2013-12-12 13:23:12',1)
 ,(3781,119,'2013-12-12','2013-12-12 13:23:13',1)
 ,(3782,119,'2013-12-12','2013-12-12 13:23:13',1)
 ,(3783,119,'2013-12-12','2013-12-12 13:23:14',1)
 ,(3784,119,'2013-12-12','2013-12-12 13:23:14',1)
 ,(3785,124,'2013-12-12','2013-12-12 13:23:15',1)
 ,(3786,125,'2013-12-12','2013-12-12 13:23:17',1)
 ,(3787,119,'2013-12-12','2013-12-12 13:23:17',1)
 ,(3788,119,'2013-12-12','2013-12-12 13:23:17',1)
 ,(3789,126,'2013-12-12','2013-12-12 13:23:18',1)
 ,(3790,126,'2013-12-12','2013-12-12 13:24:53',1)
 ,(3791,1,'2013-12-12','2013-12-12 13:25:01',1)
 ,(3792,119,'2013-12-12','2013-12-12 13:25:01',1)
 ,(3793,119,'2013-12-12','2013-12-12 13:25:01',1)
 ,(3794,119,'2013-12-12','2013-12-12 13:25:02',1)
 ,(3795,119,'2013-12-12','2013-12-12 13:25:02',1)
 ,(3796,132,'2013-12-12','2013-12-12 13:25:02',1)
 ,(3797,1,'2013-12-12','2013-12-12 13:25:18',1)
 ,(3798,126,'2013-12-12','2013-12-12 13:25:20',1)
 ,(3799,1,'2013-12-12','2013-12-12 13:25:22',1)
 ,(3800,1,'2013-12-12','2013-12-12 13:33:41',1)
 ,(3801,119,'2013-12-12','2013-12-12 13:33:42',1)
 ,(3802,119,'2013-12-12','2013-12-12 13:33:42',1)
 ,(3803,119,'2013-12-12','2013-12-12 13:33:42',1)
 ,(3804,119,'2013-12-12','2013-12-12 13:33:42',1)
 ,(3805,1,'2013-12-12','2013-12-12 13:36:10',1)
 ,(3806,119,'2013-12-12','2013-12-12 13:36:11',1)
 ,(3807,119,'2013-12-12','2013-12-12 13:36:11',1)
 ,(3808,119,'2013-12-12','2013-12-12 13:36:11',1)
 ,(3809,119,'2013-12-12','2013-12-12 13:36:11',1)
 ,(3810,126,'2013-12-12','2013-12-12 13:36:15',1)
 ,(3811,132,'2013-12-12','2013-12-12 13:36:17',1)
 ,(3812,125,'2013-12-12','2013-12-12 13:36:19',1)
 ,(3813,119,'2013-12-12','2013-12-12 13:36:19',1)
 ,(3814,119,'2013-12-12','2013-12-12 13:36:20',1)
 ,(3815,1,'2013-12-12','2013-12-12 13:41:35',1)
 ,(3816,119,'2013-12-12','2013-12-12 13:41:35',1)
 ,(3817,119,'2013-12-12','2013-12-12 13:41:36',1)
 ,(3818,119,'2013-12-12','2013-12-12 13:41:36',1)
 ,(3819,119,'2013-12-12','2013-12-12 13:41:36',1)
 ,(3820,1,'2013-12-12','2013-12-12 13:41:50',1)
 ,(3821,119,'2013-12-12','2013-12-12 13:41:50',1)
 ,(3822,119,'2013-12-12','2013-12-12 13:41:51',1)
 ,(3823,119,'2013-12-12','2013-12-12 13:41:51',1)
 ,(3824,119,'2013-12-12','2013-12-12 13:41:51',1)
 ,(3825,1,'2013-12-12','2013-12-12 13:51:46',1)
 ,(3826,119,'2013-12-12','2013-12-12 13:51:47',1)
 ,(3827,119,'2013-12-12','2013-12-12 13:51:47',1)
 ,(3828,119,'2013-12-12','2013-12-12 13:51:48',1)
 ,(3829,119,'2013-12-12','2013-12-12 13:51:48',1)
 ,(3830,1,'2013-12-12','2013-12-12 13:54:08',1)
 ,(3831,119,'2013-12-12','2013-12-12 13:54:08',1)
 ,(3832,119,'2013-12-12','2013-12-12 13:54:09',1)
 ,(3833,119,'2013-12-12','2013-12-12 13:54:09',1)
 ,(3834,119,'2013-12-12','2013-12-12 13:54:09',1)
 ,(3835,1,'2013-12-12','2013-12-12 13:57:50',1)
 ,(3836,119,'2013-12-12','2013-12-12 13:57:51',1)
 ,(3837,119,'2013-12-12','2013-12-12 13:57:51',1)
 ,(3838,119,'2013-12-12','2013-12-12 13:57:52',1)
 ,(3839,119,'2013-12-12','2013-12-12 13:57:52',1)
 ,(3840,1,'2013-12-12','2013-12-12 13:59:36',1)
 ,(3841,119,'2013-12-12','2013-12-12 13:59:37',1)
 ,(3842,119,'2013-12-12','2013-12-12 13:59:37',1)
 ,(3843,119,'2013-12-12','2013-12-12 13:59:37',1)
 ,(3844,119,'2013-12-12','2013-12-12 13:59:37',1)
 ,(3845,1,'2013-12-12','2013-12-12 13:59:47',1)
 ,(3846,119,'2013-12-12','2013-12-12 13:59:48',1)
 ,(3847,119,'2013-12-12','2013-12-12 13:59:48',1)
 ,(3848,119,'2013-12-12','2013-12-12 13:59:48',1)
 ,(3849,119,'2013-12-12','2013-12-12 13:59:49',1)
 ,(3850,1,'2013-12-12','2013-12-12 14:01:20',1)
 ,(3851,119,'2013-12-12','2013-12-12 14:01:20',1)
 ,(3852,119,'2013-12-12','2013-12-12 14:01:20',1)
 ,(3853,119,'2013-12-12','2013-12-12 14:01:21',1)
 ,(3854,119,'2013-12-12','2013-12-12 14:01:21',1)
 ,(3855,1,'2013-12-12','2013-12-12 14:03:04',1)
 ,(3856,119,'2013-12-12','2013-12-12 14:03:05',1)
 ,(3857,119,'2013-12-12','2013-12-12 14:03:05',1)
 ,(3858,119,'2013-12-12','2013-12-12 14:03:05',1)
 ,(3859,119,'2013-12-12','2013-12-12 14:03:05',1)
 ,(3860,1,'2013-12-12','2013-12-12 14:03:20',1)
 ,(3861,119,'2013-12-12','2013-12-12 14:03:21',1)
 ,(3862,119,'2013-12-12','2013-12-12 14:03:21',1)
 ,(3863,119,'2013-12-12','2013-12-12 14:03:21',1)
 ,(3864,119,'2013-12-12','2013-12-12 14:03:21',1)
 ,(3865,1,'2013-12-12','2013-12-12 14:06:07',1)
 ,(3866,119,'2013-12-12','2013-12-12 14:06:08',1)
 ,(3867,119,'2013-12-12','2013-12-12 14:06:08',1)
 ,(3868,119,'2013-12-12','2013-12-12 14:06:08',1)
 ,(3869,119,'2013-12-12','2013-12-12 14:06:08',1)
 ,(3870,1,'2013-12-12','2013-12-12 14:06:35',1)
 ,(3871,119,'2013-12-12','2013-12-12 14:06:35',1)
 ,(3872,119,'2013-12-12','2013-12-12 14:06:35',1)
 ,(3873,119,'2013-12-12','2013-12-12 14:06:35',1)
 ,(3874,119,'2013-12-12','2013-12-12 14:06:36',1)
 ,(3875,2,'2013-12-12','2013-12-12 14:10:26',1)
 ,(3876,51,'2013-12-12','2013-12-12 14:10:31',1)
 ,(3877,98,'2013-12-12','2013-12-12 14:10:38',1)
 ,(3878,98,'2013-12-12','2013-12-12 14:10:41',1)
 ,(3879,1,'2013-12-12','2013-12-12 03:17:05',1)
 ,(3880,119,'2013-12-12','2013-12-12 03:17:06',1)
 ,(3881,119,'2013-12-12','2013-12-12 03:17:06',1)
 ,(3882,119,'2013-12-12','2013-12-12 03:17:06',1)
 ,(3883,119,'2013-12-12','2013-12-12 03:17:06',1)
 ,(3884,124,'2013-12-12','2013-12-12 03:17:10',1)
 ,(3885,125,'2013-12-12','2013-12-12 03:17:16',1)
 ,(3886,119,'2013-12-12','2013-12-12 03:17:16',1)
 ,(3887,119,'2013-12-12','2013-12-12 03:17:16',1)
 ,(3888,126,'2013-12-12','2013-12-12 03:17:24',1)
 ,(3889,132,'2013-12-12','2013-12-12 03:17:30',1)
 ,(3890,1,'2013-12-12','2013-12-12 03:17:34',1)
 ,(3891,119,'2013-12-12','2013-12-12 03:17:34',1)
 ,(3892,119,'2013-12-12','2013-12-12 03:17:34',1)
 ,(3893,119,'2013-12-12','2013-12-12 03:17:34',1)
 ,(3894,119,'2013-12-12','2013-12-12 03:17:34',1)
 ,(3895,124,'2013-12-12','2013-12-12 03:17:46',1)
 ,(3896,1,'2013-12-12','2013-12-12 03:17:48',1)
 ,(3897,1,'2013-12-12','2013-12-12 03:19:05',1)
 ,(3898,119,'2013-12-12','2013-12-12 03:19:06',1)
 ,(3899,119,'2013-12-12','2013-12-12 03:19:06',1)
 ,(3900,119,'2013-12-12','2013-12-12 03:19:06',1)
 ,(3901,119,'2013-12-12','2013-12-12 03:19:06',1)
 ,(3902,1,'2013-12-12','2013-12-12 03:19:35',0)
 ,(3903,119,'2013-12-12','2013-12-12 03:19:39',0)
 ,(3904,119,'2013-12-12','2013-12-12 03:19:39',0)
 ,(3905,119,'2013-12-12','2013-12-12 03:19:39',0)
 ,(3906,119,'2013-12-12','2013-12-12 03:19:40',0)
 ,(3907,125,'2013-12-12','2013-12-12 03:20:01',1)
 ,(3908,119,'2013-12-12','2013-12-12 03:20:02',1)
 ,(3909,119,'2013-12-12','2013-12-12 03:20:02',1)
 ,(3910,2,'2013-12-12','2013-12-12 03:20:05',1)
 ,(3911,11,'2013-12-12','2013-12-12 03:20:09',1)
 ,(3912,1,'2013-12-12','2013-12-12 03:20:55',1)
 ,(3913,119,'2013-12-12','2013-12-12 03:20:56',1)
 ,(3914,119,'2013-12-12','2013-12-12 03:20:56',1)
 ,(3915,119,'2013-12-12','2013-12-12 03:20:56',1)
 ,(3916,119,'2013-12-12','2013-12-12 03:20:56',1)
 ,(3917,125,'2013-12-12','2013-12-12 03:20:57',1)
 ,(3918,119,'2013-12-12','2013-12-12 03:20:58',1)
 ,(3919,119,'2013-12-12','2013-12-12 03:20:58',1)
 ,(3920,126,'2013-12-12','2013-12-12 03:21:17',1)
 ,(3921,1,'2013-12-12','2013-12-12 03:21:20',1)
 ,(3922,119,'2013-12-12','2013-12-12 03:21:20',1)
 ,(3923,119,'2013-12-12','2013-12-12 03:21:20',1)
 ,(3924,119,'2013-12-12','2013-12-12 03:21:20',1)
 ,(3925,119,'2013-12-12','2013-12-12 03:21:20',1)
 ,(3926,124,'2013-12-12','2013-12-12 03:21:24',1)
 ,(3927,125,'2013-12-12','2013-12-12 03:21:26',1)
 ,(3928,119,'2013-12-12','2013-12-12 03:21:26',1)
 ,(3929,119,'2013-12-12','2013-12-12 03:21:26',1)
 ,(3930,126,'2013-12-12','2013-12-12 03:21:27',1)
 ,(3931,132,'2013-12-12','2013-12-12 03:21:29',1)
 ,(3932,126,'2013-12-12','2013-12-12 03:21:30',1)
 ,(3933,132,'2013-12-12','2013-12-12 03:21:31',1)
 ,(3934,1,'2013-12-12','2013-12-12 03:21:34',1)
 ,(3935,119,'2013-12-12','2013-12-12 03:21:34',1)
 ,(3936,119,'2013-12-12','2013-12-12 03:21:34',1)
 ,(3937,119,'2013-12-12','2013-12-12 03:21:34',1)
 ,(3938,119,'2013-12-12','2013-12-12 03:21:34',1)
 ,(3939,124,'2013-12-12','2013-12-12 03:23:20',1)
 ,(3940,125,'2013-12-12','2013-12-12 03:23:22',1)
 ,(3941,119,'2013-12-12','2013-12-12 03:23:22',1)
 ,(3942,119,'2013-12-12','2013-12-12 03:23:22',1)
 ,(3943,126,'2013-12-12','2013-12-12 03:23:23',1)
 ,(3944,132,'2013-12-12','2013-12-12 03:23:25',1)
 ,(3945,126,'2013-12-12','2013-12-12 03:23:26',1)
 ,(3946,125,'2013-12-12','2013-12-12 03:23:28',1)
 ,(3947,119,'2013-12-12','2013-12-12 03:23:28',1)
 ,(3948,119,'2013-12-12','2013-12-12 03:23:28',1)
 ,(3949,125,'2013-12-12','2013-12-12 03:24:00',1)
 ,(3950,119,'2013-12-12','2013-12-12 03:24:00',1)
 ,(3951,119,'2013-12-12','2013-12-12 03:24:00',1)
 ,(3952,1,'2013-12-12','2013-12-12 03:26:49',1)
 ,(3953,119,'2013-12-12','2013-12-12 03:26:49',1)
 ,(3954,119,'2013-12-12','2013-12-12 03:26:50',1)
 ,(3955,119,'2013-12-12','2013-12-12 03:26:50',1)
 ,(3956,119,'2013-12-12','2013-12-12 03:26:50',1)
 ,(3957,1,'2013-12-12','2013-12-12 03:26:55',1)
 ,(3958,119,'2013-12-12','2013-12-12 03:26:55',1)
 ,(3959,119,'2013-12-12','2013-12-12 03:26:55',1)
 ,(3960,119,'2013-12-12','2013-12-12 03:26:55',1)
 ,(3961,119,'2013-12-12','2013-12-12 03:26:55',1)
 ,(3962,1,'2013-12-12','2013-12-12 03:27:45',1)
 ,(3963,119,'2013-12-12','2013-12-12 03:27:46',1)
 ,(3964,119,'2013-12-12','2013-12-12 03:27:46',1)
 ,(3965,119,'2013-12-12','2013-12-12 03:27:46',1)
 ,(3966,119,'2013-12-12','2013-12-12 03:27:46',1)
 ,(3967,1,'2013-12-12','2013-12-12 03:28:08',1)
 ,(3968,119,'2013-12-12','2013-12-12 03:28:08',1)
 ,(3969,119,'2013-12-12','2013-12-12 03:28:08',1)
 ,(3970,119,'2013-12-12','2013-12-12 03:28:08',1)
 ,(3971,119,'2013-12-12','2013-12-12 03:28:08',1)
 ,(3972,1,'2013-12-12','2013-12-12 03:28:19',0)
 ,(3973,119,'2013-12-12','2013-12-12 03:28:23',0)
 ,(3974,119,'2013-12-12','2013-12-12 03:28:23',0)
 ,(3975,119,'2013-12-12','2013-12-12 03:28:23',0)
 ,(3976,119,'2013-12-12','2013-12-12 03:28:23',0)
 ,(3977,1,'2013-12-12','2013-12-12 03:28:37',1)
 ,(3978,119,'2013-12-12','2013-12-12 03:28:38',1)
 ,(3979,119,'2013-12-12','2013-12-12 03:28:38',1)
 ,(3980,119,'2013-12-12','2013-12-12 03:28:38',1)
 ,(3981,119,'2013-12-12','2013-12-12 03:28:38',1)
 ,(3982,124,'2013-12-12','2013-12-12 03:28:50',1)
 ,(3983,125,'2013-12-12','2013-12-12 03:28:51',1)
 ,(3984,119,'2013-12-12','2013-12-12 03:28:52',1)
 ,(3985,119,'2013-12-12','2013-12-12 03:28:52',1)
 ,(3986,126,'2013-12-12','2013-12-12 03:28:53',1)
 ,(3987,132,'2013-12-12','2013-12-12 03:28:55',1)
 ,(3988,126,'2013-12-12','2013-12-12 03:28:56',1)
 ,(3989,1,'2013-12-12','2013-12-12 03:28:58',1)
 ,(3990,119,'2013-12-12','2013-12-12 03:28:58',1)
 ,(3991,119,'2013-12-12','2013-12-12 03:28:58',1)
 ,(3992,119,'2013-12-12','2013-12-12 03:28:58',1)
 ,(3993,119,'2013-12-12','2013-12-12 03:28:58',1)
 ,(3994,124,'2013-12-12','2013-12-12 03:29:01',1)
 ,(3995,1,'2013-12-12','2013-12-12 03:31:08',1)
 ,(3996,119,'2013-12-12','2013-12-12 03:31:08',1)
 ,(3997,119,'2013-12-12','2013-12-12 03:31:08',1)
 ,(3998,119,'2013-12-12','2013-12-12 03:31:08',1)
 ,(3999,119,'2013-12-12','2013-12-12 03:31:08',1)
 ,(4000,125,'2013-12-12','2013-12-12 03:31:13',1)
 ,(4001,119,'2013-12-12','2013-12-12 03:31:14',1)
 ,(4002,119,'2013-12-12','2013-12-12 03:31:14',1)
 ,(4003,1,'2013-12-12','2013-12-12 03:33:24',1)
 ,(4004,119,'2013-12-12','2013-12-12 03:33:24',1)
 ,(4005,119,'2013-12-12','2013-12-12 03:33:24',1)
 ,(4006,119,'2013-12-12','2013-12-12 03:33:24',1)
 ,(4007,119,'2013-12-12','2013-12-12 03:33:24',1)
 ,(4008,125,'2013-12-12','2013-12-12 03:33:25',1)
 ,(4009,119,'2013-12-12','2013-12-12 03:33:25',1)
 ,(4010,119,'2013-12-12','2013-12-12 03:33:25',1)
 ,(4011,126,'2013-12-12','2013-12-12 03:33:43',1)
 ,(4012,125,'2013-12-12','2013-12-12 03:33:47',1)
 ,(4013,119,'2013-12-12','2013-12-12 03:33:47',1)
 ,(4014,119,'2013-12-12','2013-12-12 03:33:47',1)
 ,(4015,126,'2013-12-12','2013-12-12 03:33:48',1)
 ,(4016,126,'2013-12-12','2013-12-12 03:33:51',1)
 ,(4017,126,'2013-12-12','2013-12-12 03:34:42',1)
 ,(4018,132,'2013-12-12','2013-12-12 03:34:50',1)
 ,(4019,126,'2013-12-12','2013-12-12 03:34:51',1)
 ,(4020,125,'2013-12-12','2013-12-12 03:34:52',1)
 ,(4021,119,'2013-12-12','2013-12-12 03:34:52',1)
 ,(4022,119,'2013-12-12','2013-12-12 03:34:52',1)
 ,(4023,124,'2013-12-12','2013-12-12 03:34:55',1)
 ,(4024,1,'2013-12-12','2013-12-12 03:35:01',1)
 ,(4025,119,'2013-12-12','2013-12-12 03:35:01',1)
 ,(4026,119,'2013-12-12','2013-12-12 03:35:01',1)
 ,(4027,119,'2013-12-12','2013-12-12 03:35:01',1)
 ,(4028,119,'2013-12-12','2013-12-12 03:35:02',1)
 ,(4029,125,'2013-12-12','2013-12-12 03:35:09',1)
 ,(4030,119,'2013-12-12','2013-12-12 03:35:09',1)
 ,(4031,119,'2013-12-12','2013-12-12 03:35:09',1)
 ,(4032,126,'2013-12-12','2013-12-12 03:35:16',1)
 ,(4033,124,'2013-12-12','2013-12-12 03:35:41',1)
 ,(4034,1,'2013-12-12','2013-12-12 03:35:42',1)
 ,(4035,119,'2013-12-12','2013-12-12 03:35:43',1)
 ,(4036,119,'2013-12-12','2013-12-12 03:35:43',1)
 ,(4037,119,'2013-12-12','2013-12-12 03:35:43',1)
 ,(4038,119,'2013-12-12','2013-12-12 03:35:43',1)
 ,(4039,125,'2013-12-12','2013-12-12 03:36:04',1)
 ,(4040,119,'2013-12-12','2013-12-12 03:36:04',1)
 ,(4041,119,'2013-12-12','2013-12-12 03:36:04',1)
 ,(4042,126,'2013-12-12','2013-12-12 03:38:19',1)
 ,(4043,132,'2013-12-12','2013-12-12 03:38:29',1)
 ,(4044,1,'2013-12-12','2013-12-12 03:40:16',1)
 ,(4045,119,'2013-12-12','2013-12-12 03:40:16',1)
 ,(4046,119,'2013-12-12','2013-12-12 03:40:17',1)
 ,(4047,119,'2013-12-12','2013-12-12 03:40:17',1)
 ,(4048,119,'2013-12-12','2013-12-12 03:40:17',1)
 ,(4049,124,'2013-12-12','2013-12-12 03:40:19',1)
 ,(4050,125,'2013-12-12','2013-12-12 03:40:21',1)
 ,(4051,119,'2013-12-12','2013-12-12 03:40:21',1)
 ,(4052,119,'2013-12-12','2013-12-12 03:40:21',1)
 ,(4053,125,'2013-12-12','2013-12-12 03:40:28',1)
 ,(4054,125,'2013-12-12','2013-12-12 03:40:35',1)
 ,(4055,126,'2013-12-12','2013-12-12 03:40:36',1)
 ,(4056,125,'2013-12-12','2013-12-12 03:40:43',1)
 ,(4057,119,'2013-12-12','2013-12-12 03:40:43',1)
 ,(4058,119,'2013-12-12','2013-12-12 03:40:43',1)
 ,(4059,126,'2013-12-12','2013-12-12 03:40:44',1)
 ,(4060,132,'2013-12-12','2013-12-12 03:40:50',1)
 ,(4061,132,'2013-12-12','2013-12-12 03:44:02',1)
 ,(4062,126,'2013-12-12','2013-12-12 03:44:05',1)
 ,(4063,125,'2013-12-12','2013-12-12 03:44:09',1)
 ,(4064,119,'2013-12-12','2013-12-12 03:44:09',1)
 ,(4065,119,'2013-12-12','2013-12-12 03:44:09',1)
 ,(4066,1,'2013-12-12','2013-12-12 03:50:03',1)
 ,(4067,119,'2013-12-12','2013-12-12 03:50:04',1)
 ,(4068,119,'2013-12-12','2013-12-12 03:50:04',1)
 ,(4069,119,'2013-12-12','2013-12-12 03:50:04',1)
 ,(4070,119,'2013-12-12','2013-12-12 03:50:04',1)
 ,(4071,126,'2013-12-12','2013-12-12 03:50:05',1)
 ,(4072,132,'2013-12-12','2013-12-12 03:50:06',1)
 ,(4073,125,'2013-12-12','2013-12-12 03:50:08',1)
 ,(4074,119,'2013-12-12','2013-12-12 03:50:08',1)
 ,(4075,119,'2013-12-12','2013-12-12 03:50:08',1)
 ,(4076,132,'2013-12-12','2013-12-12 03:50:13',1)
 ,(4077,132,'2013-12-12','2013-12-12 03:50:16',1)
 ,(4078,132,'2013-12-12','2013-12-12 03:51:41',1)
 ,(4079,1,'2013-12-12','2013-12-12 03:55:21',1)
 ,(4080,119,'2013-12-12','2013-12-12 03:55:22',1)
 ,(4081,119,'2013-12-12','2013-12-12 03:55:22',1)
 ,(4082,119,'2013-12-12','2013-12-12 03:55:22',1)
 ,(4083,119,'2013-12-12','2013-12-12 03:55:22',1)
 ,(4084,124,'2013-12-12','2013-12-12 03:55:25',1)
 ,(4085,125,'2013-12-12','2013-12-12 03:55:26',1)
 ,(4086,119,'2013-12-12','2013-12-12 03:55:26',1)
 ,(4087,119,'2013-12-12','2013-12-12 03:55:26',1)
 ,(4088,126,'2013-12-12','2013-12-12 03:55:28',1)
 ,(4089,132,'2013-12-12','2013-12-12 03:55:30',1)
 ,(4090,125,'2013-12-12','2013-12-12 03:55:32',1)
 ,(4091,119,'2013-12-12','2013-12-12 03:55:32',1)
 ,(4092,119,'2013-12-12','2013-12-12 03:55:32',1)
 ,(4093,1,'2013-12-12','2013-12-12 03:55:37',1)
 ,(4094,119,'2013-12-12','2013-12-12 03:55:37',1)
 ,(4095,119,'2013-12-12','2013-12-12 03:55:37',1)
 ,(4096,119,'2013-12-12','2013-12-12 03:55:37',1)
 ,(4097,119,'2013-12-12','2013-12-12 03:55:37',1)
 ,(4098,1,'2013-12-12','2013-12-12 03:57:40',1)
 ,(4099,119,'2013-12-12','2013-12-12 03:57:40',1)
 ,(4100,119,'2013-12-12','2013-12-12 03:57:40',1)
 ,(4101,119,'2013-12-12','2013-12-12 03:57:40',1)
 ,(4102,119,'2013-12-12','2013-12-12 03:57:40',1)
 ,(4103,124,'2013-12-12','2013-12-12 03:57:56',1)
 ,(4104,125,'2013-12-12','2013-12-12 03:57:57',1)
 ,(4105,119,'2013-12-12','2013-12-12 03:57:57',1)
 ,(4106,119,'2013-12-12','2013-12-12 03:57:57',1)
 ,(4107,126,'2013-12-12','2013-12-12 03:57:58',1)
 ,(4108,132,'2013-12-12','2013-12-12 03:58:01',1)
 ,(4109,126,'2013-12-12','2013-12-12 03:58:02',1)
 ,(4110,1,'2013-12-12','2013-12-12 03:58:15',1)
 ,(4111,119,'2013-12-12','2013-12-12 03:58:16',1)
 ,(4112,119,'2013-12-12','2013-12-12 03:58:16',1)
 ,(4113,119,'2013-12-12','2013-12-12 03:58:16',1)
 ,(4114,119,'2013-12-12','2013-12-12 03:58:16',1)
 ,(4115,1,'2013-12-12','2013-12-12 04:12:02',0)
 ,(4116,119,'2013-12-12','2013-12-12 04:12:03',0)
 ,(4117,119,'2013-12-12','2013-12-12 04:12:03',0)
 ,(4118,119,'2013-12-12','2013-12-12 04:12:03',0)
 ,(4119,119,'2013-12-12','2013-12-12 04:12:03',0)
 ,(4120,119,'2013-12-12','2013-12-12 04:13:32',0)
 ,(4121,119,'2013-12-12','2013-12-12 04:13:32',0)
 ,(4122,1,'2013-12-12','2013-12-12 04:13:33',0)
 ,(4123,119,'2013-12-12','2013-12-12 04:13:36',0)
 ,(4124,119,'2013-12-12','2013-12-12 04:14:28',0)
 ,(4125,119,'2013-12-12','2013-12-12 04:14:29',0)
 ,(4126,119,'2013-12-12','2013-12-12 04:14:34',0)
 ,(4127,1,'2013-12-12','2013-12-12 04:14:35',0)
 ,(4128,119,'2013-12-12','2013-12-12 04:14:35',0)
 ,(4129,119,'2013-12-12','2013-12-12 04:14:36',0)
 ,(4130,125,'2013-12-12','2013-12-12 04:15:00',0)
 ,(4131,119,'2013-12-12','2013-12-12 04:15:01',0)
 ,(4132,119,'2013-12-12','2013-12-12 04:15:01',0)
 ,(4133,126,'2013-12-12','2013-12-12 04:15:15',0)
 ,(4134,132,'2013-12-12','2013-12-12 04:15:20',0)
 ,(4135,119,'2013-12-12','2013-12-12 04:16:42',0)
 ,(4136,125,'2013-12-12','2013-12-12 04:16:49',0)
 ,(4137,126,'2013-12-12','2013-12-12 04:16:56',0)
 ,(4138,132,'2013-12-12','2013-12-12 04:16:58',0)
 ,(4139,119,'2013-12-12','2013-12-12 04:17:16',0)
 ,(4140,119,'2013-12-12','2013-12-12 04:17:24',0)
 ,(4141,125,'2013-12-12','2013-12-12 04:17:31',0)
 ,(4142,119,'2013-12-12','2013-12-12 04:17:35',0)
 ,(4143,126,'2013-12-12','2013-12-12 04:17:37',0)
 ,(4144,132,'2013-12-12','2013-12-12 04:18:14',0)
 ,(4145,1,'2013-12-12','2013-12-12 06:34:19',1)
 ,(4146,125,'2013-12-12','2013-12-12 06:34:56',1)
 ,(4147,119,'2013-12-12','2013-12-12 06:34:56',1)
 ,(4148,119,'2013-12-12','2013-12-12 06:34:56',1)
 ,(4149,1,'2013-12-12','2013-12-12 06:35:30',0)
 ,(4150,119,'2013-12-12','2013-12-12 06:35:31',0)
 ,(4151,119,'2013-12-12','2013-12-12 06:35:31',0)
 ,(4152,119,'2013-12-12','2013-12-12 06:35:31',0)
 ,(4153,119,'2013-12-12','2013-12-12 06:35:31',0)
 ,(4154,119,'2013-12-12','2013-12-12 06:35:31',0)
 ,(4155,119,'2013-12-12','2013-12-12 06:35:31',0)
 ,(4156,119,'2013-12-12','2013-12-12 06:35:32',0)
 ,(4157,119,'2013-12-12','2013-12-12 06:35:33',0)
 ,(4158,119,'2013-12-12','2013-12-12 06:35:33',0)
 ,(4159,119,'2013-12-12','2013-12-12 06:35:34',0)
 ,(4160,119,'2013-12-12','2013-12-12 06:35:34',0)
 ,(4161,119,'2013-12-12','2013-12-12 06:35:34',0)
 ,(4162,119,'2013-12-12','2013-12-12 06:35:37',0)
 ,(4163,119,'2013-12-12','2013-12-12 06:35:39',0)
 ,(4164,125,'2013-12-12','2013-12-12 06:42:24',1)
 ,(4165,1,'2013-12-12','2013-12-12 06:42:26',1)
 ,(4166,119,'2013-12-12','2013-12-12 06:42:26',1)
 ,(4167,119,'2013-12-12','2013-12-12 06:42:26',1)
 ,(4168,119,'2013-12-12','2013-12-12 06:42:27',1)
 ,(4169,119,'2013-12-12','2013-12-12 06:42:27',1)
 ,(4170,1,'2013-12-12','2013-12-12 06:42:29',1)
 ,(4171,125,'2013-12-12','2013-12-12 06:42:32',1)
 ,(4172,119,'2013-12-12','2013-12-12 06:42:33',1)
 ,(4173,119,'2013-12-12','2013-12-12 06:42:33',1)
 ,(4174,126,'2013-12-12','2013-12-12 06:42:33',1)
 ,(4175,125,'2013-12-12','2013-12-12 06:42:41',1)
 ,(4176,119,'2013-12-12','2013-12-12 06:42:41',1)
 ,(4177,119,'2013-12-12','2013-12-12 06:42:41',1)
 ,(4178,1,'2013-12-12','2013-12-12 06:43:17',0)
 ,(4179,119,'2013-12-12','2013-12-12 06:43:17',0)
 ,(4180,119,'2013-12-12','2013-12-12 06:43:18',0)
 ,(4181,119,'2013-12-12','2013-12-12 06:43:18',0)
 ,(4182,119,'2013-12-12','2013-12-12 06:43:18',0)
 ,(4183,124,'2013-12-12','2013-12-12 06:43:45',0)
 ,(4184,125,'2013-12-12','2013-12-12 06:43:53',0)
 ,(4185,119,'2013-12-12','2013-12-12 06:43:53',0)
 ,(4186,119,'2013-12-12','2013-12-12 06:43:53',0)
 ,(4187,126,'2013-12-12','2013-12-12 06:44:02',0)
 ,(4188,132,'2013-12-12','2013-12-12 06:44:05',0)
 ,(4189,1,'2013-12-12','2013-12-12 06:44:14',0)
 ,(4190,119,'2013-12-12','2013-12-12 06:44:14',0)
 ,(4191,119,'2013-12-12','2013-12-12 06:44:14',0)
 ,(4192,119,'2013-12-12','2013-12-12 06:44:14',0)
 ,(4193,119,'2013-12-12','2013-12-12 06:44:14',0)
 ,(4194,125,'2013-12-12','2013-12-12 06:44:19',0)
 ,(4195,119,'2013-12-12','2013-12-12 06:44:19',0)
 ,(4196,119,'2013-12-12','2013-12-12 06:44:19',0)
 ,(4197,1,'2013-12-12','2013-12-12 06:44:45',0)
 ,(4198,132,'2013-12-12','2013-12-12 06:44:57',0)
 ,(4199,126,'2013-12-12','2013-12-12 06:44:58',0)
 ,(4200,125,'2013-12-12','2013-12-12 06:45:06',0)
 ,(4201,119,'2013-12-12','2013-12-12 06:45:06',0)
 ,(4202,119,'2013-12-12','2013-12-12 06:45:06',0)
 ,(4203,124,'2013-12-12','2013-12-12 06:45:07',0)
 ,(4204,1,'2013-12-12','2013-12-12 06:50:40',1)
 ,(4205,119,'2013-12-12','2013-12-12 06:50:40',1)
 ,(4206,119,'2013-12-12','2013-12-12 06:50:41',1)
 ,(4207,119,'2013-12-12','2013-12-12 06:50:41',1)
 ,(4208,119,'2013-12-12','2013-12-12 06:50:41',1)
 ,(4209,125,'2013-12-12','2013-12-12 06:50:42',1)
 ,(4210,119,'2013-12-12','2013-12-12 06:50:42',1)
 ,(4211,119,'2013-12-12','2013-12-12 06:50:42',1)
 ,(4212,132,'2013-12-12','2013-12-12 06:51:06',1)
 ,(4213,1,'2013-12-12','2013-12-12 06:51:12',1)
 ,(4214,119,'2013-12-12','2013-12-12 06:51:12',1)
 ,(4215,119,'2013-12-12','2013-12-12 06:51:12',1)
 ,(4216,119,'2013-12-12','2013-12-12 06:51:12',1)
 ,(4217,119,'2013-12-12','2013-12-12 06:51:12',1)
 ,(4218,124,'2013-12-12','2013-12-12 06:51:16',1)
 ,(4219,125,'2013-12-12','2013-12-12 06:51:17',1)
 ,(4220,119,'2013-12-12','2013-12-12 06:51:17',1)
 ,(4221,119,'2013-12-12','2013-12-12 06:51:18',1)
 ,(4222,126,'2013-12-12','2013-12-12 06:51:28',1)
 ,(4223,1,'2013-12-12','2013-12-12 06:51:32',1)
 ,(4224,119,'2013-12-12','2013-12-12 06:51:33',1)
 ,(4225,119,'2013-12-12','2013-12-12 06:51:33',1)
 ,(4226,119,'2013-12-12','2013-12-12 06:51:33',1)
 ,(4227,119,'2013-12-12','2013-12-12 06:51:33',1)
 ,(4228,126,'2013-12-12','2013-12-12 06:51:42',1)
 ,(4229,1,'2013-12-12','2013-12-12 06:51:44',1)
 ,(4230,1,'2013-12-12','2013-12-12 07:56:18',1)
 ,(4231,1,'2013-12-12','2013-12-12 10:11:08',0)
 ,(4232,119,'2013-12-12','2013-12-12 10:11:09',0)
 ,(4233,119,'2013-12-12','2013-12-12 10:11:09',0)
 ,(4234,119,'2013-12-12','2013-12-12 10:11:09',0)
 ,(4235,119,'2013-12-12','2013-12-12 10:11:09',0)
 ,(4236,124,'2013-12-12','2013-12-12 10:11:14',0)
 ,(4237,125,'2013-12-12','2013-12-12 10:11:24',0)
 ,(4238,119,'2013-12-12','2013-12-12 10:11:24',0)
 ,(4239,119,'2013-12-12','2013-12-12 10:11:25',0)
 ,(4240,126,'2013-12-12','2013-12-12 10:11:52',0)
 ,(4241,124,'2013-12-12','2013-12-12 10:12:03',0)
 ,(4242,132,'2013-12-12','2013-12-12 10:12:05',0)
 ,(4243,1,'2013-12-12','2013-12-12 10:12:10',0)
 ,(4244,119,'2013-12-12','2013-12-12 10:12:10',0)
 ,(4245,119,'2013-12-12','2013-12-12 10:12:10',0)
 ,(4246,119,'2013-12-12','2013-12-12 10:12:11',0)
 ,(4247,119,'2013-12-12','2013-12-12 10:12:11',0)
 ,(4248,125,'2013-12-12','2013-12-12 10:12:14',0)
 ,(4249,119,'2013-12-12','2013-12-12 10:12:15',0)
 ,(4250,119,'2013-12-12','2013-12-12 10:12:15',0)
 ,(4251,1,'2013-12-12','2013-12-12 20:43:25',1)
 ,(4252,119,'2013-12-12','2013-12-12 20:43:25',1)
 ,(4253,119,'2013-12-12','2013-12-12 20:43:25',1)
 ,(4254,119,'2013-12-12','2013-12-12 20:43:26',1)
 ,(4255,119,'2013-12-12','2013-12-12 20:43:26',1)
 ,(4256,106,'2013-12-12','2013-12-12 20:43:29',1)
 ,(4257,1,'2013-12-12','2013-12-12 21:04:15',1)
 ,(4258,119,'2013-12-12','2013-12-12 21:04:15',1)
 ,(4259,119,'2013-12-12','2013-12-12 21:04:15',1)
 ,(4260,119,'2013-12-12','2013-12-12 21:04:15',1)
 ,(4261,119,'2013-12-12','2013-12-12 21:04:15',1)
 ,(4262,124,'2013-12-12','2013-12-12 21:04:19',1)
 ,(4263,125,'2013-12-12','2013-12-12 21:04:24',1)
 ,(4264,119,'2013-12-12','2013-12-12 21:04:24',1)
 ,(4265,119,'2013-12-12','2013-12-12 21:04:24',1)
 ,(4266,1,'2013-12-12','2013-12-12 21:04:26',1)
 ,(4267,119,'2013-12-12','2013-12-12 21:04:26',1)
 ,(4268,119,'2013-12-12','2013-12-12 21:04:26',1)
 ,(4269,119,'2013-12-12','2013-12-12 21:04:26',1)
 ,(4270,119,'2013-12-12','2013-12-12 21:04:26',1)
 ,(4271,126,'2013-12-12','2013-12-12 21:04:28',1)
 ,(4272,132,'2013-12-12','2013-12-12 21:04:31',1)
 ,(4273,125,'2013-12-12','2013-12-12 21:04:32',1)
 ,(4274,119,'2013-12-12','2013-12-12 21:04:32',1)
 ,(4275,119,'2013-12-12','2013-12-12 21:04:32',1)
 ,(4276,1,'2013-12-13','2013-12-13 02:12:56',0)
 ,(4277,119,'2013-12-13','2013-12-13 02:12:56',0)
 ,(4278,119,'2013-12-13','2013-12-13 02:12:56',0)
 ,(4279,119,'2013-12-13','2013-12-13 02:12:56',0)
 ,(4280,119,'2013-12-13','2013-12-13 02:12:57',0)
 ,(4281,1,'2013-12-14','2013-12-14 15:36:50',0)
 ,(4282,119,'2013-12-14','2013-12-14 15:36:51',0)
 ,(4283,119,'2013-12-14','2013-12-14 15:36:51',0)
 ,(4284,119,'2013-12-14','2013-12-14 15:36:51',0)
 ,(4285,119,'2013-12-14','2013-12-14 15:36:51',0)
 ,(4286,125,'2013-12-14','2013-12-14 15:37:19',0)
 ,(4287,119,'2013-12-14','2013-12-14 15:37:19',0)
 ,(4288,119,'2013-12-14','2013-12-14 15:37:19',0)
 ,(4289,126,'2013-12-14','2013-12-14 15:37:39',0)
 ,(4290,132,'2013-12-14','2013-12-14 15:37:45',0)
 ,(4291,1,'2013-12-14','2013-12-14 15:37:52',0)
 ,(4292,119,'2013-12-14','2013-12-14 15:37:52',0)
 ,(4293,119,'2013-12-14','2013-12-14 15:37:52',0)
 ,(4294,119,'2013-12-14','2013-12-14 15:37:52',0)
 ,(4295,119,'2013-12-14','2013-12-14 15:37:52',0)
 ,(4296,1,'2013-12-14','2013-12-14 15:38:36',0)
 ,(4297,119,'2013-12-14','2013-12-14 15:38:37',0)
 ,(4298,119,'2013-12-14','2013-12-14 15:38:37',0)
 ,(4299,119,'2013-12-14','2013-12-14 15:38:37',0)
 ,(4300,119,'2013-12-14','2013-12-14 15:38:37',0)
 ,(4301,1,'2013-12-14','2013-12-14 15:39:19',0)
 ,(4302,119,'2013-12-14','2013-12-14 15:39:20',0)
 ,(4303,119,'2013-12-14','2013-12-14 15:39:20',0)
 ,(4304,119,'2013-12-14','2013-12-14 15:39:20',0)
 ,(4305,119,'2013-12-14','2013-12-14 15:39:20',0)
 ,(4306,125,'2013-12-14','2013-12-14 15:39:33',0)
 ,(4307,119,'2013-12-14','2013-12-14 15:39:34',0)
 ,(4308,119,'2013-12-14','2013-12-14 15:39:34',0)
 ,(4309,126,'2013-12-14','2013-12-14 15:39:42',0)
 ,(4310,125,'2013-12-14','2013-12-14 15:39:45',0)
 ,(4311,119,'2013-12-14','2013-12-14 15:39:46',0)
 ,(4312,119,'2013-12-14','2013-12-14 15:39:46',0)
 ,(4313,125,'2013-12-14','2013-12-14 15:40:09',0)
 ,(4314,125,'2013-12-14','2013-12-14 15:40:36',0)
 ,(4315,119,'2013-12-14','2013-12-14 15:40:36',0)
 ,(4316,119,'2013-12-14','2013-12-14 15:40:36',0)
 ,(4317,125,'2013-12-14','2013-12-14 15:40:46',0)
 ,(4318,125,'2013-12-14','2013-12-14 15:55:04',0)
 ,(4319,119,'2013-12-14','2013-12-14 15:55:05',0)
 ,(4320,119,'2013-12-14','2013-12-14 15:55:05',0)
 ,(4321,125,'2013-12-14','2013-12-14 15:55:14',0)
 ,(4322,125,'2013-12-14','2013-12-14 15:55:18',0)
 ,(4323,119,'2013-12-14','2013-12-14 15:55:18',0)
 ,(4324,119,'2013-12-14','2013-12-14 15:55:18',0)
 ,(4325,125,'2013-12-14','2013-12-14 15:55:25',0)
 ,(4326,119,'2013-12-14','2013-12-14 15:55:25',0)
 ,(4327,119,'2013-12-14','2013-12-14 15:55:26',0)
 ,(4328,1,'2013-12-14','2013-12-14 15:56:16',0)
 ,(4329,1,'2013-12-14','2013-12-14 15:56:18',0)
 ,(4330,119,'2013-12-14','2013-12-14 15:56:19',0)
 ,(4331,119,'2013-12-14','2013-12-14 15:56:19',0)
 ,(4332,119,'2013-12-14','2013-12-14 15:56:19',0)
 ,(4333,119,'2013-12-14','2013-12-14 15:56:19',0)
 ,(4334,1,'2013-12-14','2013-12-14 15:56:39',0)
 ,(4335,119,'2013-12-14','2013-12-14 15:56:39',0)
 ,(4336,119,'2013-12-14','2013-12-14 15:56:39',0)
 ,(4337,119,'2013-12-14','2013-12-14 15:56:39',0)
 ,(4338,119,'2013-12-14','2013-12-14 15:56:39',0)
 ,(4339,1,'2013-12-14','2013-12-14 15:57:08',0)
 ,(4340,119,'2013-12-14','2013-12-14 15:57:08',0)
 ,(4341,119,'2013-12-14','2013-12-14 15:57:09',0)
 ,(4342,119,'2013-12-14','2013-12-14 15:57:09',0)
 ,(4343,119,'2013-12-14','2013-12-14 15:57:09',0)
 ,(4344,125,'2013-12-14','2013-12-14 16:02:10',0)
 ,(4345,119,'2013-12-14','2013-12-14 16:02:10',0)
 ,(4346,119,'2013-12-14','2013-12-14 16:02:11',0)
 ,(4347,125,'2013-12-14','2013-12-14 16:02:47',0)
 ,(4348,119,'2013-12-14','2013-12-14 16:02:47',0)
 ,(4349,119,'2013-12-14','2013-12-14 16:02:47',0)
 ,(4350,1,'2013-12-14','2013-12-14 16:02:56',0)
 ,(4351,119,'2013-12-14','2013-12-14 16:02:56',0)
 ,(4352,119,'2013-12-14','2013-12-14 16:02:56',0)
 ,(4353,119,'2013-12-14','2013-12-14 16:02:56',0)
 ,(4354,119,'2013-12-14','2013-12-14 16:02:56',0)
 ,(4355,125,'2013-12-14','2013-12-14 16:03:08',0)
 ,(4356,119,'2013-12-14','2013-12-14 16:03:09',0)
 ,(4357,119,'2013-12-14','2013-12-14 16:03:09',0)
 ,(4358,1,'2013-12-14','2013-12-14 16:06:28',0)
 ,(4359,119,'2013-12-14','2013-12-14 16:06:28',0)
 ,(4360,119,'2013-12-14','2013-12-14 16:06:28',0)
 ,(4361,119,'2013-12-14','2013-12-14 16:06:29',0)
 ,(4362,119,'2013-12-14','2013-12-14 16:06:29',0)
 ,(4363,125,'2013-12-14','2013-12-14 16:06:52',0)
 ,(4364,119,'2013-12-14','2013-12-14 16:06:52',0)
 ,(4365,119,'2013-12-14','2013-12-14 16:06:52',0)
 ,(4366,125,'2013-12-14','2013-12-14 16:13:47',0)
 ,(4367,1,'2013-12-14','2013-12-14 17:20:42',0)
 ,(4368,119,'2013-12-14','2013-12-14 17:20:45',0)
 ,(4369,119,'2013-12-14','2013-12-14 17:20:45',0)
 ,(4370,119,'2013-12-14','2013-12-14 17:20:46',0)
 ,(4371,119,'2013-12-14','2013-12-14 17:20:46',0)
 ,(4372,1,'2013-12-14','2013-12-14 17:21:03',0)
 ,(4373,1,'2013-12-14','2013-12-14 17:21:07',0)
 ,(4374,119,'2013-12-14','2013-12-14 17:21:08',0)
 ,(4375,119,'2013-12-14','2013-12-14 17:21:08',0)
 ,(4376,119,'2013-12-14','2013-12-14 17:21:08',0)
 ,(4377,119,'2013-12-14','2013-12-14 17:21:08',0)
 ,(4378,125,'2013-12-14','2013-12-14 17:21:27',0)
 ,(4379,119,'2013-12-14','2013-12-14 17:21:28',0)
 ,(4380,119,'2013-12-14','2013-12-14 17:21:28',0)
 ,(4381,1,'2013-12-14','2013-12-14 17:22:13',1)
 ,(4382,119,'2013-12-14','2013-12-14 17:22:13',1)
 ,(4383,119,'2013-12-14','2013-12-14 17:22:13',1)
 ,(4384,119,'2013-12-14','2013-12-14 17:22:14',1)
 ,(4385,119,'2013-12-14','2013-12-14 17:22:14',1)
 ,(4386,106,'2013-12-14','2013-12-14 17:22:14',1)
 ,(4387,125,'2013-12-14','2013-12-14 17:22:20',1)
 ,(4388,119,'2013-12-14','2013-12-14 17:22:20',1)
 ,(4389,119,'2013-12-14','2013-12-14 17:22:20',1)
 ,(4390,2,'2013-12-14','2013-12-14 17:22:31',1)
 ,(4391,11,'2013-12-14','2013-12-14 17:22:37',1)
 ,(4392,125,'2013-12-14','2013-12-14 17:23:15',1)
 ,(4393,119,'2013-12-14','2013-12-14 17:23:16',1)
 ,(4394,119,'2013-12-14','2013-12-14 17:23:16',1)
 ,(4395,1,'2013-12-14','2013-12-14 17:24:23',0)
 ,(4396,119,'2013-12-14','2013-12-14 17:24:24',0)
 ,(4397,119,'2013-12-14','2013-12-14 17:24:24',0)
 ,(4398,119,'2013-12-14','2013-12-14 17:24:24',0)
 ,(4399,119,'2013-12-14','2013-12-14 17:24:24',0)
 ,(4400,1,'2013-12-14','2013-12-14 17:24:25',1)
 ,(4401,119,'2013-12-14','2013-12-14 17:24:25',1)
 ,(4402,119,'2013-12-14','2013-12-14 17:24:25',1)
 ,(4403,119,'2013-12-14','2013-12-14 17:24:25',1)
 ,(4404,119,'2013-12-14','2013-12-14 17:24:26',1)
 ,(4405,125,'2013-12-14','2013-12-14 17:24:26',1)
 ,(4406,119,'2013-12-14','2013-12-14 17:24:27',1)
 ,(4407,119,'2013-12-14','2013-12-14 17:24:27',1)
 ,(4408,1,'2013-12-14','2013-12-14 17:25:19',1)
 ,(4409,132,'2013-12-14','2013-12-14 17:25:20',1)
 ,(4410,1,'2013-12-14','2013-12-14 17:25:22',1)
 ,(4411,124,'2013-12-14','2013-12-14 17:25:27',1)
 ,(4412,125,'2013-12-14','2013-12-14 17:25:30',1)
 ,(4413,119,'2013-12-14','2013-12-14 17:25:30',1)
 ,(4414,119,'2013-12-14','2013-12-14 17:25:30',1)
 ,(4415,1,'2013-12-14','2013-12-14 17:26:41',1)
 ,(4416,119,'2013-12-14','2013-12-14 17:26:41',1)
 ,(4417,119,'2013-12-14','2013-12-14 17:26:41',1)
 ,(4418,119,'2013-12-14','2013-12-14 17:26:41',1)
 ,(4419,119,'2013-12-14','2013-12-14 17:26:41',1)
 ,(4420,124,'2013-12-14','2013-12-14 17:26:47',1)
 ,(4421,125,'2013-12-14','2013-12-14 17:26:48',1)
 ,(4422,119,'2013-12-14','2013-12-14 17:26:48',1)
 ,(4423,119,'2013-12-14','2013-12-14 17:26:49',1)
 ,(4424,126,'2013-12-14','2013-12-14 17:26:51',1)
 ,(4425,132,'2013-12-14','2013-12-14 17:26:52',1)
 ,(4426,126,'2013-12-14','2013-12-14 17:26:53',1)
 ,(4427,1,'2013-12-14','2013-12-14 17:26:56',1)
 ,(4428,119,'2013-12-14','2013-12-14 17:26:56',1)
 ,(4429,119,'2013-12-14','2013-12-14 17:26:56',1)
 ,(4430,119,'2013-12-14','2013-12-14 17:26:56',1)
 ,(4431,119,'2013-12-14','2013-12-14 17:26:56',1)
 ,(4432,125,'2013-12-14','2013-12-14 18:54:34',0)
 ,(4433,119,'2013-12-14','2013-12-14 18:54:35',0)
 ,(4434,119,'2013-12-14','2013-12-14 18:54:35',0)
 ,(4435,125,'2013-12-14','2013-12-14 18:55:17',0)
 ,(4436,119,'2013-12-14','2013-12-14 18:55:18',0)
 ,(4437,119,'2013-12-14','2013-12-14 18:55:18',0)
 ,(4438,125,'2013-12-15','2013-12-15 02:03:47',0)
 ,(4439,119,'2013-12-15','2013-12-15 02:03:47',0)
 ,(4440,119,'2013-12-15','2013-12-15 02:03:47',0)
 ,(4441,1,'2013-12-15','2013-12-15 03:16:03',1)
 ,(4442,119,'2013-12-15','2013-12-15 03:16:04',1)
 ,(4443,119,'2013-12-15','2013-12-15 03:16:04',1)
 ,(4444,119,'2013-12-15','2013-12-15 03:16:04',1)
 ,(4445,119,'2013-12-15','2013-12-15 03:16:04',1)
 ,(4446,125,'2013-12-15','2013-12-15 03:16:06',1)
 ,(4447,119,'2013-12-15','2013-12-15 03:16:06',1)
 ,(4448,119,'2013-12-15','2013-12-15 03:16:07',1)
 ,(4449,126,'2013-12-15','2013-12-15 03:16:07',1)
 ,(4450,125,'2013-12-15','2013-12-15 03:16:09',1)
 ,(4451,119,'2013-12-15','2013-12-15 03:16:09',1)
 ,(4452,119,'2013-12-15','2013-12-15 03:16:09',1)
 ,(4453,1,'2013-12-15','2013-12-15 03:16:16',1)
 ,(4454,119,'2013-12-15','2013-12-15 03:16:16',1)
 ,(4455,119,'2013-12-15','2013-12-15 03:16:17',1)
 ,(4456,119,'2013-12-15','2013-12-15 03:16:17',1)
 ,(4457,119,'2013-12-15','2013-12-15 03:16:17',1)
 ,(4458,125,'2013-12-15','2013-12-15 03:28:50',1)
 ,(4459,119,'2013-12-15','2013-12-15 03:28:50',1)
 ,(4460,119,'2013-12-15','2013-12-15 03:28:50',1)
 ,(4461,125,'2013-12-15','2013-12-15 03:32:26',1)
 ,(4462,119,'2013-12-15','2013-12-15 03:32:27',1)
 ,(4463,119,'2013-12-15','2013-12-15 03:32:27',1)
 ,(4464,125,'2013-12-15','2013-12-15 03:32:43',1)
 ,(4465,119,'2013-12-15','2013-12-15 03:32:43',1)
 ,(4466,119,'2013-12-15','2013-12-15 03:32:44',1)
 ,(4467,125,'2013-12-15','2013-12-15 03:32:56',1)
 ,(4468,119,'2013-12-15','2013-12-15 03:32:57',1)
 ,(4469,119,'2013-12-15','2013-12-15 03:32:57',1)
 ,(4470,124,'2013-12-16','2013-12-16 09:19:16',0)
 ,(4471,125,'2013-12-16','2013-12-16 09:19:20',0)
 ,(4472,119,'2013-12-16','2013-12-16 09:19:20',0)
 ,(4473,119,'2013-12-16','2013-12-16 09:19:20',0)
 ,(4474,126,'2013-12-16','2013-12-16 09:19:26',0)
 ,(4475,132,'2013-12-16','2013-12-16 09:19:36',0)
 ,(4476,1,'2013-12-16','2013-12-16 19:46:58',1)
 ,(4477,119,'2013-12-16','2013-12-16 19:46:59',1)
 ,(4478,119,'2013-12-16','2013-12-16 19:46:59',1)
 ,(4479,119,'2013-12-16','2013-12-16 19:46:59',1)
 ,(4480,119,'2013-12-16','2013-12-16 19:46:59',1)
 ,(4481,106,'2013-12-16','2013-12-16 19:47:00',1)
 ,(4482,125,'2013-12-16','2013-12-16 19:47:12',1)
 ,(4483,119,'2013-12-16','2013-12-16 19:47:12',1)
 ,(4484,119,'2013-12-16','2013-12-16 19:47:12',1)
 ,(4485,126,'2013-12-16','2013-12-16 19:47:18',1)
 ,(4486,125,'2013-12-16','2013-12-16 19:47:20',1)
 ,(4487,132,'2013-12-16','2013-12-16 19:47:22',1)
 ,(4488,1,'2013-12-16','2013-12-16 19:47:23',1)
 ,(4489,119,'2013-12-16','2013-12-16 19:47:24',1)
 ,(4490,119,'2013-12-16','2013-12-16 19:47:24',1)
 ,(4491,119,'2013-12-16','2013-12-16 19:47:24',1)
 ,(4492,119,'2013-12-16','2013-12-16 19:47:24',1)
 ,(4493,2,'2013-12-16','2013-12-16 19:47:28',1)
 ,(4494,11,'2013-12-16','2013-12-16 19:47:42',1)
 ,(4495,1,'2013-12-16','2013-12-16 19:53:16',1)
 ,(4496,119,'2013-12-16','2013-12-16 19:53:16',1)
 ,(4497,119,'2013-12-16','2013-12-16 19:53:16',1)
 ,(4498,119,'2013-12-16','2013-12-16 19:53:16',1)
 ,(4499,119,'2013-12-16','2013-12-16 19:53:16',1)
 ,(4500,119,'2013-12-16','2013-12-16 19:53:16',1)
 ,(4501,119,'2013-12-16','2013-12-16 19:53:16',1)
 ,(4502,125,'2013-12-16','2013-12-16 19:53:29',1)
 ,(4503,119,'2013-12-16','2013-12-16 19:53:29',1)
 ,(4504,119,'2013-12-16','2013-12-16 19:53:29',1)
 ,(4505,125,'2013-12-16','2013-12-16 19:53:36',1)
 ,(4506,119,'2013-12-16','2013-12-16 19:55:10',1)
 ,(4507,125,'2013-12-16','2013-12-16 19:55:23',1)
 ,(4508,2,'2013-12-16','2013-12-16 19:56:07',1)
 ,(4509,11,'2013-12-16','2013-12-16 19:56:10',1)
 ,(4510,125,'2013-12-16','2013-12-16 19:56:34',1)
 ,(4511,119,'2013-12-16','2013-12-16 19:56:35',1)
 ,(4512,119,'2013-12-16','2013-12-16 19:56:35',1)
 ,(4513,119,'2013-12-16','2013-12-16 19:56:35',1)
 ,(4514,125,'2013-12-16','2013-12-16 19:56:48',1)
 ,(4515,119,'2013-12-16','2013-12-16 19:56:49',1)
 ,(4516,119,'2013-12-16','2013-12-16 19:56:49',1)
 ,(4517,119,'2013-12-16','2013-12-16 19:56:49',1)
 ,(4518,125,'2013-12-16','2013-12-16 19:57:06',1)
 ,(4519,119,'2013-12-16','2013-12-16 19:57:07',1)
 ,(4520,119,'2013-12-16','2013-12-16 19:57:07',1)
 ,(4521,119,'2013-12-16','2013-12-16 19:57:08',1)
 ,(4522,125,'2013-12-16','2013-12-16 19:57:21',1)
 ,(4523,119,'2013-12-16','2013-12-16 19:57:22',1)
 ,(4524,119,'2013-12-16','2013-12-16 19:57:22',1)
 ,(4525,119,'2013-12-16','2013-12-16 19:57:23',1)
 ,(4526,125,'2013-12-16','2013-12-16 19:57:29',1)
 ,(4527,119,'2013-12-16','2013-12-16 19:57:30',1)
 ,(4528,119,'2013-12-16','2013-12-16 19:57:30',1)
 ,(4529,119,'2013-12-16','2013-12-16 19:57:30',1)
 ,(4530,119,'2013-12-16','2013-12-16 19:57:46',1)
 ,(4531,119,'2013-12-16','2013-12-16 19:57:46',1)
 ,(4532,119,'2013-12-16','2013-12-16 19:57:46',1)
 ,(4533,119,'2013-12-16','2013-12-16 19:57:46',1)
 ,(4534,125,'2013-12-16','2013-12-16 19:57:50',1)
 ,(4535,119,'2013-12-16','2013-12-16 19:57:50',1)
 ,(4536,125,'2013-12-16','2013-12-16 19:58:13',1)
 ,(4537,119,'2013-12-16','2013-12-16 19:58:14',1)
 ,(4538,119,'2013-12-16','2013-12-16 19:58:14',1)
 ,(4539,119,'2013-12-16','2013-12-16 19:58:14',1)
 ,(4540,119,'2013-12-16','2013-12-16 19:58:14',1)
 ,(4541,125,'2013-12-16','2013-12-16 20:02:22',1)
 ,(4542,119,'2013-12-16','2013-12-16 20:02:23',1)
 ,(4543,119,'2013-12-16','2013-12-16 20:02:23',1)
 ,(4544,119,'2013-12-16','2013-12-16 20:02:23',1)
 ,(4545,119,'2013-12-16','2013-12-16 20:02:23',1)
 ,(4546,1,'2013-12-16','2013-12-16 20:02:24',1)
 ,(4547,119,'2013-12-16','2013-12-16 20:02:25',1)
 ,(4548,119,'2013-12-16','2013-12-16 20:02:25',1)
 ,(4549,119,'2013-12-16','2013-12-16 20:02:25',1)
 ,(4550,119,'2013-12-16','2013-12-16 20:02:25',1)
 ,(4551,119,'2013-12-16','2013-12-16 20:02:25',1)
 ,(4552,119,'2013-12-16','2013-12-16 20:02:25',1)
 ,(4553,1,'2013-12-16','2013-12-16 20:07:27',1)
 ,(4554,119,'2013-12-16','2013-12-16 20:07:28',1)
 ,(4555,119,'2013-12-16','2013-12-16 20:07:28',1)
 ,(4556,119,'2013-12-16','2013-12-16 20:07:28',1)
 ,(4557,119,'2013-12-16','2013-12-16 20:07:28',1)
 ,(4558,119,'2013-12-16','2013-12-16 20:07:28',1)
 ,(4559,119,'2013-12-16','2013-12-16 20:07:28',1)
 ,(4560,125,'2013-12-16','2013-12-16 20:07:30',1)
 ,(4561,119,'2013-12-16','2013-12-16 20:07:30',1)
 ,(4562,119,'2013-12-16','2013-12-16 20:07:30',1)
 ,(4563,119,'2013-12-16','2013-12-16 20:07:30',1)
 ,(4564,119,'2013-12-16','2013-12-16 20:07:30',1)
 ,(4565,1,'2013-12-16','2013-12-16 20:07:41',1)
 ,(4566,125,'2013-12-16','2013-12-16 20:07:53',1)
 ,(4567,130,'2013-12-16','2013-12-16 20:07:56',1)
 ,(4568,130,'2013-12-16','2013-12-16 20:10:58',1)
 ,(4569,130,'2013-12-16','2013-12-16 20:11:22',1)
 ,(4570,125,'2013-12-17','2013-12-17 04:24:26',0)
 ,(4571,119,'2013-12-17','2013-12-17 04:24:32',0)
 ,(4572,119,'2013-12-17','2013-12-17 04:24:32',0)
 ,(4573,119,'2013-12-17','2013-12-17 04:24:32',0)
 ,(4574,119,'2013-12-17','2013-12-17 04:24:32',0)
 ,(4575,125,'2013-12-17','2013-12-17 20:53:00',0)
 ,(4576,119,'2013-12-17','2013-12-17 20:53:00',0)
 ,(4577,119,'2013-12-17','2013-12-17 20:53:00',0)
 ,(4578,119,'2013-12-17','2013-12-17 20:53:00',0)
 ,(4579,119,'2013-12-17','2013-12-17 20:53:01',0)
 ,(4580,1,'2013-12-19','2013-12-19 23:37:03',0)
 ,(4581,119,'2013-12-19','2013-12-19 23:37:03',0)
 ,(4582,119,'2013-12-19','2013-12-19 23:37:03',0)
 ,(4583,119,'2013-12-19','2013-12-19 23:37:03',0)
 ,(4584,119,'2013-12-19','2013-12-19 23:37:03',0)
 ,(4585,119,'2013-12-19','2013-12-19 23:37:04',0)
 ,(4586,119,'2013-12-19','2013-12-19 23:37:05',0)
 ,(4587,125,'2013-12-19','2013-12-19 23:37:07',0)
 ,(4588,119,'2013-12-19','2013-12-19 23:37:07',0)
 ,(4589,119,'2013-12-19','2013-12-19 23:37:07',0)
 ,(4590,119,'2013-12-19','2013-12-19 23:37:07',0)
 ,(4591,119,'2013-12-19','2013-12-19 23:37:09',0)
 ,(4592,1,'2013-12-19','2013-12-19 23:40:09',0)
 ,(4593,119,'2013-12-19','2013-12-19 23:40:09',0)
 ,(4594,119,'2013-12-19','2013-12-19 23:40:10',0)
 ,(4595,119,'2013-12-19','2013-12-19 23:40:10',0)
 ,(4596,119,'2013-12-19','2013-12-19 23:40:10',0)
 ,(4597,119,'2013-12-19','2013-12-19 23:40:10',0)
 ,(4598,119,'2013-12-19','2013-12-19 23:40:10',0)
 ,(4599,124,'2013-12-19','2013-12-19 23:40:16',0)
 ,(4600,125,'2013-12-19','2013-12-19 23:40:25',0)
 ,(4601,119,'2013-12-19','2013-12-19 23:40:25',0)
 ,(4602,119,'2013-12-19','2013-12-19 23:40:25',0)
 ,(4603,119,'2013-12-19','2013-12-19 23:40:25',0)
 ,(4604,119,'2013-12-19','2013-12-19 23:40:25',0)
 ,(4605,126,'2013-12-19','2013-12-19 23:40:27',0)
 ,(4606,1,'2013-12-22','2013-12-22 08:14:14',0)
 ,(4607,119,'2013-12-22','2013-12-22 08:14:15',0)
 ,(4608,119,'2013-12-22','2013-12-22 08:14:15',0)
 ,(4609,119,'2013-12-22','2013-12-22 08:14:15',0)
 ,(4610,119,'2013-12-22','2013-12-22 08:14:15',0)
 ,(4611,119,'2013-12-22','2013-12-22 08:14:15',0)
 ,(4612,119,'2013-12-22','2013-12-22 08:14:15',0)
 ,(4613,125,'2013-12-22','2013-12-22 08:14:18',0)
 ,(4614,119,'2013-12-22','2013-12-22 08:14:18',0)
 ,(4615,119,'2013-12-22','2013-12-22 08:14:18',0)
 ,(4616,119,'2013-12-22','2013-12-22 08:14:18',0)
 ,(4617,119,'2013-12-22','2013-12-22 08:14:18',0)
 ,(4618,125,'2013-12-22','2013-12-22 08:14:36',0)
 ,(4619,119,'2013-12-22','2013-12-22 08:14:37',0)
 ,(4620,119,'2013-12-22','2013-12-22 08:14:37',0)
 ,(4621,119,'2013-12-22','2013-12-22 08:14:37',0)
 ,(4622,119,'2013-12-22','2013-12-22 08:14:37',0)
 ,(4623,125,'2013-12-22','2013-12-22 08:14:55',0)
 ,(4624,119,'2013-12-22','2013-12-22 08:14:55',0)
 ,(4625,119,'2013-12-22','2013-12-22 08:14:55',0)
 ,(4626,119,'2013-12-22','2013-12-22 08:14:55',0)
 ,(4627,119,'2013-12-22','2013-12-22 08:14:55',0)
 ,(4628,125,'2013-12-22','2013-12-22 08:15:04',0)
 ,(4629,119,'2013-12-22','2013-12-22 08:15:04',0)
 ,(4630,119,'2013-12-22','2013-12-22 08:15:04',0)
 ,(4631,119,'2013-12-22','2013-12-22 08:15:05',0)
 ,(4632,119,'2013-12-22','2013-12-22 08:15:05',0)
 ,(4633,125,'2013-12-22','2013-12-22 08:15:09',0)
 ,(4634,119,'2013-12-22','2013-12-22 08:15:09',0)
 ,(4635,119,'2013-12-22','2013-12-22 08:15:09',0)
 ,(4636,119,'2013-12-22','2013-12-22 08:15:09',0)
 ,(4637,119,'2013-12-22','2013-12-22 08:15:09',0)
 ,(4638,130,'2013-12-22','2013-12-22 08:15:25',0)
 ,(4639,1,'2013-12-22','2013-12-22 08:15:39',0)
 ,(4640,119,'2013-12-22','2013-12-22 08:15:40',0)
 ,(4641,119,'2013-12-22','2013-12-22 08:15:40',0)
 ,(4642,119,'2013-12-22','2013-12-22 08:15:40',0)
 ,(4643,119,'2013-12-22','2013-12-22 08:15:40',0)
 ,(4644,119,'2013-12-22','2013-12-22 08:15:40',0)
 ,(4645,119,'2013-12-22','2013-12-22 08:15:40',0)
 ,(4646,124,'2013-12-22','2013-12-22 08:15:45',0)
 ,(4647,126,'2013-12-22','2013-12-22 08:15:55',0)
 ,(4648,132,'2013-12-22','2013-12-22 08:16:03',0)
 ,(4649,124,'2013-12-22','2013-12-22 08:16:11',0)
 ,(4650,124,'2013-12-22','2013-12-22 08:16:23',0)
 ,(4651,124,'2013-12-22','2013-12-22 08:16:26',0)
 ,(4652,124,'2013-12-22','2013-12-22 08:17:21',0)
 ,(4653,124,'2013-12-22','2013-12-22 08:17:35',0)
 ,(4654,1,'2013-12-22','2013-12-22 08:17:42',0)
 ,(4655,119,'2013-12-22','2013-12-22 08:17:43',0)
 ,(4656,119,'2013-12-22','2013-12-22 08:17:43',0)
 ,(4657,119,'2013-12-22','2013-12-22 08:17:43',0)
 ,(4658,119,'2013-12-22','2013-12-22 08:17:43',0)
 ,(4659,119,'2013-12-22','2013-12-22 08:17:43',0)
 ,(4660,119,'2013-12-22','2013-12-22 08:17:43',0)
 ,(4661,126,'2013-12-22','2013-12-22 08:17:54',0)
 ,(4662,132,'2013-12-22','2013-12-22 08:17:57',0)
 ,(4663,132,'2013-12-22','2013-12-22 08:18:02',0)
 ,(4664,1,'2013-12-22','2013-12-22 08:18:05',0)
 ,(4665,119,'2013-12-22','2013-12-22 08:18:05',0)
 ,(4666,119,'2013-12-22','2013-12-22 08:18:05',0)
 ,(4667,119,'2013-12-22','2013-12-22 08:18:05',0)
 ,(4668,119,'2013-12-22','2013-12-22 08:18:05',0)
 ,(4669,119,'2013-12-22','2013-12-22 08:18:05',0)
 ,(4670,119,'2013-12-22','2013-12-22 08:18:05',0)
 ,(4671,1,'2013-12-22','2013-12-22 08:18:20',0)
 ,(4672,119,'2013-12-22','2013-12-22 08:18:21',0)
 ,(4673,119,'2013-12-22','2013-12-22 08:18:21',0)
 ,(4674,119,'2013-12-22','2013-12-22 08:18:21',0)
 ,(4675,119,'2013-12-22','2013-12-22 08:18:21',0)
 ,(4676,119,'2013-12-22','2013-12-22 08:18:21',0)
 ,(4677,119,'2013-12-22','2013-12-22 08:18:21',0)
 ,(4678,1,'2013-12-22','2013-12-22 08:19:33',0)
 ,(4679,119,'2013-12-22','2013-12-22 08:19:34',0)
 ,(4680,119,'2013-12-22','2013-12-22 08:19:34',0)
 ,(4681,125,'2013-12-22','2013-12-22 08:19:37',0)
 ,(4682,119,'2013-12-22','2013-12-22 08:19:38',0)
 ,(4683,119,'2013-12-22','2013-12-22 08:19:38',0)
 ,(4684,119,'2013-12-22','2013-12-22 08:19:38',0)
 ,(4685,119,'2013-12-22','2013-12-22 08:19:38',0)
 ,(4686,110,'2013-12-22','2013-12-22 08:20:09',0)
 ,(4687,110,'2013-12-22','2013-12-22 08:20:14',0)
 ,(4688,110,'2013-12-22','2013-12-22 08:20:20',0)
 ,(4689,110,'2013-12-22','2013-12-22 08:20:33',0)
 ,(4690,110,'2013-12-22','2013-12-22 08:20:43',0)
 ,(4691,110,'2013-12-22','2013-12-22 08:20:48',0)
 ,(4692,110,'2013-12-22','2013-12-22 08:20:51',0)
 ,(4693,110,'2013-12-22','2013-12-22 08:20:59',0)
 ,(4694,1,'2013-12-22','2013-12-22 08:21:05',0)
 ,(4695,119,'2013-12-22','2013-12-22 08:21:06',0)
 ,(4696,119,'2013-12-22','2013-12-22 08:21:06',0)
 ,(4697,119,'2013-12-22','2013-12-22 08:21:07',0)
 ,(4698,119,'2013-12-22','2013-12-22 08:21:07',0)
 ,(4699,119,'2013-12-22','2013-12-22 08:21:07',0)
 ,(4700,119,'2013-12-22','2013-12-22 08:21:07',0)
 ,(4701,110,'2013-12-22','2013-12-22 08:21:20',0)
 ,(4702,110,'2013-12-22','2013-12-22 08:21:48',0)
 ,(4703,110,'2013-12-22','2013-12-22 08:21:49',0)
 ,(4704,110,'2013-12-22','2013-12-22 08:21:55',0)
 ,(4705,110,'2013-12-22','2013-12-22 08:22:04',0)
 ,(4706,110,'2013-12-22','2013-12-22 08:22:11',0)
 ,(4707,110,'2013-12-22','2013-12-22 08:22:25',0)
 ,(4708,110,'2013-12-22','2013-12-22 08:22:28',0)
 ,(4709,110,'2013-12-22','2013-12-22 08:23:06',0)
 ,(4710,110,'2013-12-22','2013-12-22 08:23:06',0)
 ,(4711,110,'2013-12-22','2013-12-22 08:23:12',0)
 ,(4712,1,'2013-12-22','2013-12-22 08:23:51',0)
 ,(4713,119,'2013-12-22','2013-12-22 08:23:51',0)
 ,(4714,119,'2013-12-22','2013-12-22 08:23:51',0)
 ,(4715,119,'2013-12-22','2013-12-22 08:23:51',0)
 ,(4716,119,'2013-12-22','2013-12-22 08:23:51',0)
 ,(4717,119,'2013-12-22','2013-12-22 08:23:51',0)
 ,(4718,119,'2013-12-22','2013-12-22 08:23:51',0)
 ,(4719,124,'2013-12-22','2013-12-22 08:24:18',0)
 ,(4720,125,'2013-12-22','2013-12-22 08:24:26',0)
 ,(4721,119,'2013-12-22','2013-12-22 08:24:27',0)
 ,(4722,119,'2013-12-22','2013-12-22 08:24:27',0)
 ,(4723,119,'2013-12-22','2013-12-22 08:24:27',0)
 ,(4724,119,'2013-12-22','2013-12-22 08:24:27',0)
 ,(4725,130,'2013-12-22','2013-12-22 08:24:35',0)
 ,(4726,126,'2013-12-22','2013-12-22 08:26:29',0)
 ,(4727,1,'2013-12-22','2013-12-22 08:26:42',0)
 ,(4728,119,'2013-12-22','2013-12-22 08:26:43',0)
 ,(4729,119,'2013-12-22','2013-12-22 08:26:43',0)
 ,(4730,119,'2013-12-22','2013-12-22 08:26:43',0)
 ,(4731,119,'2013-12-22','2013-12-22 08:26:43',0)
 ,(4732,119,'2013-12-22','2013-12-22 08:26:43',0)
 ,(4733,119,'2013-12-22','2013-12-22 08:26:43',0)
 ,(4734,1,'2013-12-22','2013-12-22 08:27:16',0)
 ,(4735,119,'2013-12-22','2013-12-22 08:27:16',0)
 ,(4736,119,'2013-12-22','2013-12-22 08:27:16',0)
 ,(4737,119,'2013-12-22','2013-12-22 08:27:16',0)
 ,(4738,119,'2013-12-22','2013-12-22 08:27:16',0)
 ,(4739,119,'2013-12-22','2013-12-22 08:27:16',0)
 ,(4740,119,'2013-12-22','2013-12-22 08:27:16',0)
 ,(4741,125,'2013-12-22','2013-12-22 08:27:55',0)
 ,(4742,119,'2013-12-22','2013-12-22 08:27:55',0)
 ,(4743,119,'2013-12-22','2013-12-22 08:27:55',0)
 ,(4744,119,'2013-12-22','2013-12-22 08:27:55',0)
 ,(4745,119,'2013-12-22','2013-12-22 08:27:55',0)
 ,(4746,126,'2013-12-22','2013-12-22 08:28:05',0)
 ,(4747,132,'2013-12-22','2013-12-22 08:28:08',0)
 ,(4748,126,'2013-12-22','2013-12-22 08:28:09',0)
 ,(4749,1,'2013-12-22','2013-12-22 08:28:10',0)
 ,(4750,119,'2013-12-22','2013-12-22 08:28:10',0)
 ,(4751,119,'2013-12-22','2013-12-22 08:28:10',0)
 ,(4752,119,'2013-12-22','2013-12-22 08:28:10',0)
 ,(4753,119,'2013-12-22','2013-12-22 08:28:10',0)
 ,(4754,119,'2013-12-22','2013-12-22 08:28:10',0)
 ,(4755,119,'2013-12-22','2013-12-22 08:28:10',0)
 ,(4756,125,'2013-12-22','2013-12-22 08:29:19',0)
 ,(4757,119,'2013-12-22','2013-12-22 08:29:19',0)
 ,(4758,119,'2013-12-22','2013-12-22 08:29:20',0)
 ,(4759,119,'2013-12-22','2013-12-22 08:29:20',0)
 ,(4760,119,'2013-12-22','2013-12-22 08:29:20',0)
 ,(4761,1,'2013-12-22','2013-12-22 08:29:20',0)
 ,(4762,1,'2013-12-22','2013-12-22 08:29:20',0)
 ,(4763,1,'2013-12-23','2013-12-23 09:18:25',0)
 ,(4764,119,'2013-12-23','2013-12-23 09:18:26',0)
 ,(4765,119,'2013-12-23','2013-12-23 09:18:26',0)
 ,(4766,119,'2013-12-23','2013-12-23 09:18:26',0)
 ,(4767,119,'2013-12-23','2013-12-23 09:18:26',0)
 ,(4768,119,'2013-12-23','2013-12-23 09:18:26',0)
 ,(4769,119,'2013-12-23','2013-12-23 09:18:26',0)
 ,(4770,125,'2013-12-23','2013-12-23 09:20:38',0)
 ,(4771,119,'2013-12-23','2013-12-23 09:20:38',0)
 ,(4772,119,'2013-12-23','2013-12-23 09:20:38',0)
 ,(4773,119,'2013-12-23','2013-12-23 09:20:38',0)
 ,(4774,119,'2013-12-23','2013-12-23 09:20:38',0)
 ,(4775,125,'2013-12-23','2013-12-23 09:20:44',0)
 ,(4776,130,'2013-12-23','2013-12-23 09:20:48',0)
 ,(4777,1,'2013-12-24','2013-12-24 01:34:37',0)
 ,(4778,119,'2013-12-24','2013-12-24 01:34:37',0)
 ,(4779,119,'2013-12-24','2013-12-24 01:34:37',0)
 ,(4780,119,'2013-12-24','2013-12-24 01:34:37',0)
 ,(4781,119,'2013-12-24','2013-12-24 01:34:37',0)
 ,(4782,119,'2013-12-24','2013-12-24 01:34:37',0)
 ,(4783,119,'2013-12-24','2013-12-24 01:34:38',0)
 ,(4784,110,'2013-12-24','2013-12-24 01:39:34',0)
 ,(4785,110,'2013-12-24','2013-12-24 01:39:41',0)
 ,(4786,110,'2013-12-24','2013-12-24 01:39:45',0)
 ,(4787,1,'2013-12-24','2013-12-24 04:16:44',0)
 ,(4788,119,'2013-12-24','2013-12-24 04:16:45',0)
 ,(4789,119,'2013-12-24','2013-12-24 04:16:45',0)
 ,(4790,119,'2013-12-24','2013-12-24 04:16:45',0)
 ,(4791,119,'2013-12-24','2013-12-24 04:16:45',0)
 ,(4792,119,'2013-12-24','2013-12-24 04:16:45',0)
 ,(4793,119,'2013-12-24','2013-12-24 04:16:45',0)
 ,(4794,124,'2013-12-24','2013-12-24 04:17:56',0)
 ,(4795,132,'2013-12-24','2013-12-24 04:19:34',0)
 ,(4796,124,'2013-12-24','2013-12-24 04:19:35',0)
 ,(4797,125,'2013-12-24','2013-12-24 04:19:35',0)
 ,(4798,126,'2013-12-24','2013-12-24 04:19:35',0)
 ,(4799,119,'2013-12-24','2013-12-24 04:19:52',0)
 ,(4800,119,'2013-12-24','2013-12-24 04:19:52',0)
 ,(4801,119,'2013-12-24','2013-12-24 04:19:52',0)
 ,(4802,119,'2013-12-24','2013-12-24 04:20:26',0)
 ,(4803,1,'2014-01-01','2014-01-01 09:14:31',0)
 ,(4804,119,'2014-01-01','2014-01-01 09:14:33',0)
 ,(4805,119,'2014-01-01','2014-01-01 09:14:33',0)
 ,(4806,119,'2014-01-01','2014-01-01 09:14:33',0)
 ,(4807,119,'2014-01-01','2014-01-01 09:14:33',0)
 ,(4808,119,'2014-01-01','2014-01-01 09:14:33',0)
 ,(4809,119,'2014-01-01','2014-01-01 09:14:33',0)
 ,(4810,1,'2014-01-01','2014-01-01 09:15:19',0)
 ,(4811,1,'2014-01-01','2014-01-01 22:33:40',0)
 ,(4812,119,'2014-01-01','2014-01-01 22:33:40',0)
 ,(4813,119,'2014-01-01','2014-01-01 22:33:40',0)
 ,(4814,119,'2014-01-01','2014-01-01 22:33:40',0)
 ,(4815,119,'2014-01-01','2014-01-01 22:33:40',0)
 ,(4816,119,'2014-01-01','2014-01-01 22:33:41',0)
 ,(4817,119,'2014-01-01','2014-01-01 22:33:41',0)
 ,(4818,110,'2014-01-01','2014-01-01 22:33:56',0)
 ,(4819,110,'2014-01-01','2014-01-01 22:34:01',0)
 ,(4820,110,'2014-01-01','2014-01-01 22:34:05',0)
 ,(4821,110,'2014-01-01','2014-01-01 22:42:10',0)
 ,(4822,110,'2014-01-01','2014-01-01 22:42:19',0)
 ,(4823,110,'2014-01-01','2014-01-01 22:42:27',0)
 ,(4824,110,'2014-01-01','2014-01-01 22:42:53',0)
 ,(4825,110,'2014-01-01','2014-01-01 22:47:21',0)
 ,(4826,110,'2014-01-01','2014-01-01 22:47:25',0)
 ,(4827,110,'2014-01-01','2014-01-01 22:52:40',0)
 ,(4828,110,'2014-01-01','2014-01-01 22:52:46',0)
 ,(4829,110,'2014-01-01','2014-01-01 22:52:56',0)
 ,(4830,110,'2014-01-01','2014-01-01 22:53:41',0)
 ,(4831,110,'2014-01-01','2014-01-01 22:53:53',0)
 ,(4832,110,'2014-01-01','2014-01-01 23:06:06',0)
 ,(4833,110,'2014-01-01','2014-01-01 23:13:44',0)
 ,(4834,110,'2014-01-01','2014-01-01 23:16:30',0)
 ,(4835,110,'2014-01-01','2014-01-01 23:16:34',0)
 ,(4836,110,'2014-01-01','2014-01-01 23:16:34',0)
 ,(4837,110,'2014-01-01','2014-01-01 23:17:56',0)
 ,(4838,110,'2014-01-01','2014-01-01 23:21:30',0)
 ,(4839,110,'2014-01-01','2014-01-01 23:27:32',0)
 ,(4840,110,'2014-01-01','2014-01-01 23:27:35',0)
 ,(4841,110,'2014-01-01','2014-01-01 23:27:38',0)
 ,(4842,1,'2014-01-01','2014-01-01 23:27:39',1)
 ,(4843,119,'2014-01-01','2014-01-01 23:27:40',1)
 ,(4844,119,'2014-01-01','2014-01-01 23:27:40',1)
 ,(4845,119,'2014-01-01','2014-01-01 23:27:40',1)
 ,(4846,119,'2014-01-01','2014-01-01 23:27:41',1)
 ,(4847,119,'2014-01-01','2014-01-01 23:27:42',1)
 ,(4848,119,'2014-01-01','2014-01-01 23:27:42',1)
 ,(4849,106,'2014-01-01','2014-01-01 23:27:45',1)
 ,(4850,1,'2014-01-01','2014-01-01 23:28:07',1)
 ,(4851,1,'2014-01-01','2014-01-01 23:28:45',1)
 ,(4852,2,'2014-01-01','2014-01-01 23:42:12',1)
 ,(4853,51,'2014-01-01','2014-01-01 23:44:03',1)
 ,(4854,98,'2014-01-01','2014-01-01 23:44:08',1)
 ,(4855,98,'2014-01-01','2014-01-01 23:44:15',1);

DROP TABLE IF EXISTS PageThemeStyles;

CREATE TABLE IF NOT EXISTS `PageThemeStyles` (
  `ptID` int(10) unsigned NOT NULL DEFAULT '0',
  `ptsHandle` varchar(128) NOT NULL,
  `ptsValue` longtext,
  `ptsType` varchar(32) NOT NULL,
  PRIMARY KEY (`ptID`,`ptsHandle`,`ptsType`)
) ENGINE=InnoDB DEFAULT CHARSET=utf8;



DROP TABLE IF EXISTS PageThemes;

CREATE TABLE IF NOT EXISTS `PageThemes` (
  `ptID` int(10) unsigned NOT NULL AUTO_INCREMENT,
  `ptHandle` varchar(64) NOT NULL,
  `ptName` varchar(255) DEFAULT NULL,
  `ptDescription` text,
  `pkgID` int(10) unsigned NOT NULL DEFAULT '0',
  PRIMARY KEY (`ptID`),
  UNIQUE KEY `ptHandle` (`ptHandle`)
) ENGINE=InnoDB AUTO_INCREMENT=6 DEFAULT CHARSET=utf8;

INSERT INTO PageThemes VALUES(1,'default','Plain Yogurt','Plain Yogurt is concrete5\'s default theme.',0)
 ,(2,'greensalad','Green Salad Theme','This is concrete5\'s Green Salad site theme.',0)
 ,(3,'dark_chocolate','Dark Chocolate','Dark Chocolate is concrete5\'s default theme in black.',0)
 ,(4,'greek_yogurt','Greek Yogurt','An elegant theme for concrete5.',0)
 ,(5,'lawler','Lawler Financial Services','Theme developed by Hans-Albert Maritz',0);

DROP TABLE IF EXISTS PageTypeAttributes;

CREATE TABLE IF NOT EXISTS `PageTypeAttributes` (
  `ctID` int(10) unsigned NOT NULL DEFAULT '0',
  `akID` int(10) unsigned NOT NULL DEFAULT '0',
  PRIMARY KEY (`ctID`,`akID`)
) ENGINE=InnoDB DEFAULT CHARSET=utf8;

INSERT INTO PageTypeAttributes VALUES(5,5);

DROP TABLE IF EXISTS PageTypes;

CREATE TABLE IF NOT EXISTS `PageTypes` (
  `ctID` int(10) unsigned NOT NULL AUTO_INCREMENT,
  `ctHandle` varchar(32) NOT NULL,
  `ctIcon` varchar(128) DEFAULT NULL,
  `ctName` varchar(90) NOT NULL,
  `ctIsInternal` tinyint(1) NOT NULL DEFAULT '0',
  `pkgID` int(10) unsigned NOT NULL DEFAULT '0',
  PRIMARY KEY (`ctID`),
  UNIQUE KEY `ctHandle` (`ctHandle`)
) ENGINE=InnoDB AUTO_INCREMENT=9 DEFAULT CHARSET=utf8;

INSERT INTO PageTypes VALUES(1,'core_stack','main.png','Stack',1,0)
 ,(2,'dashboard_primary_five','main.png','Dashboard Primary + Five',1,0)
 ,(3,'dashboard_header_four_col','main.png','Dashboard Header + Four Column',1,0)
 ,(4,'right_sidebar','right_sidebar.png','Right Sidebar',0,0)
 ,(5,'home','main.png','Homepage',0,0)
 ,(6,'services','template1.png','services',0,0)
 ,(7,'people','main.png','poeple',0,0)
 ,(8,'person','template2.png','Person',0,0);

DROP TABLE IF EXISTS PageWorkflowProgress;

CREATE TABLE IF NOT EXISTS `PageWorkflowProgress` (
  `cID` int(10) unsigned NOT NULL DEFAULT '0',
  `wpID` int(10) unsigned NOT NULL DEFAULT '0',
  PRIMARY KEY (`cID`,`wpID`)
) ENGINE=InnoDB DEFAULT CHARSET=utf8;



DROP TABLE IF EXISTS Pages;

CREATE TABLE IF NOT EXISTS `Pages` (
  `cID` int(10) unsigned NOT NULL DEFAULT '0',
  `cIsTemplate` int(1) unsigned NOT NULL DEFAULT '0',
  `uID` int(10) unsigned DEFAULT NULL,
  `cIsCheckedOut` tinyint(1) NOT NULL DEFAULT '0',
  `cCheckedOutUID` int(10) unsigned DEFAULT NULL,
  `cCheckedOutDatetime` datetime DEFAULT NULL,
  `cCheckedOutDatetimeLastEdit` datetime DEFAULT NULL,
  `cOverrideTemplatePermissions` tinyint(1) NOT NULL DEFAULT '1',
  `cInheritPermissionsFromCID` int(10) unsigned NOT NULL DEFAULT '0',
  `cInheritPermissionsFrom` varchar(8) NOT NULL DEFAULT 'PARENT',
  `cFilename` varchar(255) DEFAULT NULL,
  `cPointerID` int(10) unsigned NOT NULL DEFAULT '0',
  `cPointerExternalLink` longtext,
  `cPointerExternalLinkNewWindow` tinyint(1) NOT NULL DEFAULT '0',
  `cIsActive` tinyint(1) NOT NULL DEFAULT '1',
  `cChildren` int(10) unsigned NOT NULL DEFAULT '0',
  `cDisplayOrder` int(10) unsigned NOT NULL DEFAULT '0',
  `cParentID` int(10) unsigned NOT NULL DEFAULT '0',
  `pkgID` int(10) unsigned NOT NULL DEFAULT '0',
  `cCacheFullPageContent` int(4) NOT NULL DEFAULT '-1',
  `cCacheFullPageContentOverrideLifetime` varchar(32) NOT NULL DEFAULT '0',
  `cCacheFullPageContentLifetimeCustom` int(10) unsigned NOT NULL DEFAULT '0',
  `cIsSystemPage` tinyint(1) NOT NULL DEFAULT '0',
  PRIMARY KEY (`cID`),
  KEY `cParentID` (`cParentID`),
  KEY `cIsActive` (`cIsActive`),
  KEY `cCheckedOutUID` (`cCheckedOutUID`),
  KEY `uID` (`uID`),
  KEY `cPointerID` (`cPointerID`),
  KEY `cIsTemplate` (`cIsTemplate`),
  KEY `cIsSystemPage` (`cIsSystemPage`)
) ENGINE=InnoDB DEFAULT CHARSET=utf8;

INSERT INTO Pages VALUES(1,0,1,0,NULL,NULL,NULL,1,1,'OVERRIDE',NULL,0,NULL,0,1,15,0,0,0,-1,'0',0,0)
 ,(2,0,1,0,NULL,NULL,NULL,1,2,'OVERRIDE','/dashboard/view.php',0,NULL,0,1,13,0,0,0,-1,'0',0,1)
 ,(3,0,1,0,NULL,NULL,NULL,1,2,'PARENT','0',0,NULL,0,1,2,0,2,0,-1,'0',0,1)
 ,(4,0,1,0,NULL,NULL,NULL,1,2,'PARENT','/dashboard/composer/write.php',0,NULL,0,1,0,0,3,0,-1,'0',0,1)
 ,(5,0,1,0,NULL,NULL,NULL,1,2,'PARENT','/dashboard/composer/drafts.php',0,NULL,0,1,0,1,3,0,-1,'0',0,1)
 ,(6,0,1,0,NULL,NULL,NULL,1,2,'PARENT','0',0,NULL,0,1,3,1,2,0,-1,'0',0,1)
 ,(7,0,1,0,NULL,NULL,NULL,1,2,'PARENT','/dashboard/sitemap/full.php',0,NULL,0,1,0,0,6,0,-1,'0',0,1)
 ,(8,0,1,0,NULL,NULL,NULL,1,2,'PARENT','/dashboard/sitemap/explore.php',0,NULL,0,1,0,1,6,0,-1,'0',0,1)
 ,(9,0,1,0,NULL,NULL,NULL,1,2,'PARENT','/dashboard/sitemap/search.php',0,NULL,0,1,0,2,6,0,-1,'0',0,1)
 ,(10,0,1,0,NULL,NULL,NULL,1,2,'PARENT','0',0,NULL,0,1,4,2,2,0,-1,'0',0,1)
 ,(11,0,1,0,NULL,NULL,NULL,1,2,'PARENT','/dashboard/files/search.php',0,NULL,0,1,0,0,10,0,-1,'0',0,1)
 ,(12,0,1,0,NULL,NULL,NULL,1,2,'PARENT','/dashboard/files/attributes.php',0,NULL,0,1,0,1,10,0,-1,'0',0,1)
 ,(13,0,1,0,NULL,NULL,NULL,1,2,'PARENT','/dashboard/files/sets.php',0,NULL,0,1,0,2,10,0,-1,'0',0,1)
 ,(14,0,1,0,NULL,NULL,NULL,1,2,'PARENT','/dashboard/files/add_set.php',0,NULL,0,1,0,3,10,0,-1,'0',0,1)
 ,(15,0,1,0,NULL,NULL,NULL,1,2,'PARENT','/dashboard/users/view.php',0,NULL,0,1,6,3,2,0,-1,'0',0,1)
 ,(16,0,1,0,NULL,NULL,NULL,1,2,'PARENT','/dashboard/users/search.php',0,NULL,0,1,0,0,15,0,-1,'0',0,1)
 ,(17,0,1,0,NULL,NULL,NULL,1,2,'PARENT','/dashboard/users/groups.php',0,NULL,0,1,0,1,15,0,-1,'0',0,1)
 ,(18,0,1,0,NULL,NULL,NULL,1,2,'PARENT','/dashboard/users/attributes.php',0,NULL,0,1,0,2,15,0,-1,'0',0,1)
 ,(19,0,1,0,NULL,NULL,NULL,1,2,'PARENT','/dashboard/users/add.php',0,NULL,0,1,0,3,15,0,-1,'0',0,1)
 ,(20,0,1,0,NULL,NULL,NULL,1,2,'PARENT','/dashboard/users/add_group.php',0,NULL,0,1,0,4,15,0,-1,'0',0,1)
 ,(21,0,1,0,NULL,NULL,NULL,1,2,'PARENT','/dashboard/users/group_sets.php',0,NULL,0,1,0,5,15,0,-1,'0',0,1)
 ,(22,0,1,0,NULL,NULL,NULL,1,2,'PARENT','0',0,NULL,0,1,4,4,2,0,-1,'0',0,1)
 ,(23,0,1,0,NULL,NULL,NULL,1,2,'PARENT','/dashboard/reports/statistics.php',0,NULL,0,1,0,0,22,0,-1,'0',0,1)
 ,(24,0,1,0,NULL,NULL,NULL,1,2,'PARENT','/dashboard/reports/forms.php',0,NULL,0,1,0,1,22,0,-1,'0',0,1)
 ,(25,0,1,0,NULL,NULL,NULL,1,2,'PARENT','/dashboard/reports/surveys.php',0,NULL,0,1,0,2,22,0,-1,'0',0,1)
 ,(26,0,1,0,NULL,NULL,NULL,1,2,'PARENT','/dashboard/reports/logs.php',0,NULL,0,1,0,3,22,0,-1,'0',0,1)
 ,(27,0,1,0,NULL,NULL,NULL,1,2,'PARENT','0',0,NULL,0,1,4,5,2,0,-1,'0',0,1)
 ,(28,0,1,0,NULL,NULL,NULL,1,2,'PARENT','/dashboard/pages/themes/view.php',0,NULL,0,1,3,0,27,0,-1,'0',0,1)
 ,(29,0,1,0,NULL,NULL,NULL,1,2,'PARENT','/dashboard/pages/themes/add.php',0,NULL,0,1,0,0,28,0,-1,'0',0,1)
 ,(30,0,1,0,NULL,NULL,NULL,1,2,'PARENT','/dashboard/pages/themes/inspect.php',0,NULL,0,1,0,1,28,0,-1,'0',0,1)
 ,(31,0,1,0,NULL,NULL,NULL,1,2,'PARENT','/dashboard/pages/themes/customize.php',0,NULL,0,1,0,2,28,0,-1,'0',0,1)
 ,(32,0,1,0,NULL,NULL,NULL,1,2,'PARENT','/dashboard/pages/types/view.php',0,NULL,0,1,2,1,27,0,-1,'0',0,1)
 ,(33,0,1,0,NULL,NULL,NULL,1,2,'PARENT','/dashboard/pages/types/add.php',0,NULL,0,1,0,0,32,0,-1,'0',0,1)
 ,(34,0,1,0,NULL,NULL,NULL,1,2,'PARENT','/dashboard/pages/attributes.php',0,NULL,0,1,0,2,27,0,-1,'0',0,1)
 ,(35,0,1,0,NULL,NULL,NULL,1,2,'PARENT','/dashboard/pages/single.php',0,NULL,0,1,0,3,27,0,-1,'0',0,1)
 ,(36,0,1,0,NULL,NULL,NULL,1,2,'PARENT','/dashboard/workflow/view.php',0,NULL,0,1,2,6,2,0,-1,'0',0,1)
 ,(37,0,1,0,NULL,NULL,NULL,1,2,'PARENT','/dashboard/workflow/list.php',0,NULL,0,1,0,0,36,0,-1,'0',0,1)
 ,(38,0,1,0,NULL,NULL,NULL,1,2,'PARENT','/dashboard/workflow/me.php',0,NULL,0,1,0,1,36,0,-1,'0',0,1)
 ,(39,0,1,0,NULL,NULL,NULL,1,2,'PARENT','0',0,NULL,0,1,3,7,2,0,-1,'0',0,1)
 ,(40,0,1,0,NULL,NULL,NULL,1,2,'PARENT','/dashboard/blocks/stacks/view.php',0,NULL,0,1,1,0,39,0,-1,'0',0,1)
 ,(41,0,1,0,NULL,NULL,NULL,1,2,'PARENT','/dashboard/blocks/permissions.php',0,NULL,0,1,0,1,39,0,-1,'0',0,1)
 ,(42,0,1,0,NULL,NULL,NULL,1,42,'OVERRIDE','/dashboard/blocks/stacks/list/view.php',0,NULL,0,1,0,0,40,0,-1,'0',0,1)
 ,(43,0,1,0,NULL,NULL,NULL,1,2,'PARENT','/dashboard/blocks/types/view.php',0,NULL,0,1,0,2,39,0,-1,'0',0,1)
 ,(44,0,1,0,NULL,NULL,NULL,1,2,'PARENT','/dashboard/extend/view.php',0,NULL,0,1,5,8,2,0,-1,'0',0,1)
 ,(45,0,1,0,NULL,NULL,NULL,1,2,'PARENT','0',0,NULL,0,1,0,9,2,0,-1,'0',0,1)
 ,(46,0,1,0,NULL,NULL,NULL,1,2,'PARENT','/dashboard/extend/install.php',0,NULL,0,1,0,0,44,0,-1,'0',0,1)
 ,(47,0,1,0,NULL,NULL,NULL,1,2,'PARENT','/dashboard/extend/update.php',0,NULL,0,1,0,1,44,0,-1,'0',0,1)
 ,(48,0,1,0,NULL,NULL,NULL,1,2,'PARENT','/dashboard/extend/connect.php',0,NULL,0,1,0,2,44,0,-1,'0',0,1)
 ,(49,0,1,0,NULL,NULL,NULL,1,2,'PARENT','/dashboard/extend/themes.php',0,NULL,0,1,0,3,44,0,-1,'0',0,1)
 ,(50,0,1,0,NULL,NULL,NULL,1,2,'PARENT','/dashboard/extend/add-ons.php',0,NULL,0,1,0,4,44,0,-1,'0',0,1)
 ,(51,0,1,0,NULL,NULL,NULL,1,2,'PARENT','/dashboard/system/view.php',0,NULL,0,1,9,10,2,0,-1,'0',0,1)
 ,(52,0,1,0,NULL,NULL,NULL,1,2,'PARENT','0',0,NULL,0,1,6,0,51,0,-1,'0',0,1)
 ,(53,0,1,0,NULL,NULL,NULL,1,2,'PARENT','/dashboard/system/basics/site_name.php',0,NULL,0,1,0,0,52,0,-1,'0',0,1)
 ,(54,0,1,0,NULL,NULL,NULL,1,2,'PARENT','/dashboard/system/basics/icons.php',0,NULL,0,1,0,1,52,0,-1,'0',0,1)
 ,(55,0,1,0,NULL,NULL,NULL,1,2,'PARENT','/dashboard/system/basics/editor.php',0,NULL,0,1,0,2,52,0,-1,'0',0,1)
 ,(56,0,1,0,NULL,NULL,NULL,1,2,'PARENT','/dashboard/system/basics/multilingual/view.php',0,NULL,0,1,0,3,52,0,-1,'0',0,1)
 ,(57,0,1,0,NULL,NULL,NULL,1,2,'PARENT','/dashboard/system/basics/timezone.php',0,NULL,0,1,0,4,52,0,-1,'0',0,1)
 ,(58,0,1,0,NULL,NULL,NULL,1,2,'PARENT','/dashboard/system/basics/interface.php',0,NULL,0,1,0,5,52,0,-1,'0',0,1)
 ,(59,0,1,0,NULL,NULL,NULL,1,2,'PARENT','/dashboard/system/seo/view.php',0,NULL,0,1,6,1,51,0,-1,'0',0,1)
 ,(60,0,1,0,NULL,NULL,NULL,1,2,'PARENT','/dashboard/system/seo/urls.php',0,NULL,0,1,0,0,59,0,-1,'0',0,1)
 ,(61,0,1,0,NULL,NULL,NULL,1,2,'PARENT','/dashboard/system/seo/bulk_seo_tool.php',0,NULL,0,1,0,1,59,0,-1,'0',0,1)
 ,(62,0,1,0,NULL,NULL,NULL,1,2,'PARENT','/dashboard/system/seo/tracking_codes.php',0,NULL,0,1,0,2,59,0,-1,'0',0,1)
 ,(63,0,1,0,NULL,NULL,NULL,1,2,'PARENT','/dashboard/system/seo/excluded.php',0,NULL,0,1,0,3,59,0,-1,'0',0,1)
 ,(64,0,1,0,NULL,NULL,NULL,1,2,'PARENT','/dashboard/system/seo/statistics.php',0,NULL,0,1,0,4,59,0,-1,'0',0,1)
 ,(65,0,1,0,NULL,NULL,NULL,1,2,'PARENT','/dashboard/system/seo/search_index.php',0,NULL,0,1,0,5,59,0,-1,'0',0,1)
 ,(66,0,1,0,NULL,NULL,NULL,1,2,'PARENT','0',0,NULL,0,1,3,2,51,0,-1,'0',0,1)
 ,(67,0,1,0,NULL,NULL,NULL,1,2,'PARENT','/dashboard/system/optimization/cache.php',0,NULL,0,1,0,0,66,0,-1,'0',0,1)
 ,(68,0,1,0,NULL,NULL,NULL,1,2,'PARENT','/dashboard/system/optimization/clear_cache.php',0,NULL,0,1,0,1,66,0,-1,'0',0,1)
 ,(69,0,1,0,NULL,NULL,NULL,1,2,'PARENT','/dashboard/system/optimization/jobs.php',0,NULL,0,1,0,2,66,0,-1,'0',0,1)
 ,(70,0,1,0,NULL,NULL,NULL,1,2,'PARENT','/dashboard/system/permissions/view.php',0,NULL,0,1,10,3,51,0,-1,'0',0,1)
 ,(71,0,1,0,NULL,NULL,NULL,1,2,'PARENT','/dashboard/system/permissions/site.php',0,NULL,0,1,0,0,70,0,-1,'0',0,1)
 ,(72,0,1,0,NULL,NULL,NULL,1,2,'PARENT','/dashboard/system/permissions/files.php',0,NULL,0,1,0,1,70,0,-1,'0',0,1)
 ,(73,0,1,0,NULL,NULL,NULL,1,2,'PARENT','/dashboard/system/permissions/file_types.php',0,NULL,0,1,0,2,70,0,-1,'0',0,1)
 ,(74,0,1,0,NULL,NULL,NULL,1,2,'PARENT','/dashboard/system/permissions/tasks.php',0,NULL,0,1,0,3,70,0,-1,'0',0,1)
 ,(75,0,1,0,NULL,NULL,NULL,1,2,'PARENT','/dashboard/system/permissions/users.php',0,NULL,0,1,0,4,70,0,-1,'0',0,1)
 ,(76,0,1,0,NULL,NULL,NULL,1,2,'PARENT','/dashboard/system/permissions/advanced.php',0,NULL,0,1,0,5,70,0,-1,'0',0,1)
 ,(77,0,1,0,NULL,NULL,NULL,1,2,'PARENT','/dashboard/system/permissions/ip_blacklist.php',0,NULL,0,1,0,6,70,0,-1,'0',0,1)
 ,(78,0,1,0,NULL,NULL,NULL,1,2,'PARENT','/dashboard/system/permissions/captcha.php',0,NULL,0,1,0,7,70,0,-1,'0',0,1)
 ,(79,0,1,0,NULL,NULL,NULL,1,2,'PARENT','/dashboard/system/permissions/antispam.php',0,NULL,0,1,0,8,70,0,-1,'0',0,1)
 ,(80,0,1,0,NULL,NULL,NULL,1,2,'PARENT','/dashboard/system/permissions/maintenance_mode.php',0,NULL,0,1,0,9,70,0,-1,'0',0,1)
 ,(81,0,1,0,NULL,NULL,NULL,1,2,'PARENT','0',0,NULL,0,1,3,4,51,0,-1,'0',0,1)
 ,(82,0,1,0,NULL,NULL,NULL,1,2,'PARENT','/dashboard/system/registration/postlogin.php',0,NULL,0,1,0,0,81,0,-1,'0',0,1)
 ,(83,0,1,0,NULL,NULL,NULL,1,2,'PARENT','/dashboard/system/registration/profiles.php',0,NULL,0,1,0,1,81,0,-1,'0',0,1)
 ,(84,0,1,0,NULL,NULL,NULL,1,2,'PARENT','/dashboard/system/registration/public_registration.php',0,NULL,0,1,0,2,81,0,-1,'0',0,1)
 ,(85,0,1,0,NULL,NULL,NULL,1,2,'PARENT','/dashboard/system/mail/view.php',0,NULL,0,1,2,5,51,0,-1,'0',0,1)
 ,(86,0,1,0,NULL,NULL,NULL,1,2,'PARENT','/dashboard/system/mail/method.php',0,NULL,0,1,0,0,85,0,-1,'0',0,1)
 ,(87,0,1,0,NULL,NULL,NULL,1,2,'PARENT','/dashboard/system/mail/importers.php',0,NULL,0,1,0,1,85,0,-1,'0',0,1)
 ,(88,0,1,0,NULL,NULL,NULL,1,2,'PARENT','0',0,NULL,0,1,2,6,51,0,-1,'0',0,1)
 ,(89,0,1,0,NULL,NULL,NULL,1,2,'PARENT','/dashboard/system/attributes/sets.php',0,NULL,0,1,0,0,88,0,-1,'0',0,1)
 ,(90,0,1,0,NULL,NULL,NULL,1,2,'PARENT','/dashboard/system/attributes/types.php',0,NULL,0,1,0,1,88,0,-1,'0',0,1)
 ,(91,0,1,0,NULL,NULL,NULL,1,2,'PARENT','0',0,NULL,0,1,5,7,51,0,-1,'0',0,1)
 ,(92,0,1,0,NULL,NULL,NULL,1,2,'PARENT','/dashboard/system/environment/info.php',0,NULL,0,1,0,0,91,0,-1,'0',0,1)
 ,(93,0,1,0,NULL,NULL,NULL,1,2,'PARENT','/dashboard/system/environment/debug.php',0,NULL,0,1,0,1,91,0,-1,'0',0,1)
 ,(94,0,1,0,NULL,NULL,NULL,1,2,'PARENT','/dashboard/system/environment/logging.php',0,NULL,0,1,0,2,91,0,-1,'0',0,1)
 ,(95,0,1,0,NULL,NULL,NULL,1,2,'PARENT','/dashboard/system/environment/file_storage_locations.php',0,NULL,0,1,0,3,91,0,-1,'0',0,1)
 ,(96,0,1,0,NULL,NULL,NULL,1,2,'PARENT','/dashboard/system/environment/proxy.php',0,NULL,0,1,0,4,91,0,-1,'0',0,1)
 ,(97,0,1,0,NULL,NULL,NULL,1,2,'PARENT','0',0,NULL,0,1,3,8,51,0,-1,'0',0,1)
 ,(98,0,1,0,NULL,NULL,NULL,1,2,'PARENT','/dashboard/system/backup_restore/backup.php',0,NULL,0,1,0,0,97,0,-1,'0',0,1)
 ,(99,0,1,0,NULL,NULL,NULL,1,2,'PARENT','/dashboard/system/backup_restore/update.php',0,NULL,0,1,0,1,97,0,-1,'0',0,1)
 ,(100,0,1,0,NULL,NULL,NULL,1,2,'PARENT','/dashboard/system/backup_restore/database.php',0,NULL,0,1,0,2,97,0,-1,'0',0,1)
 ,(101,0,1,0,NULL,NULL,NULL,1,2,'PARENT','/dashboard/pages/types/composer.php',0,NULL,0,1,0,1,32,0,-1,'0',0,1)
 ,(102,1,NULL,0,NULL,NULL,NULL,1,0,'PARENT',NULL,0,NULL,0,1,0,0,0,0,-1,'0',0,0)
 ,(103,1,NULL,0,NULL,NULL,NULL,1,0,'PARENT',NULL,0,NULL,0,1,0,0,0,0,-1,'0',0,0)
 ,(104,1,NULL,0,NULL,NULL,NULL,1,0,'PARENT',NULL,0,NULL,0,1,0,0,0,0,-1,'0',0,0)
 ,(105,0,1,0,NULL,NULL,NULL,1,2,'PARENT',NULL,0,NULL,0,1,0,11,2,0,-1,'0',0,1)
 ,(106,0,1,0,NULL,NULL,NULL,1,2,'PARENT',NULL,0,NULL,0,1,0,12,2,0,-1,'0',0,1)
 ,(107,0,1,0,NULL,NULL,NULL,1,1,'PARENT','/!drafts/view.php',0,NULL,0,1,1,0,0,0,-1,'0',0,1)
 ,(108,0,1,0,NULL,NULL,NULL,1,1,'PARENT','/!trash/view.php',0,NULL,0,1,1,0,0,0,-1,'0',0,1)
 ,(109,0,1,0,NULL,NULL,NULL,1,1,'PARENT','0',0,NULL,0,1,3,0,0,0,-1,'0',0,1)
 ,(110,0,1,0,NULL,NULL,NULL,1,110,'OVERRIDE','/login.php',0,NULL,0,1,0,0,0,0,-1,'0',0,1)
 ,(111,0,1,0,NULL,NULL,NULL,1,111,'OVERRIDE','/register.php',0,NULL,0,1,0,0,0,0,-1,'0',0,1)
 ,(112,0,1,0,NULL,NULL,NULL,1,1,'PARENT','/profile/view.php',0,NULL,0,1,4,0,1,0,-1,'0',0,1)
 ,(113,0,1,0,NULL,NULL,NULL,1,1,'PARENT','/profile/edit.php',0,NULL,0,1,0,0,112,0,-1,'0',0,1)
 ,(114,0,1,0,NULL,NULL,NULL,1,1,'PARENT','/profile/avatar.php',0,NULL,0,1,0,1,112,0,-1,'0',0,1)
 ,(115,0,1,0,NULL,NULL,NULL,1,1,'PARENT','/profile/messages.php',0,NULL,0,1,0,2,112,0,-1,'0',0,1)
 ,(116,0,1,0,NULL,NULL,NULL,1,1,'PARENT','/profile/friends.php',0,NULL,0,1,0,3,112,0,-1,'0',0,1)
 ,(117,0,1,0,NULL,NULL,NULL,1,1,'PARENT','/page_not_found.php',0,NULL,0,1,0,1,0,0,-1,'0',0,1)
 ,(118,0,1,0,NULL,NULL,NULL,1,1,'PARENT','/page_forbidden.php',0,NULL,0,1,0,1,0,0,-1,'0',0,1)
 ,(119,0,1,0,NULL,NULL,NULL,1,1,'PARENT','/download_file.php',0,NULL,0,1,0,1,1,0,-1,'0',0,1)
 ,(120,0,1,0,NULL,NULL,NULL,1,1,'PARENT','/members.php',0,NULL,0,1,0,2,1,0,-1,'0',0,1)
 ,(121,1,NULL,0,NULL,NULL,NULL,1,0,'PARENT',NULL,0,NULL,0,1,0,0,0,0,-1,'0',0,0)
 ,(122,1,NULL,0,NULL,NULL,NULL,1,0,'PARENT',NULL,0,NULL,0,1,0,0,0,0,-1,'0',0,0)
 ,(123,0,1,0,NULL,NULL,NULL,1,1,'PARENT',NULL,0,NULL,0,0,0,0,108,0,-1,'0',0,1)
 ,(124,0,1,0,NULL,NULL,NULL,1,1,'PARENT',NULL,0,NULL,0,1,0,3,1,0,-1,'0',0,0)
 ,(125,0,1,0,NULL,NULL,NULL,1,1,'PARENT',NULL,0,NULL,0,1,1,4,1,0,-1,'0',0,0)
 ,(126,0,1,0,NULL,NULL,NULL,1,1,'PARENT',NULL,0,NULL,0,1,0,5,1,0,-1,'0',0,0)
 ,(127,0,1,0,NULL,NULL,NULL,1,1,'PARENT',NULL,0,NULL,0,0,0,0,107,0,-1,'0',0,0)
 ,(128,1,NULL,0,NULL,NULL,NULL,1,0,'PARENT',NULL,0,NULL,0,1,0,0,0,0,-1,'0',0,0)
 ,(129,1,NULL,0,NULL,NULL,NULL,1,0,'PARENT',NULL,0,NULL,0,1,0,0,0,0,-1,'0',0,0)
 ,(130,0,1,0,NULL,NULL,NULL,1,1,'PARENT',NULL,0,NULL,0,1,0,0,125,0,-1,'0',0,0)
 ,(131,1,NULL,0,NULL,NULL,NULL,1,0,'PARENT',NULL,0,NULL,0,1,0,0,0,0,-1,'0',0,0)
 ,(132,0,1,0,NULL,NULL,NULL,1,1,'PARENT',NULL,0,NULL,0,1,0,6,1,0,-1,'0',0,0)
 ,(133,0,1,0,NULL,NULL,NULL,1,1,'PARENT',NULL,0,NULL,0,1,0,0,109,0,-1,'0',0,1)
 ,(134,0,1,0,NULL,NULL,NULL,1,1,'PARENT',NULL,0,NULL,0,1,0,1,109,0,-1,'0',0,1)
 ,(135,0,1,0,NULL,NULL,NULL,1,1,'PARENT',NULL,0,NULL,0,1,0,2,109,0,-1,'0',0,1);

DROP TABLE IF EXISTS PermissionAccess;

CREATE TABLE IF NOT EXISTS `PermissionAccess` (
  `paID` int(10) unsigned NOT NULL AUTO_INCREMENT,
  `paIsInUse` int(1) unsigned NOT NULL DEFAULT '0',
  PRIMARY KEY (`paID`)
) ENGINE=InnoDB AUTO_INCREMENT=68 DEFAULT CHARSET=utf8;

INSERT INTO PermissionAccess VALUES(1,1)
 ,(2,1)
 ,(3,1)
 ,(4,1)
 ,(5,1)
 ,(6,1)
 ,(7,1)
 ,(8,1)
 ,(9,1)
 ,(10,1)
 ,(11,1)
 ,(12,1)
 ,(13,1)
 ,(14,1)
 ,(15,1)
 ,(16,1)
 ,(17,1)
 ,(18,1)
 ,(19,1)
 ,(20,1)
 ,(21,1)
 ,(22,1)
 ,(23,1)
 ,(24,1)
 ,(25,1)
 ,(26,1)
 ,(27,1)
 ,(28,1)
 ,(29,1)
 ,(30,1)
 ,(31,1)
 ,(32,1)
 ,(33,1)
 ,(34,1)
 ,(35,1)
 ,(36,1)
 ,(37,1)
 ,(38,1)
 ,(39,1)
 ,(40,1)
 ,(41,1)
 ,(42,1)
 ,(43,1)
 ,(44,1)
 ,(45,1)
 ,(46,1)
 ,(47,1)
 ,(48,1)
 ,(49,1)
 ,(50,1)
 ,(51,1)
 ,(52,1)
 ,(53,1)
 ,(54,1)
 ,(55,1)
 ,(56,1)
 ,(57,1)
 ,(58,1)
 ,(59,1)
 ,(60,1)
 ,(61,1)
 ,(62,1)
 ,(63,1)
 ,(64,1)
 ,(65,1)
 ,(66,1)
 ,(67,1);

DROP TABLE IF EXISTS PermissionAccessEntities;

CREATE TABLE IF NOT EXISTS `PermissionAccessEntities` (
  `peID` int(10) unsigned NOT NULL AUTO_INCREMENT,
  `petID` int(10) unsigned DEFAULT NULL,
  PRIMARY KEY (`peID`),
  KEY `petID` (`petID`)
) ENGINE=InnoDB AUTO_INCREMENT=6 DEFAULT CHARSET=utf8;

INSERT INTO PermissionAccessEntities VALUES(1,1)
 ,(2,1)
 ,(3,1)
 ,(4,5)
 ,(5,6);

DROP TABLE IF EXISTS PermissionAccessEntityGroupSets;

CREATE TABLE IF NOT EXISTS `PermissionAccessEntityGroupSets` (
  `peID` int(10) unsigned NOT NULL DEFAULT '0',
  `gsID` int(10) unsigned NOT NULL DEFAULT '0',
  PRIMARY KEY (`peID`,`gsID`),
  KEY `gsID` (`gsID`)
) ENGINE=InnoDB DEFAULT CHARSET=utf8;



DROP TABLE IF EXISTS PermissionAccessEntityGroups;

CREATE TABLE IF NOT EXISTS `PermissionAccessEntityGroups` (
  `pegID` int(10) unsigned NOT NULL AUTO_INCREMENT,
  `peID` int(10) unsigned NOT NULL DEFAULT '0',
  `gID` int(10) unsigned NOT NULL DEFAULT '0',
  PRIMARY KEY (`pegID`),
  KEY `gID` (`gID`)
) ENGINE=InnoDB AUTO_INCREMENT=4 DEFAULT CHARSET=utf8;

INSERT INTO PermissionAccessEntityGroups VALUES(1,1,3)
 ,(2,2,1)
 ,(3,3,2);

DROP TABLE IF EXISTS PermissionAccessEntityTypeCategories;

CREATE TABLE IF NOT EXISTS `PermissionAccessEntityTypeCategories` (
  `petID` int(10) unsigned NOT NULL DEFAULT '0',
  `pkCategoryID` int(10) unsigned NOT NULL DEFAULT '0',
  PRIMARY KEY (`petID`,`pkCategoryID`)
) ENGINE=InnoDB DEFAULT CHARSET=utf8;

INSERT INTO PermissionAccessEntityTypeCategories VALUES(1,1)
 ,(1,5)
 ,(1,6)
 ,(1,7)
 ,(1,8)
 ,(1,9)
 ,(1,10)
 ,(1,11)
 ,(1,12)
 ,(1,13)
 ,(1,14)
 ,(2,1)
 ,(2,5)
 ,(2,6)
 ,(2,7)
 ,(2,8)
 ,(2,9)
 ,(2,10)
 ,(2,11)
 ,(2,12)
 ,(2,13)
 ,(2,14)
 ,(3,1)
 ,(3,5)
 ,(3,6)
 ,(3,7)
 ,(3,8)
 ,(3,9)
 ,(3,10)
 ,(3,11)
 ,(3,12)
 ,(3,13)
 ,(3,14)
 ,(4,1)
 ,(4,5)
 ,(4,6)
 ,(4,7)
 ,(4,8)
 ,(4,9)
 ,(4,10)
 ,(4,11)
 ,(4,12)
 ,(4,13)
 ,(4,14)
 ,(5,1)
 ,(6,6)
 ,(6,7);

DROP TABLE IF EXISTS PermissionAccessEntityTypes;

CREATE TABLE IF NOT EXISTS `PermissionAccessEntityTypes` (
  `petID` int(10) unsigned NOT NULL AUTO_INCREMENT,
  `petHandle` varchar(255) NOT NULL,
  `petName` varchar(255) NOT NULL,
  `pkgID` int(10) unsigned DEFAULT NULL,
  PRIMARY KEY (`petID`)
) ENGINE=InnoDB AUTO_INCREMENT=7 DEFAULT CHARSET=utf8;

INSERT INTO PermissionAccessEntityTypes VALUES(1,'group','Group',0)
 ,(2,'user','User',0)
 ,(3,'group_set','Group Set',0)
 ,(4,'group_combination','Group Combination',0)
 ,(5,'page_owner','Page Owner',0)
 ,(6,'file_uploader','File Uploader',0);

DROP TABLE IF EXISTS PermissionAccessEntityUsers;

CREATE TABLE IF NOT EXISTS `PermissionAccessEntityUsers` (
  `peID` int(10) unsigned NOT NULL DEFAULT '0',
  `uID` int(10) unsigned NOT NULL DEFAULT '0',
  PRIMARY KEY (`peID`,`uID`),
  KEY `uID` (`uID`)
) ENGINE=InnoDB DEFAULT CHARSET=utf8;



DROP TABLE IF EXISTS PermissionAccessList;

CREATE TABLE IF NOT EXISTS `PermissionAccessList` (
  `paID` int(10) unsigned NOT NULL DEFAULT '0',
  `peID` int(10) unsigned NOT NULL DEFAULT '0',
  `pdID` int(10) unsigned NOT NULL DEFAULT '0',
  `accessType` int(4) NOT NULL DEFAULT '0',
  PRIMARY KEY (`paID`,`peID`),
  KEY `accessType` (`accessType`),
  KEY `peID` (`peID`),
  KEY `peID_accessType` (`peID`,`accessType`)
) ENGINE=InnoDB DEFAULT CHARSET=utf8;

INSERT INTO PermissionAccessList VALUES(1,1,0,10)
 ,(2,1,0,10)
 ,(3,1,0,10)
 ,(4,1,0,10)
 ,(5,1,0,10)
 ,(6,1,0,10)
 ,(7,1,0,10)
 ,(8,1,0,10)
 ,(9,1,0,10)
 ,(10,1,0,10)
 ,(11,1,0,10)
 ,(12,1,0,10)
 ,(13,1,0,10)
 ,(14,1,0,10)
 ,(15,1,0,10)
 ,(16,1,0,10)
 ,(17,1,0,10)
 ,(18,1,0,10)
 ,(19,1,0,10)
 ,(20,1,0,10)
 ,(21,1,0,10)
 ,(22,1,0,10)
 ,(23,1,0,10)
 ,(24,1,0,10)
 ,(25,1,0,10)
 ,(26,1,0,10)
 ,(27,1,0,10)
 ,(28,1,0,10)
 ,(29,1,0,10)
 ,(30,1,0,10)
 ,(31,1,0,10)
 ,(32,1,0,10)
 ,(33,1,0,10)
 ,(34,2,0,10)
 ,(35,2,0,10)
 ,(36,2,0,10)
 ,(37,2,0,10)
 ,(38,2,0,10)
 ,(38,3,0,10)
 ,(39,2,0,10)
 ,(39,3,0,10)
 ,(40,2,0,10)
 ,(41,2,0,10)
 ,(42,2,0,10)
 ,(43,1,0,10)
 ,(43,2,0,10)
 ,(44,1,0,10)
 ,(45,1,0,10)
 ,(46,1,0,10)
 ,(47,1,0,10)
 ,(48,1,0,10)
 ,(49,1,0,10)
 ,(50,1,0,10)
 ,(51,1,0,10)
 ,(52,2,0,10)
 ,(53,1,0,10)
 ,(54,1,0,10)
 ,(55,1,0,10)
 ,(56,1,0,10)
 ,(57,1,0,10)
 ,(58,1,0,10)
 ,(59,1,0,10)
 ,(60,1,0,10)
 ,(61,1,0,10)
 ,(62,1,0,10)
 ,(63,1,0,10)
 ,(64,1,0,10)
 ,(65,1,0,10)
 ,(66,1,0,10)
 ,(67,1,0,10);

DROP TABLE IF EXISTS PermissionAccessWorkflows;

CREATE TABLE IF NOT EXISTS `PermissionAccessWorkflows` (
  `paID` int(10) unsigned NOT NULL DEFAULT '0',
  `wfID` int(10) unsigned NOT NULL DEFAULT '0',
  PRIMARY KEY (`paID`,`wfID`)
) ENGINE=InnoDB DEFAULT CHARSET=utf8;



DROP TABLE IF EXISTS PermissionAssignments;

CREATE TABLE IF NOT EXISTS `PermissionAssignments` (
  `paID` int(10) unsigned NOT NULL DEFAULT '0',
  `pkID` int(10) unsigned NOT NULL DEFAULT '0',
  PRIMARY KEY (`paID`,`pkID`),
  KEY `pkID` (`pkID`)
) ENGINE=InnoDB DEFAULT CHARSET=utf8;

INSERT INTO PermissionAssignments VALUES(1,17)
 ,(2,18)
 ,(3,55)
 ,(4,56)
 ,(5,57)
 ,(6,58)
 ,(7,60)
 ,(8,61)
 ,(9,62)
 ,(10,63)
 ,(11,64)
 ,(12,66)
 ,(13,67)
 ,(14,68)
 ,(15,69)
 ,(16,70)
 ,(17,71);

DROP TABLE IF EXISTS PermissionDurationObjects;

CREATE TABLE IF NOT EXISTS `PermissionDurationObjects` (
  `pdID` int(10) unsigned NOT NULL AUTO_INCREMENT,
  `pdObject` text,
  PRIMARY KEY (`pdID`)
) ENGINE=InnoDB DEFAULT CHARSET=utf8;



DROP TABLE IF EXISTS PermissionKeyCategories;

CREATE TABLE IF NOT EXISTS `PermissionKeyCategories` (
  `pkCategoryID` int(10) unsigned NOT NULL AUTO_INCREMENT,
  `pkCategoryHandle` varchar(255) NOT NULL,
  `pkgID` int(10) unsigned DEFAULT NULL,
  PRIMARY KEY (`pkCategoryID`)
) ENGINE=InnoDB AUTO_INCREMENT=15 DEFAULT CHARSET=utf8;

INSERT INTO PermissionKeyCategories VALUES(1,'page',NULL)
 ,(2,'single_page',NULL)
 ,(3,'stack',NULL)
 ,(4,'composer_page',NULL)
 ,(5,'user',NULL)
 ,(6,'file_set',NULL)
 ,(7,'file',NULL)
 ,(8,'area',NULL)
 ,(9,'block_type',NULL)
 ,(10,'block',NULL)
 ,(11,'admin',NULL)
 ,(12,'sitemap',NULL)
 ,(13,'marketplace_newsflow',NULL)
 ,(14,'basic_workflow',NULL);

DROP TABLE IF EXISTS PermissionKeys;

CREATE TABLE IF NOT EXISTS `PermissionKeys` (
  `pkID` int(10) unsigned NOT NULL AUTO_INCREMENT,
  `pkHandle` varchar(255) NOT NULL,
  `pkName` varchar(255) NOT NULL,
  `pkCanTriggerWorkflow` int(1) NOT NULL DEFAULT '0',
  `pkHasCustomClass` int(1) NOT NULL DEFAULT '0',
  `pkDescription` varchar(255) DEFAULT NULL,
  `pkCategoryID` int(10) unsigned DEFAULT NULL,
  `pkgID` int(10) unsigned DEFAULT NULL,
  PRIMARY KEY (`pkID`),
  UNIQUE KEY `akHandle` (`pkHandle`)
) ENGINE=InnoDB AUTO_INCREMENT=72 DEFAULT CHARSET=utf8;

INSERT INTO PermissionKeys VALUES(1,'view_page','View',0,0,'Can see a page exists and read its content.',1,0)
 ,(2,'view_page_versions','View Versions',0,0,'Can view the page versions dialog and read past versions of a page.',1,0)
 ,(3,'view_page_in_sitemap','View Page in Sitemap',0,0,'Controls whether a user can see a page in the sitemap or intelligent search.',1,0)
 ,(4,'preview_page_as_user','Preview Page As User',0,0,'Ability to see what this page will look like at a specific time in the future as a specific user.',1,0)
 ,(5,'edit_page_properties','Edit Properties',0,1,'Ability to change anything in the Page Properties menu.',1,0)
 ,(6,'edit_page_contents','Edit Contents',0,0,'Ability to make edits to at least some of the content in the page. You can lock down different block areas and specific blocks by clicking Permissions on them as well. ',1,0)
 ,(7,'edit_page_speed_settings','Edit Speed Settings',0,0,'Ability to change caching settings.',1,0)
 ,(8,'edit_page_theme','Change Theme',0,1,'Ability to change just the theme for this page.',1,0)
 ,(9,'edit_page_type','Change Page Type',0,0,'Ability to change just the page type for this page, also check out Theme permissions.',1,0)
 ,(10,'edit_page_permissions','Edit Permissions',1,0,'Ability to change permissions for this page. Warning: by granting this a user could give themselves more access.',1,0)
 ,(11,'delete_page','Delete',1,0,'Ability to move this page to the site\'s Trash.',1,0)
 ,(12,'delete_page_versions','Delete Versions',1,0,'Ability to remove old versions of this page.',1,0)
 ,(13,'approve_page_versions','Approve Changes',1,0,'Can publish an unapproved version of the page.',1,0)
 ,(14,'add_subpage','Add Sub-Page',0,1,'Can add a page beneath the current page.',1,0)
 ,(15,'move_or_copy_page','Move or Copy Page',1,0,'Can move or copy this page to another location.',1,0)
 ,(16,'schedule_page_contents_guest_access','Schedule Guest Access',0,0,'Can control scheduled guest access to this page.',1,0)
 ,(17,'add_block','Add Block',0,1,'Can add a block to any area on the site. If someone is added here they can add blocks to any area (unless that area has permissions that override these global permissions.)',9,0)
 ,(18,'add_stack','Add Stack',0,0,'Can add a stack or block from a stack to any area on the site. If someone is added here they can add stacks to any area (unless that area has permissions that override these global permissions.)',9,0)
 ,(19,'view_area','View Area',0,0,'Can view the area and its contents.',8,0)
 ,(20,'edit_area_contents','Edit Area Contents',0,0,'Can edit blocks within this area.',8,0)
 ,(21,'add_block_to_area','Add Block to Area',0,1,'Can add blocks to this area. This setting overrides the global Add Block permission for this area.',8,0)
 ,(22,'add_stack_to_area','Add Stack to Area',0,0,'Can add stacks to this area. This setting overrides the global Add Stack permission for this area.',8,0)
 ,(23,'add_layout_to_area','Add Layouts to Area',0,0,'Controls whether users get the ability to add layouts to a particular area.',8,0)
 ,(24,'edit_area_design','Edit Area Design',0,0,'Controls whether users see design controls and can modify an area\'s custom CSS.',8,0)
 ,(25,'edit_area_permissions','Edit Area Permissions',0,0,'Controls whether users can access the permissions on an area. Custom area permissions could override those of the page.',8,0)
 ,(26,'delete_area_contents','Delete Area Contents',0,0,'Controls whether users can delete blocks from this area.',8,0)
 ,(27,'schedule_area_contents_guest_access','Schedule Guest Access',0,0,'Controls whether users can schedule guest access permissions on blocks in this area. Guest Access is a shortcut for granting permissions just to the Guest Group.',8,0)
 ,(28,'view_block','View Block',0,0,'Controls whether users can view this block in the page.',10,0)
 ,(29,'edit_block','Edit Block',0,0,'Controls whether users can edit this block. This overrides any area or page permissions.',10,0)
 ,(30,'edit_block_custom_template','Change Custom Template',0,0,'Controls whether users can change the custom template on this block. This overrides any area or page permissions.',10,0)
 ,(31,'delete_block','Delete Block',0,0,'Controls whether users can delete this block. This overrides any area or page permissions.',10,0)
 ,(32,'edit_block_design','Edit Design',0,0,'Controls whether users can set custom design properties or CSS on this block.',10,0)
 ,(33,'edit_block_permissions','Edit Permissions',0,0,'Controls whether users can change permissions on this block, potentially granting themselves or others greater access.',10,0)
 ,(34,'schedule_guest_access','Schedule Guest Access',0,0,'Controls whether users can schedule guest access permissions on this block. Guest Access is a shortcut for granting permissions just to the Guest Group.',10,0)
 ,(35,'view_file_set_file','View Files',0,0,'Can view and download files in the site.',6,0)
 ,(36,'search_file_set','Search Files in File Manager',0,0,'Can access the file manager',6,0)
 ,(37,'edit_file_set_file_properties','Edit File Properties',0,0,'Can edit a file\'s properties.',6,0)
 ,(38,'edit_file_set_file_contents','Edit File Contents',0,0,'Can edit or replace files in set.',6,0)
 ,(39,'copy_file_set_files','Copy File',0,0,'Can copy files in file set.',6,0)
 ,(40,'edit_file_set_permissions','Edit File Access',0,0,'Can edit access to file sets.',6,0)
 ,(41,'delete_file_set','Delete File Set',0,0,'',6,0)
 ,(42,'delete_file_set_files','Delete File',0,0,'Can delete files in set.',6,0)
 ,(43,'add_file','Add File',0,1,'Can add files to set.',6,0)
 ,(44,'view_file','View Files',0,0,'Can view and download files.',7,0)
 ,(45,'view_file_in_file_manager','View File in File Manager',0,0,'Can access the File Manager.',7,0)
 ,(46,'edit_file_properties','Edit File Properties',0,0,'Can edit a file\'s properties.',7,0)
 ,(47,'edit_file_contents','Edit File Contents',0,0,'Can edit or replace files.',7,0)
 ,(48,'copy_file','Copy File',0,0,'Can copy file.',7,0)
 ,(49,'edit_file_permissions','Edit File Access',0,0,'Can edit access to file.',7,0)
 ,(50,'delete_file','Delete File',0,0,'Can delete file.',7,0)
 ,(51,'approve_basic_workflow_action','Approve or Deny',0,0,'Grant ability to approve workflow.',14,0)
 ,(52,'notify_on_basic_workflow_entry','Notify on Entry',0,0,'Notify approvers that a change has entered the workflow.',14,0)
 ,(53,'notify_on_basic_workflow_approve','Notify on Approve',0,0,'Notify approvers that a change has been approved.',14,0)
 ,(54,'notify_on_basic_workflow_deny','Notify on Deny',0,0,'Notify approvers that a change has been denied.',14,0)
 ,(55,'access_user_search','Access User Search',0,1,'',5,0)
 ,(56,'edit_user_properties','Edit User Details',0,1,NULL,5,0)
 ,(57,'view_user_attributes','View User Attributes',0,1,NULL,5,0)
 ,(58,'activate_user','Activate/Deactivate User',0,0,NULL,5,0)
 ,(59,'sudo','Sign in as User',0,0,NULL,5,0)
 ,(60,'delete_user','Delete User',0,0,NULL,5,0)
 ,(61,'access_group_search','Access Group Search',0,0,'',5,0)
 ,(62,'edit_groups','Edit Groups',0,0,'',5,0)
 ,(63,'assign_user_groups','Assign Groups to User',0,1,'',5,0)
 ,(64,'backup','Perform Backups',0,0,NULL,11,0)
 ,(65,'access_task_permissions','Access Task Permissions',0,0,NULL,11,0)
 ,(66,'access_sitemap','Access Sitemap',0,0,NULL,12,0)
 ,(67,'access_page_defaults','Access Page Type Defaults',0,0,NULL,11,0)
 ,(68,'empty_trash','Empty Trash',0,0,NULL,11,0)
 ,(69,'uninstall_packages','Uninstall Packages',0,0,NULL,13,0)
 ,(70,'install_packages','Install Packages',0,0,NULL,13,0)
 ,(71,'view_newsflow','View Newsflow',0,0,NULL,13,0);

DROP TABLE IF EXISTS PileContents;

CREATE TABLE IF NOT EXISTS `PileContents` (
  `pcID` int(10) unsigned NOT NULL AUTO_INCREMENT,
  `pID` int(10) unsigned NOT NULL DEFAULT '0',
  `itemID` int(10) unsigned NOT NULL DEFAULT '0',
  `itemType` varchar(64) NOT NULL,
  `quantity` int(10) unsigned NOT NULL DEFAULT '1',
  `timestamp` timestamp NOT NULL DEFAULT CURRENT_TIMESTAMP ON UPDATE CURRENT_TIMESTAMP,
  `displayOrder` int(10) unsigned NOT NULL DEFAULT '0',
  PRIMARY KEY (`pcID`)
) ENGINE=InnoDB DEFAULT CHARSET=utf8;



DROP TABLE IF EXISTS Piles;

CREATE TABLE IF NOT EXISTS `Piles` (
  `pID` int(10) unsigned NOT NULL AUTO_INCREMENT,
  `uID` int(10) unsigned DEFAULT NULL,
  `isDefault` tinyint(1) NOT NULL DEFAULT '0',
  `timestamp` timestamp NOT NULL DEFAULT CURRENT_TIMESTAMP ON UPDATE CURRENT_TIMESTAMP,
  `name` varchar(255) DEFAULT NULL,
  `state` varchar(64) NOT NULL,
  PRIMARY KEY (`pID`)
) ENGINE=InnoDB DEFAULT CHARSET=utf8;



DROP TABLE IF EXISTS QueueMessages;

CREATE TABLE IF NOT EXISTS `QueueMessages` (
  `message_id` int(20) unsigned NOT NULL AUTO_INCREMENT,
  `queue_id` int(10) unsigned NOT NULL,
  `handle` varchar(32) DEFAULT NULL,
  `body` varchar(8192) NOT NULL,
  `md5` varchar(32) NOT NULL,
  `timeout` decimal(14,0) unsigned DEFAULT NULL,
  `created` int(10) unsigned NOT NULL,
  PRIMARY KEY (`message_id`),
  UNIQUE KEY `message_handle` (`handle`),
  KEY `message_queueid` (`queue_id`)
) ENGINE=InnoDB DEFAULT CHARSET=utf8;



DROP TABLE IF EXISTS QueuePageDuplicationRelations;

CREATE TABLE IF NOT EXISTS `QueuePageDuplicationRelations` (
  `queue_name` varchar(255) NOT NULL,
  `cID` int(10) unsigned NOT NULL DEFAULT '0',
  `originalCID` int(10) unsigned NOT NULL DEFAULT '0',
  PRIMARY KEY (`cID`,`originalCID`)
) ENGINE=InnoDB DEFAULT CHARSET=utf8;



DROP TABLE IF EXISTS Queues;

CREATE TABLE IF NOT EXISTS `Queues` (
  `queue_id` int(10) unsigned NOT NULL AUTO_INCREMENT,
  `queue_name` varchar(100) NOT NULL,
  `timeout` int(5) unsigned NOT NULL DEFAULT '30',
  PRIMARY KEY (`queue_id`)
) ENGINE=InnoDB DEFAULT CHARSET=utf8;



DROP TABLE IF EXISTS SignupRequests;

CREATE TABLE IF NOT EXISTS `SignupRequests` (
  `id` int(11) NOT NULL AUTO_INCREMENT,
  `ipFrom` int(10) unsigned NOT NULL DEFAULT '0',
  `date_access` timestamp NOT NULL DEFAULT CURRENT_TIMESTAMP ON UPDATE CURRENT_TIMESTAMP,
  PRIMARY KEY (`id`),
  KEY `index_ipFrom` (`ipFrom`)
) ENGINE=InnoDB DEFAULT CHARSET=utf8;



DROP TABLE IF EXISTS Stacks;

CREATE TABLE IF NOT EXISTS `Stacks` (
  `stID` int(10) unsigned NOT NULL AUTO_INCREMENT,
  `stName` varchar(255) NOT NULL,
  `stType` int(1) unsigned NOT NULL DEFAULT '0',
  `cID` int(10) unsigned NOT NULL DEFAULT '0',
  PRIMARY KEY (`stID`),
  KEY `stType` (`stType`),
  KEY `stName` (`stName`)
) ENGINE=InnoDB AUTO_INCREMENT=4 DEFAULT CHARSET=utf8;

INSERT INTO Stacks VALUES(1,'Sitemap',20,133)
 ,(2,'ContactUs',20,134)
 ,(3,'Legals',20,135);

DROP TABLE IF EXISTS SystemAntispamLibraries;

CREATE TABLE IF NOT EXISTS `SystemAntispamLibraries` (
  `saslHandle` varchar(64) NOT NULL,
  `saslName` varchar(255) DEFAULT NULL,
  `saslIsActive` int(1) NOT NULL DEFAULT '0',
  `pkgID` int(10) unsigned NOT NULL DEFAULT '0',
  PRIMARY KEY (`saslHandle`)
) ENGINE=InnoDB DEFAULT CHARSET=utf8;



DROP TABLE IF EXISTS SystemCaptchaLibraries;

CREATE TABLE IF NOT EXISTS `SystemCaptchaLibraries` (
  `sclHandle` varchar(64) NOT NULL,
  `sclName` varchar(255) DEFAULT NULL,
  `sclIsActive` int(1) NOT NULL DEFAULT '0',
  `pkgID` int(10) unsigned NOT NULL DEFAULT '0',
  PRIMARY KEY (`sclHandle`)
) ENGINE=InnoDB DEFAULT CHARSET=utf8;

INSERT INTO SystemCaptchaLibraries VALUES('securimage','SecurImage (Default)',1,0);

DROP TABLE IF EXISTS SystemNotifications;

CREATE TABLE IF NOT EXISTS `SystemNotifications` (
  `snID` int(10) unsigned NOT NULL AUTO_INCREMENT,
  `snTypeID` int(3) unsigned NOT NULL DEFAULT '0',
  `snURL` text,
  `snURL2` text,
  `snDateTime` datetime NOT NULL,
  `snIsArchived` int(1) NOT NULL DEFAULT '0',
  `snIsNew` int(1) NOT NULL DEFAULT '0',
  `snTitle` varchar(255) DEFAULT NULL,
  `snDescription` text,
  `snBody` text,
  PRIMARY KEY (`snID`)
) ENGINE=InnoDB DEFAULT CHARSET=utf8;



DROP TABLE IF EXISTS UserAttributeKeys;

CREATE TABLE IF NOT EXISTS `UserAttributeKeys` (
  `akID` int(10) unsigned NOT NULL,
  `uakProfileDisplay` tinyint(1) NOT NULL DEFAULT '0',
  `uakMemberListDisplay` tinyint(1) NOT NULL DEFAULT '0',
  `uakProfileEdit` tinyint(1) NOT NULL DEFAULT '1',
  `uakProfileEditRequired` tinyint(1) NOT NULL DEFAULT '0',
  `uakRegisterEdit` tinyint(1) NOT NULL DEFAULT '0',
  `uakRegisterEditRequired` tinyint(1) NOT NULL DEFAULT '0',
  `displayOrder` int(10) unsigned DEFAULT '0',
  `uakIsActive` tinyint(1) NOT NULL DEFAULT '1',
  PRIMARY KEY (`akID`)
) ENGINE=InnoDB DEFAULT CHARSET=utf8;

INSERT INTO UserAttributeKeys VALUES(10,0,0,1,0,1,0,1,1)
 ,(11,0,0,1,0,1,0,2,1);

DROP TABLE IF EXISTS UserAttributeValues;

CREATE TABLE IF NOT EXISTS `UserAttributeValues` (
  `uID` int(10) unsigned NOT NULL DEFAULT '0',
  `akID` int(10) unsigned NOT NULL DEFAULT '0',
  `avID` int(10) unsigned NOT NULL DEFAULT '0',
  PRIMARY KEY (`uID`,`akID`,`avID`)
) ENGINE=InnoDB DEFAULT CHARSET=utf8;



DROP TABLE IF EXISTS UserBannedIPs;

CREATE TABLE IF NOT EXISTS `UserBannedIPs` (
  `ipFrom` int(10) unsigned NOT NULL DEFAULT '0',
  `ipTo` int(10) unsigned NOT NULL DEFAULT '0',
  `banCode` int(1) unsigned NOT NULL DEFAULT '1',
  `expires` int(10) unsigned NOT NULL DEFAULT '0',
  `isManual` int(1) NOT NULL DEFAULT '0',
  PRIMARY KEY (`ipFrom`,`ipTo`),
  KEY `ipFrom` (`ipFrom`),
  KEY `ipTo` (`ipTo`)
) ENGINE=InnoDB DEFAULT CHARSET=utf8;



DROP TABLE IF EXISTS UserGroups;

CREATE TABLE IF NOT EXISTS `UserGroups` (
  `uID` int(10) unsigned NOT NULL DEFAULT '0',
  `gID` int(10) unsigned NOT NULL DEFAULT '0',
  `ugEntered` datetime NOT NULL DEFAULT '0000-00-00 00:00:00',
  `type` varchar(64) DEFAULT NULL,
  PRIMARY KEY (`uID`,`gID`),
  KEY `uID` (`uID`),
  KEY `gID` (`gID`)
) ENGINE=InnoDB DEFAULT CHARSET=utf8;



DROP TABLE IF EXISTS UserOpenIDs;

CREATE TABLE IF NOT EXISTS `UserOpenIDs` (
  `uID` int(10) unsigned NOT NULL,
  `uOpenID` varchar(255) NOT NULL,
  PRIMARY KEY (`uOpenID`),
  KEY `uID` (`uID`)
) ENGINE=InnoDB DEFAULT CHARSET=utf8;



DROP TABLE IF EXISTS UserPermissionAssignGroupAccessList;

CREATE TABLE IF NOT EXISTS `UserPermissionAssignGroupAccessList` (
  `paID` int(10) unsigned NOT NULL DEFAULT '0',
  `peID` int(10) unsigned NOT NULL DEFAULT '0',
  `permission` varchar(1) NOT NULL DEFAULT '1',
  PRIMARY KEY (`paID`,`peID`)
) ENGINE=InnoDB DEFAULT CHARSET=utf8;



DROP TABLE IF EXISTS UserPermissionAssignGroupAccessListCustom;

CREATE TABLE IF NOT EXISTS `UserPermissionAssignGroupAccessListCustom` (
  `paID` int(10) unsigned NOT NULL DEFAULT '0',
  `peID` int(10) unsigned NOT NULL DEFAULT '0',
  `gID` int(10) unsigned NOT NULL DEFAULT '0',
  PRIMARY KEY (`paID`,`peID`,`gID`)
) ENGINE=InnoDB DEFAULT CHARSET=utf8;



DROP TABLE IF EXISTS UserPermissionEditPropertyAccessList;

CREATE TABLE IF NOT EXISTS `UserPermissionEditPropertyAccessList` (
  `paID` int(10) unsigned NOT NULL DEFAULT '0',
  `peID` int(10) unsigned NOT NULL DEFAULT '0',
  `uName` int(1) unsigned DEFAULT '0',
  `uEmail` int(1) unsigned DEFAULT '0',
  `uPassword` int(1) unsigned DEFAULT '0',
  `uAvatar` int(1) unsigned DEFAULT '0',
  `uTimezone` int(1) unsigned DEFAULT '0',
  `uDefaultLanguage` int(1) unsigned DEFAULT '0',
  `attributePermission` varchar(1) NOT NULL DEFAULT '1',
  PRIMARY KEY (`paID`,`peID`)
) ENGINE=InnoDB DEFAULT CHARSET=utf8;



DROP TABLE IF EXISTS UserPermissionEditPropertyAttributeAccessListCustom;

CREATE TABLE IF NOT EXISTS `UserPermissionEditPropertyAttributeAccessListCustom` (
  `paID` int(10) unsigned NOT NULL DEFAULT '0',
  `peID` int(10) unsigned NOT NULL DEFAULT '0',
  `akID` int(10) unsigned NOT NULL DEFAULT '0',
  PRIMARY KEY (`paID`,`peID`,`akID`)
) ENGINE=InnoDB DEFAULT CHARSET=utf8;



DROP TABLE IF EXISTS UserPermissionUserSearchAccessList;

CREATE TABLE IF NOT EXISTS `UserPermissionUserSearchAccessList` (
  `paID` int(10) unsigned NOT NULL DEFAULT '0',
  `peID` int(10) unsigned NOT NULL DEFAULT '0',
  `permission` varchar(1) NOT NULL DEFAULT '1',
  PRIMARY KEY (`paID`,`peID`)
) ENGINE=InnoDB DEFAULT CHARSET=utf8;



DROP TABLE IF EXISTS UserPermissionUserSearchAccessListCustom;

CREATE TABLE IF NOT EXISTS `UserPermissionUserSearchAccessListCustom` (
  `paID` int(10) unsigned NOT NULL DEFAULT '0',
  `peID` int(10) unsigned NOT NULL DEFAULT '0',
  `gID` int(10) unsigned NOT NULL DEFAULT '0',
  PRIMARY KEY (`paID`,`peID`,`gID`)
) ENGINE=InnoDB DEFAULT CHARSET=utf8;



DROP TABLE IF EXISTS UserPermissionViewAttributeAccessList;

CREATE TABLE IF NOT EXISTS `UserPermissionViewAttributeAccessList` (
  `paID` int(10) unsigned NOT NULL DEFAULT '0',
  `peID` int(10) unsigned NOT NULL DEFAULT '0',
  `permission` varchar(1) NOT NULL DEFAULT '1',
  PRIMARY KEY (`paID`,`peID`)
) ENGINE=InnoDB DEFAULT CHARSET=utf8;



DROP TABLE IF EXISTS UserPermissionViewAttributeAccessListCustom;

CREATE TABLE IF NOT EXISTS `UserPermissionViewAttributeAccessListCustom` (
  `paID` int(10) unsigned NOT NULL DEFAULT '0',
  `peID` int(10) unsigned NOT NULL DEFAULT '0',
  `akID` int(10) unsigned NOT NULL DEFAULT '0',
  PRIMARY KEY (`paID`,`peID`,`akID`)
) ENGINE=InnoDB DEFAULT CHARSET=utf8;



DROP TABLE IF EXISTS UserPointHistory;

CREATE TABLE IF NOT EXISTS `UserPointHistory` (
  `upID` int(11) NOT NULL AUTO_INCREMENT,
  `upuID` int(11) NOT NULL DEFAULT '0',
  `upaID` int(11) DEFAULT '0',
  `upPoints` int(11) DEFAULT '0',
  `timestamp` timestamp NOT NULL DEFAULT CURRENT_TIMESTAMP ON UPDATE CURRENT_TIMESTAMP,
  PRIMARY KEY (`upID`)
) ENGINE=InnoDB DEFAULT CHARSET=utf8;



DROP TABLE IF EXISTS UserPrivateMessages;

CREATE TABLE IF NOT EXISTS `UserPrivateMessages` (
  `msgID` int(10) unsigned NOT NULL AUTO_INCREMENT,
  `uAuthorID` int(10) unsigned NOT NULL DEFAULT '0',
  `msgDateCreated` datetime NOT NULL,
  `msgSubject` varchar(255) NOT NULL,
  `msgBody` text,
  `uToID` int(10) unsigned NOT NULL DEFAULT '0',
  PRIMARY KEY (`msgID`)
) ENGINE=InnoDB DEFAULT CHARSET=utf8;



DROP TABLE IF EXISTS UserPrivateMessagesTo;

CREATE TABLE IF NOT EXISTS `UserPrivateMessagesTo` (
  `msgID` int(10) unsigned NOT NULL DEFAULT '0',
  `uID` int(10) unsigned NOT NULL DEFAULT '0',
  `uAuthorID` int(10) unsigned NOT NULL DEFAULT '0',
  `msgMailboxID` int(11) NOT NULL,
  `msgIsNew` int(1) NOT NULL DEFAULT '0',
  `msgIsUnread` int(1) NOT NULL DEFAULT '0',
  `msgIsReplied` int(1) NOT NULL DEFAULT '0',
  PRIMARY KEY (`msgID`,`uID`,`uAuthorID`),
  KEY `uID` (`uID`),
  KEY `uAuthorID` (`uAuthorID`),
  KEY `msgFolderID` (`msgMailboxID`),
  KEY `msgIsNew` (`msgIsNew`)
) ENGINE=InnoDB DEFAULT CHARSET=utf8;



DROP TABLE IF EXISTS UserSearchIndexAttributes;

CREATE TABLE IF NOT EXISTS `UserSearchIndexAttributes` (
  `uID` int(11) unsigned NOT NULL DEFAULT '0',
  `ak_profile_private_messages_enabled` tinyint(4) DEFAULT '0',
  `ak_profile_private_messages_notification_enabled` tinyint(4) DEFAULT '0',
  PRIMARY KEY (`uID`)
) ENGINE=InnoDB DEFAULT CHARSET=utf8;



DROP TABLE IF EXISTS UserValidationHashes;

CREATE TABLE IF NOT EXISTS `UserValidationHashes` (
  `uvhID` int(10) unsigned NOT NULL AUTO_INCREMENT,
  `uID` int(10) unsigned DEFAULT NULL,
  `uHash` varchar(64) NOT NULL,
  `type` int(4) unsigned NOT NULL DEFAULT '0',
  `uDateGenerated` int(10) unsigned NOT NULL DEFAULT '0',
  `uDateRedeemed` int(10) unsigned NOT NULL DEFAULT '0',
  PRIMARY KEY (`uvhID`)
) ENGINE=InnoDB AUTO_INCREMENT=3 DEFAULT CHARSET=utf8;

INSERT INTO UserValidationHashes VALUES(2,1,'7qrQOcH8cRv8',1,1388618194,0);

DROP TABLE IF EXISTS Users;

CREATE TABLE IF NOT EXISTS `Users` (
  `uID` int(10) unsigned NOT NULL AUTO_INCREMENT,
  `uName` varchar(64) NOT NULL,
  `uEmail` varchar(64) NOT NULL,
  `uPassword` varchar(255) NOT NULL,
  `uIsActive` varchar(1) NOT NULL DEFAULT '0',
  `uIsValidated` tinyint(4) NOT NULL DEFAULT '-1',
  `uIsFullRecord` tinyint(1) NOT NULL DEFAULT '1',
  `uDateAdded` datetime NOT NULL DEFAULT '0000-00-00 00:00:00',
  `uHasAvatar` tinyint(1) NOT NULL DEFAULT '0',
  `uLastOnline` int(10) unsigned NOT NULL DEFAULT '0',
  `uLastLogin` int(10) unsigned NOT NULL DEFAULT '0',
  `uLastIP` bigint(10) NOT NULL DEFAULT '0',
  `uPreviousLogin` int(10) unsigned NOT NULL DEFAULT '0',
  `uNumLogins` int(10) unsigned NOT NULL DEFAULT '0',
  `uTimezone` varchar(255) DEFAULT NULL,
  `uDefaultLanguage` varchar(32) DEFAULT NULL,
  PRIMARY KEY (`uID`),
  UNIQUE KEY `uName` (`uName`)
) ENGINE=InnoDB AUTO_INCREMENT=2 DEFAULT CHARSET=utf8;

INSERT INTO Users VALUES(1,'admin','maritz.hans@gmail.com','d5b4c9e7f3fedee8ac54361ef4542b6f','1',-1,1,'2013-11-22 09:17:16',0,1388619732,1388618858,1702302660,1385652173,6,NULL,NULL);

DROP TABLE IF EXISTS UsersFriends;

CREATE TABLE IF NOT EXISTS `UsersFriends` (
  `ufID` int(10) unsigned NOT NULL AUTO_INCREMENT,
  `uID` int(10) unsigned DEFAULT NULL,
  `status` varchar(64) NOT NULL,
  `friendUID` int(10) unsigned DEFAULT NULL,
  `uDateAdded` datetime NOT NULL DEFAULT '0000-00-00 00:00:00',
  PRIMARY KEY (`ufID`)
) ENGINE=InnoDB DEFAULT CHARSET=utf8;



DROP TABLE IF EXISTS WorkflowProgress;

CREATE TABLE IF NOT EXISTS `WorkflowProgress` (
  `wpID` int(10) unsigned NOT NULL AUTO_INCREMENT,
  `wpCategoryID` int(10) unsigned DEFAULT NULL,
  `wfID` int(10) unsigned NOT NULL DEFAULT '0',
  `wpApproved` tinyint(1) NOT NULL DEFAULT '0',
  `wpDateAdded` datetime DEFAULT NULL,
  `wpDateLastAction` datetime DEFAULT NULL,
  `wpCurrentStatus` int(10) NOT NULL DEFAULT '0',
  `wrID` int(1) NOT NULL DEFAULT '0',
  `wpIsCompleted` tinyint(1) NOT NULL DEFAULT '0',
  PRIMARY KEY (`wpID`),
  KEY `wrID` (`wrID`),
  KEY `wpIsCompleted` (`wpIsCompleted`)
) ENGINE=InnoDB AUTO_INCREMENT=6 DEFAULT CHARSET=utf8;



DROP TABLE IF EXISTS WorkflowProgressCategories;

CREATE TABLE IF NOT EXISTS `WorkflowProgressCategories` (
  `wpCategoryID` int(10) unsigned NOT NULL AUTO_INCREMENT,
  `wpCategoryHandle` varchar(255) NOT NULL,
  `pkgID` int(10) unsigned DEFAULT NULL,
  PRIMARY KEY (`wpCategoryID`)
) ENGINE=InnoDB AUTO_INCREMENT=4 DEFAULT CHARSET=utf8;

INSERT INTO WorkflowProgressCategories VALUES(1,'page',NULL)
 ,(2,'file',NULL)
 ,(3,'user',NULL);

DROP TABLE IF EXISTS WorkflowProgressHistory;

CREATE TABLE IF NOT EXISTS `WorkflowProgressHistory` (
  `wphID` int(10) unsigned NOT NULL AUTO_INCREMENT,
  `wpID` int(10) unsigned NOT NULL DEFAULT '0',
  `timestamp` timestamp NOT NULL DEFAULT CURRENT_TIMESTAMP ON UPDATE CURRENT_TIMESTAMP,
  `object` text,
  PRIMARY KEY (`wphID`)
) ENGINE=InnoDB AUTO_INCREMENT=39 DEFAULT CHARSET=utf8;

INSERT INTO WorkflowProgressHistory VALUES(1,1,'2013-11-22 20:22:15','O:30:\"ApprovePagePageWorkflowRequest\":8:{s:14:\"\0*\0wrStatusNum\";i:30;s:12:\"\0*\0currentWP\";N;s:6:\"\0*\0uID\";s:1:\"1\";s:5:\"error\";s:0:\"\";s:4:\"pkID\";s:2:\"13\";s:3:\"cID\";s:1:\"1\";s:4:\"cvID\";s:1:\"2\";s:4:\"wrID\";s:1:\"1\";}')
 ,(2,2,'2013-11-22 20:53:51','O:30:\"ApprovePagePageWorkflowRequest\":8:{s:14:\"\0*\0wrStatusNum\";i:30;s:12:\"\0*\0currentWP\";N;s:6:\"\0*\0uID\";s:1:\"1\";s:5:\"error\";s:0:\"\";s:4:\"pkID\";s:2:\"13\";s:3:\"cID\";s:3:\"123\";s:4:\"cvID\";s:1:\"1\";s:4:\"wrID\";s:1:\"2\";}')
 ,(3,3,'2013-11-22 20:54:53','O:29:\"DeletePagePageWorkflowRequest\":7:{s:14:\"\0*\0wrStatusNum\";i:100;s:12:\"\0*\0currentWP\";N;s:6:\"\0*\0uID\";s:1:\"1\";s:5:\"error\";s:0:\"\";s:4:\"pkID\";s:2:\"11\";s:3:\"cID\";s:3:\"123\";s:4:\"wrID\";s:1:\"3\";}')
 ,(4,4,'2013-11-23 00:43:35','O:30:\"ApprovePagePageWorkflowRequest\":8:{s:14:\"\0*\0wrStatusNum\";i:30;s:12:\"\0*\0currentWP\";N;s:6:\"\0*\0uID\";s:1:\"1\";s:5:\"error\";s:0:\"\";s:4:\"pkID\";s:2:\"13\";s:3:\"cID\";s:3:\"124\";s:4:\"cvID\";s:1:\"1\";s:4:\"wrID\";s:1:\"4\";}')
 ,(5,5,'2013-11-23 00:48:26','O:30:\"ApprovePagePageWorkflowRequest\":8:{s:14:\"\0*\0wrStatusNum\";i:30;s:12:\"\0*\0currentWP\";N;s:6:\"\0*\0uID\";s:1:\"1\";s:5:\"error\";s:0:\"\";s:4:\"pkID\";s:2:\"13\";s:3:\"cID\";s:3:\"125\";s:4:\"cvID\";s:1:\"1\";s:4:\"wrID\";s:1:\"5\";}')
 ,(6,6,'2013-11-23 00:48:50','O:30:\"ApprovePagePageWorkflowRequest\":8:{s:14:\"\0*\0wrStatusNum\";i:30;s:12:\"\0*\0currentWP\";N;s:6:\"\0*\0uID\";s:1:\"1\";s:5:\"error\";s:0:\"\";s:4:\"pkID\";s:2:\"13\";s:3:\"cID\";s:3:\"126\";s:4:\"cvID\";s:1:\"1\";s:4:\"wrID\";s:1:\"6\";}')
 ,(7,7,'2013-11-23 01:49:54','O:30:\"ApprovePagePageWorkflowRequest\":8:{s:14:\"\0*\0wrStatusNum\";i:30;s:12:\"\0*\0currentWP\";N;s:6:\"\0*\0uID\";s:1:\"1\";s:5:\"error\";s:0:\"\";s:4:\"pkID\";s:2:\"13\";s:3:\"cID\";s:3:\"124\";s:4:\"cvID\";s:1:\"2\";s:4:\"wrID\";s:1:\"7\";}')
 ,(8,8,'2013-11-23 02:54:15','O:30:\"ApprovePagePageWorkflowRequest\":8:{s:14:\"\0*\0wrStatusNum\";i:30;s:12:\"\0*\0currentWP\";N;s:6:\"\0*\0uID\";s:1:\"1\";s:5:\"error\";s:0:\"\";s:4:\"pkID\";s:2:\"13\";s:3:\"cID\";s:1:\"1\";s:4:\"cvID\";s:1:\"3\";s:4:\"wrID\";s:1:\"8\";}')
 ,(9,9,'2013-11-25 01:25:07','O:30:\"ApprovePagePageWorkflowRequest\":8:{s:14:\"\0*\0wrStatusNum\";i:30;s:12:\"\0*\0currentWP\";N;s:6:\"\0*\0uID\";s:1:\"1\";s:5:\"error\";s:0:\"\";s:4:\"pkID\";s:2:\"13\";s:3:\"cID\";s:3:\"124\";s:4:\"cvID\";s:1:\"3\";s:4:\"wrID\";s:1:\"9\";}')
 ,(10,10,'2013-11-25 02:51:40','O:30:\"ApprovePagePageWorkflowRequest\":8:{s:14:\"\0*\0wrStatusNum\";i:30;s:12:\"\0*\0currentWP\";N;s:6:\"\0*\0uID\";s:1:\"1\";s:5:\"error\";s:0:\"\";s:4:\"pkID\";s:2:\"13\";s:3:\"cID\";s:3:\"125\";s:4:\"cvID\";s:1:\"2\";s:4:\"wrID\";s:2:\"10\";}')
 ,(11,11,'2013-11-25 03:00:23','O:30:\"ApprovePagePageWorkflowRequest\":8:{s:14:\"\0*\0wrStatusNum\";i:30;s:12:\"\0*\0currentWP\";N;s:6:\"\0*\0uID\";s:1:\"1\";s:5:\"error\";s:0:\"\";s:4:\"pkID\";s:2:\"13\";s:3:\"cID\";s:3:\"130\";s:4:\"cvID\";s:1:\"1\";s:4:\"wrID\";s:2:\"11\";}')
 ,(12,12,'2013-11-25 03:06:39','O:30:\"ApprovePagePageWorkflowRequest\":8:{s:14:\"\0*\0wrStatusNum\";i:30;s:12:\"\0*\0currentWP\";N;s:6:\"\0*\0uID\";s:1:\"1\";s:5:\"error\";s:0:\"\";s:4:\"pkID\";s:2:\"13\";s:3:\"cID\";s:3:\"130\";s:4:\"cvID\";s:1:\"2\";s:4:\"wrID\";s:2:\"12\";}')
 ,(13,13,'2013-11-25 03:29:03','O:30:\"ApprovePagePageWorkflowRequest\":8:{s:14:\"\0*\0wrStatusNum\";i:30;s:12:\"\0*\0currentWP\";N;s:6:\"\0*\0uID\";s:1:\"1\";s:5:\"error\";s:0:\"\";s:4:\"pkID\";s:2:\"13\";s:3:\"cID\";s:3:\"130\";s:4:\"cvID\";s:1:\"3\";s:4:\"wrID\";s:2:\"13\";}')
 ,(14,1,'2013-11-25 19:14:57','O:30:\"ApprovePagePageWorkflowRequest\":8:{s:14:\"\0*\0wrStatusNum\";i:30;s:12:\"\0*\0currentWP\";N;s:6:\"\0*\0uID\";s:1:\"1\";s:5:\"error\";s:0:\"\";s:4:\"pkID\";s:2:\"13\";s:3:\"cID\";s:3:\"132\";s:4:\"cvID\";s:1:\"1\";s:4:\"wrID\";s:1:\"1\";}')
 ,(15,2,'2013-11-25 19:32:15','O:30:\"ApprovePagePageWorkflowRequest\":8:{s:14:\"\0*\0wrStatusNum\";i:30;s:12:\"\0*\0currentWP\";N;s:6:\"\0*\0uID\";s:1:\"1\";s:5:\"error\";s:0:\"\";s:4:\"pkID\";s:2:\"13\";s:3:\"cID\";s:3:\"132\";s:4:\"cvID\";s:1:\"2\";s:4:\"wrID\";s:1:\"2\";}')
 ,(16,3,'2013-11-25 20:18:52','O:30:\"ApprovePagePageWorkflowRequest\":8:{s:14:\"\0*\0wrStatusNum\";i:30;s:12:\"\0*\0currentWP\";N;s:6:\"\0*\0uID\";s:1:\"1\";s:5:\"error\";s:0:\"\";s:4:\"pkID\";s:2:\"13\";s:3:\"cID\";s:3:\"132\";s:4:\"cvID\";s:1:\"3\";s:4:\"wrID\";s:1:\"3\";}')
 ,(17,1,'2013-11-29 03:00:37','O:30:\"ApprovePagePageWorkflowRequest\":8:{s:14:\"\0*\0wrStatusNum\";i:30;s:12:\"\0*\0currentWP\";N;s:6:\"\0*\0uID\";s:1:\"1\";s:5:\"error\";s:0:\"\";s:4:\"pkID\";s:2:\"13\";s:3:\"cID\";s:3:\"132\";s:4:\"cvID\";s:1:\"4\";s:4:\"wrID\";s:1:\"1\";}')
 ,(18,2,'2013-11-29 03:03:55','O:30:\"ApprovePagePageWorkflowRequest\":8:{s:14:\"\0*\0wrStatusNum\";i:30;s:12:\"\0*\0currentWP\";N;s:6:\"\0*\0uID\";s:1:\"1\";s:5:\"error\";s:0:\"\";s:4:\"pkID\";s:2:\"13\";s:3:\"cID\";s:3:\"124\";s:4:\"cvID\";s:1:\"4\";s:4:\"wrID\";s:1:\"2\";}')
 ,(19,3,'2013-11-29 03:09:45','O:30:\"ApprovePagePageWorkflowRequest\":8:{s:14:\"\0*\0wrStatusNum\";i:30;s:12:\"\0*\0currentWP\";N;s:6:\"\0*\0uID\";s:1:\"1\";s:5:\"error\";s:0:\"\";s:4:\"pkID\";s:2:\"13\";s:3:\"cID\";s:3:\"132\";s:4:\"cvID\";s:1:\"5\";s:4:\"wrID\";s:1:\"3\";}')
 ,(20,4,'2013-11-29 03:10:02','O:30:\"ApprovePagePageWorkflowRequest\":8:{s:14:\"\0*\0wrStatusNum\";i:30;s:12:\"\0*\0currentWP\";N;s:6:\"\0*\0uID\";s:1:\"1\";s:5:\"error\";s:0:\"\";s:4:\"pkID\";s:2:\"13\";s:3:\"cID\";s:3:\"126\";s:4:\"cvID\";s:1:\"2\";s:4:\"wrID\";s:1:\"4\";}')
 ,(21,1,'2013-12-01 18:05:26','O:30:\"ApprovePagePageWorkflowRequest\":8:{s:14:\"\0*\0wrStatusNum\";i:30;s:12:\"\0*\0currentWP\";N;s:6:\"\0*\0uID\";s:1:\"1\";s:5:\"error\";s:0:\"\";s:4:\"pkID\";s:2:\"13\";s:3:\"cID\";s:1:\"1\";s:4:\"cvID\";s:1:\"4\";s:4:\"wrID\";s:1:\"1\";}')
 ,(22,1,'2013-12-04 05:12:01','O:30:\"ApprovePagePageWorkflowRequest\":8:{s:14:\"\0*\0wrStatusNum\";i:30;s:12:\"\0*\0currentWP\";N;s:6:\"\0*\0uID\";s:1:\"1\";s:5:\"error\";s:0:\"\";s:4:\"pkID\";s:2:\"13\";s:3:\"cID\";s:1:\"1\";s:4:\"cvID\";s:1:\"5\";s:4:\"wrID\";s:1:\"1\";}')
 ,(23,2,'2013-12-04 05:21:09','O:30:\"ApprovePagePageWorkflowRequest\":8:{s:14:\"\0*\0wrStatusNum\";i:30;s:12:\"\0*\0currentWP\";N;s:6:\"\0*\0uID\";s:1:\"1\";s:5:\"error\";s:0:\"\";s:4:\"pkID\";s:2:\"13\";s:3:\"cID\";s:1:\"1\";s:4:\"cvID\";s:1:\"6\";s:4:\"wrID\";s:1:\"2\";}')
 ,(24,3,'2013-12-04 05:21:35','O:30:\"ApprovePagePageWorkflowRequest\":8:{s:14:\"\0*\0wrStatusNum\";i:30;s:12:\"\0*\0currentWP\";N;s:6:\"\0*\0uID\";s:1:\"1\";s:5:\"error\";s:0:\"\";s:4:\"pkID\";s:2:\"13\";s:3:\"cID\";s:1:\"1\";s:4:\"cvID\";s:1:\"4\";s:4:\"wrID\";s:1:\"3\";}')
 ,(25,1,'2013-12-10 00:57:35','O:30:\"ApprovePagePageWorkflowRequest\":8:{s:14:\"\0*\0wrStatusNum\";i:30;s:12:\"\0*\0currentWP\";N;s:6:\"\0*\0uID\";s:1:\"1\";s:5:\"error\";s:0:\"\";s:4:\"pkID\";s:2:\"13\";s:3:\"cID\";s:3:\"124\";s:4:\"cvID\";s:1:\"5\";s:4:\"wrID\";s:1:\"1\";}')
 ,(26,2,'2013-12-10 01:07:20','O:30:\"ApprovePagePageWorkflowRequest\":8:{s:14:\"\0*\0wrStatusNum\";i:30;s:12:\"\0*\0currentWP\";N;s:6:\"\0*\0uID\";s:1:\"1\";s:5:\"error\";s:0:\"\";s:4:\"pkID\";s:2:\"13\";s:3:\"cID\";s:1:\"1\";s:4:\"cvID\";s:1:\"5\";s:4:\"wrID\";s:1:\"2\";}')
 ,(27,1,'2013-12-11 16:57:14','O:30:\"ApprovePagePageWorkflowRequest\":8:{s:14:\"\0*\0wrStatusNum\";i:30;s:12:\"\0*\0currentWP\";N;s:6:\"\0*\0uID\";s:1:\"1\";s:5:\"error\";s:0:\"\";s:4:\"pkID\";s:2:\"13\";s:3:\"cID\";s:3:\"125\";s:4:\"cvID\";s:1:\"3\";s:4:\"wrID\";s:1:\"1\";}')
 ,(28,2,'2013-12-11 17:09:46','O:30:\"ApprovePagePageWorkflowRequest\":8:{s:14:\"\0*\0wrStatusNum\";i:30;s:12:\"\0*\0currentWP\";N;s:6:\"\0*\0uID\";s:1:\"1\";s:5:\"error\";s:0:\"\";s:4:\"pkID\";s:2:\"13\";s:3:\"cID\";s:3:\"125\";s:4:\"cvID\";s:1:\"4\";s:4:\"wrID\";s:1:\"2\";}')
 ,(29,3,'2013-12-12 03:14:11','O:30:\"ApprovePagePageWorkflowRequest\":8:{s:14:\"\0*\0wrStatusNum\";i:30;s:12:\"\0*\0currentWP\";N;s:6:\"\0*\0uID\";s:1:\"1\";s:5:\"error\";s:0:\"\";s:4:\"pkID\";s:2:\"13\";s:3:\"cID\";s:3:\"125\";s:4:\"cvID\";s:1:\"5\";s:4:\"wrID\";s:1:\"3\";}')
 ,(30,4,'2013-12-12 03:55:36','O:30:\"ApprovePagePageWorkflowRequest\":8:{s:14:\"\0*\0wrStatusNum\";i:30;s:12:\"\0*\0currentWP\";N;s:6:\"\0*\0uID\";s:1:\"1\";s:5:\"error\";s:0:\"\";s:4:\"pkID\";s:2:\"13\";s:3:\"cID\";s:3:\"125\";s:4:\"cvID\";s:1:\"6\";s:4:\"wrID\";s:1:\"4\";}')
 ,(31,5,'2013-12-12 04:05:03','O:30:\"ApprovePagePageWorkflowRequest\":8:{s:14:\"\0*\0wrStatusNum\";i:30;s:12:\"\0*\0currentWP\";N;s:6:\"\0*\0uID\";s:1:\"1\";s:5:\"error\";s:0:\"\";s:4:\"pkID\";s:2:\"13\";s:3:\"cID\";s:3:\"132\";s:4:\"cvID\";s:1:\"6\";s:4:\"wrID\";s:1:\"5\";}')
 ,(32,6,'2013-12-12 04:06:14','O:30:\"ApprovePagePageWorkflowRequest\":8:{s:14:\"\0*\0wrStatusNum\";i:30;s:12:\"\0*\0currentWP\";N;s:6:\"\0*\0uID\";s:1:\"1\";s:5:\"error\";s:0:\"\";s:4:\"pkID\";s:2:\"13\";s:3:\"cID\";s:3:\"126\";s:4:\"cvID\";s:1:\"3\";s:4:\"wrID\";s:1:\"6\";}')
 ,(33,7,'2013-12-12 04:12:42','O:30:\"ApprovePagePageWorkflowRequest\":8:{s:14:\"\0*\0wrStatusNum\";i:30;s:12:\"\0*\0currentWP\";N;s:6:\"\0*\0uID\";s:1:\"1\";s:5:\"error\";s:0:\"\";s:4:\"pkID\";s:2:\"13\";s:3:\"cID\";s:3:\"132\";s:4:\"cvID\";s:1:\"7\";s:4:\"wrID\";s:1:\"7\";}')
 ,(34,1,'2013-12-12 03:34:42','O:30:\"ApprovePagePageWorkflowRequest\":8:{s:14:\"\0*\0wrStatusNum\";i:30;s:12:\"\0*\0currentWP\";N;s:6:\"\0*\0uID\";s:1:\"1\";s:5:\"error\";s:0:\"\";s:4:\"pkID\";s:2:\"13\";s:3:\"cID\";s:3:\"126\";s:4:\"cvID\";s:1:\"4\";s:4:\"wrID\";s:1:\"1\";}')
 ,(35,2,'2013-12-12 03:51:40','O:30:\"ApprovePagePageWorkflowRequest\":8:{s:14:\"\0*\0wrStatusNum\";i:30;s:12:\"\0*\0currentWP\";N;s:6:\"\0*\0uID\";s:1:\"1\";s:5:\"error\";s:0:\"\";s:4:\"pkID\";s:2:\"13\";s:3:\"cID\";s:3:\"132\";s:4:\"cvID\";s:1:\"8\";s:4:\"wrID\";s:1:\"2\";}')
 ,(36,3,'2013-12-16 19:55:22','O:30:\"ApprovePagePageWorkflowRequest\":8:{s:14:\"\0*\0wrStatusNum\";i:30;s:12:\"\0*\0currentWP\";N;s:6:\"\0*\0uID\";s:1:\"1\";s:5:\"error\";s:0:\"\";s:4:\"pkID\";s:2:\"13\";s:3:\"cID\";s:3:\"125\";s:4:\"cvID\";s:1:\"7\";s:4:\"wrID\";s:1:\"3\";}')
 ,(37,4,'2013-12-16 19:57:50','O:30:\"ApprovePagePageWorkflowRequest\":8:{s:14:\"\0*\0wrStatusNum\";i:30;s:12:\"\0*\0currentWP\";N;s:6:\"\0*\0uID\";s:1:\"1\";s:5:\"error\";s:0:\"\";s:4:\"pkID\";s:2:\"13\";s:3:\"cID\";s:3:\"125\";s:4:\"cvID\";s:1:\"8\";s:4:\"wrID\";s:1:\"4\";}')
 ,(38,5,'2014-01-01 23:28:45','O:30:\"ApprovePagePageWorkflowRequest\":8:{s:14:\"\0*\0wrStatusNum\";i:30;s:12:\"\0*\0currentWP\";N;s:6:\"\0*\0uID\";s:1:\"1\";s:5:\"error\";s:0:\"\";s:4:\"pkID\";s:2:\"13\";s:3:\"cID\";s:1:\"1\";s:4:\"cvID\";s:1:\"6\";s:4:\"wrID\";s:1:\"5\";}');

DROP TABLE IF EXISTS WorkflowRequestObjects;

CREATE TABLE IF NOT EXISTS `WorkflowRequestObjects` (
  `wrID` int(10) unsigned NOT NULL AUTO_INCREMENT,
  `wrObject` text,
  PRIMARY KEY (`wrID`)
) ENGINE=InnoDB AUTO_INCREMENT=6 DEFAULT CHARSET=utf8;



DROP TABLE IF EXISTS WorkflowTypes;

CREATE TABLE IF NOT EXISTS `WorkflowTypes` (
  `wftID` int(10) unsigned NOT NULL AUTO_INCREMENT,
  `wftHandle` varchar(64) NOT NULL,
  `wftName` varchar(128) NOT NULL,
  `pkgID` int(10) unsigned NOT NULL DEFAULT '0',
  PRIMARY KEY (`wftID`)
) ENGINE=InnoDB AUTO_INCREMENT=2 DEFAULT CHARSET=utf8;

INSERT INTO WorkflowTypes VALUES(1,'basic','Basic Workflow',0);

DROP TABLE IF EXISTS Workflows;

CREATE TABLE IF NOT EXISTS `Workflows` (
  `wfID` int(10) unsigned NOT NULL AUTO_INCREMENT,
  `wfName` varchar(255) DEFAULT NULL,
  `wftID` int(10) unsigned NOT NULL DEFAULT '0',
  PRIMARY KEY (`wfID`),
  UNIQUE KEY `wfName` (`wfName`)
) ENGINE=InnoDB DEFAULT CHARSET=utf8;



DROP TABLE IF EXISTS atAddress;

CREATE TABLE IF NOT EXISTS `atAddress` (
  `avID` int(10) unsigned NOT NULL DEFAULT '0',
  `address1` varchar(255) DEFAULT NULL,
  `address2` varchar(255) DEFAULT NULL,
  `city` varchar(255) DEFAULT NULL,
  `state_province` varchar(255) DEFAULT NULL,
  `country` varchar(4) DEFAULT NULL,
  `postal_code` varchar(32) DEFAULT NULL,
  PRIMARY KEY (`avID`)
) ENGINE=InnoDB DEFAULT CHARSET=utf8;



DROP TABLE IF EXISTS atAddressCustomCountries;

CREATE TABLE IF NOT EXISTS `atAddressCustomCountries` (
  `atAddressCustomCountryID` int(10) unsigned NOT NULL AUTO_INCREMENT,
  `akID` int(10) unsigned NOT NULL DEFAULT '0',
  `country` varchar(5) NOT NULL,
  PRIMARY KEY (`atAddressCustomCountryID`)
) ENGINE=InnoDB DEFAULT CHARSET=utf8;



DROP TABLE IF EXISTS atAddressSettings;

CREATE TABLE IF NOT EXISTS `atAddressSettings` (
  `akID` int(10) unsigned NOT NULL DEFAULT '0',
  `akHasCustomCountries` int(1) NOT NULL DEFAULT '0',
  `akDefaultCountry` varchar(12) DEFAULT NULL,
  PRIMARY KEY (`akID`)
) ENGINE=InnoDB DEFAULT CHARSET=utf8;



DROP TABLE IF EXISTS atBoolean;

CREATE TABLE IF NOT EXISTS `atBoolean` (
  `avID` int(10) unsigned NOT NULL,
  `value` tinyint(1) NOT NULL DEFAULT '0',
  PRIMARY KEY (`avID`)
) ENGINE=InnoDB DEFAULT CHARSET=utf8;

INSERT INTO atBoolean VALUES(20,1)
 ,(31,1)
 ,(34,1)
 ,(64,1)
 ,(65,1)
 ,(68,1)
 ,(69,1)
 ,(75,1)
 ,(108,1)
 ,(117,1)
 ,(118,1)
 ,(119,1);

DROP TABLE IF EXISTS atBooleanSettings;

CREATE TABLE IF NOT EXISTS `atBooleanSettings` (
  `akID` int(10) unsigned NOT NULL,
  `akCheckedByDefault` tinyint(1) NOT NULL DEFAULT '0',
  PRIMARY KEY (`akID`)
) ENGINE=InnoDB DEFAULT CHARSET=utf8;

INSERT INTO atBooleanSettings VALUES(5,0)
 ,(6,0)
 ,(8,0)
 ,(9,0)
 ,(10,1)
 ,(11,1);

DROP TABLE IF EXISTS atDateTime;

CREATE TABLE IF NOT EXISTS `atDateTime` (
  `avID` int(10) unsigned NOT NULL,
  `value` datetime DEFAULT '0000-00-00 00:00:00',
  PRIMARY KEY (`avID`)
) ENGINE=InnoDB DEFAULT CHARSET=utf8;



DROP TABLE IF EXISTS atDateTimeSettings;

CREATE TABLE IF NOT EXISTS `atDateTimeSettings` (
  `akID` int(10) unsigned NOT NULL,
  `akDateDisplayMode` varchar(255) DEFAULT NULL,
  PRIMARY KEY (`akID`)
) ENGINE=InnoDB DEFAULT CHARSET=utf8;



DROP TABLE IF EXISTS atDefault;

CREATE TABLE IF NOT EXISTS `atDefault` (
  `avID` int(10) unsigned NOT NULL,
  `value` longtext,
  PRIMARY KEY (`avID`)
) ENGINE=InnoDB DEFAULT CHARSET=utf8;

INSERT INTO atDefault VALUES(1,'blog, blogging')
 ,(2,'icon-book')
 ,(3,'new blog, write blog, blogging')
 ,(4,'icon-pencil')
 ,(5,'blog drafts, composer')
 ,(6,'icon-book')
 ,(7,'pages, add page, delete page, copy, move, alias')
 ,(8,'pages, add page, delete page, copy, move, alias')
 ,(9,'icon-home')
 ,(10,'pages, add page, delete page, copy, move, alias, bulk')
 ,(11,'icon-road')
 ,(12,'find page, search page, search, find, pages, sitemap')
 ,(13,'icon-search')
 ,(14,'add file, delete file, copy, move, alias, resize, crop, rename, images, title, attribute')
 ,(15,'icon-picture')
 ,(16,'file, file attributes, title, attribute, description, rename')
 ,(17,'icon-cog')
 ,(18,'files, category, categories')
 ,(19,'icon-list-alt')
 ,(21,'new file set')
 ,(22,'icon-plus-sign')
 ,(23,'users, groups, people, find, delete user, remove user, change password, password')
 ,(24,'find, search, people, delete user, remove user, change password, password')
 ,(25,'icon-user')
 ,(26,'user, group, people, permissions, access, expire')
 ,(27,'icon-globe')
 ,(28,'user attributes, user data, gather data, registration data')
 ,(29,'icon-cog')
 ,(30,'new user, create')
 ,(32,'icon-plus-sign')
 ,(33,'new user group, new group, group, create')
 ,(35,'icon-plus')
 ,(36,'group set')
 ,(37,'icon-list')
 ,(38,'forms, log, error, email, mysql, exception, survey')
 ,(39,'hits, pageviews, visitors, activity')
 ,(40,'icon-signal')
 ,(41,'forms, questions, response, data')
 ,(42,'icon-briefcase')
 ,(43,'questions, quiz, response')
 ,(44,'icon-tasks')
 ,(45,'forms, log, error, email, mysql, exception, survey, history')
 ,(46,'icon-time')
 ,(47,'new theme, theme, active theme, change theme, template, css')
 ,(48,'icon-font')
 ,(49,'theme')
 ,(50,'page types')
 ,(51,'custom theme, change theme, custom css, css')
 ,(52,'page type defaults, global block, global area, starter, template')
 ,(53,'icon-file')
 ,(54,'page attributes, custom')
 ,(55,'icon-cog')
 ,(56,'single, page, custom, application')
 ,(57,'icon-wrench')
 ,(58,'add workflow, remove workflow')
 ,(59,'icon-list')
 ,(60,'icon-user')
 ,(61,'stacks, reusable content, scrapbook, copy, paste, paste block, copy block, site name, logo')
 ,(62,'icon-th')
 ,(63,'icon-lock')
 ,(66,'block, refresh, custom')
 ,(67,'icon-wrench')
 ,(70,'add-on, addon, ecommerce, install, discussions, forums, themes, templates, blocks')
 ,(71,'update, upgrade')
 ,(72,'concrete5.org, my account, marketplace')
 ,(73,'buy theme, new theme, marketplace, template')
 ,(74,'buy addon, buy add on, buy add-on, purchase addon, purchase add on, purchase add-on, find addon, new addon, marketplace')
 ,(76,'website name, title')
 ,(77,'logo, favicon, iphone, icon, bookmark')
 ,(78,'tinymce, content block, fonts, editor, content, overlay')
 ,(79,'translate, translation, internationalization, multilingual')
 ,(80,'timezone, profile, locale')
 ,(81,'interface, quick nav, dashboard background, background image')
 ,(82,'vanity, pretty url, seo, pageview, view')
 ,(83,'bulk, seo, change keywords, engine, optimization, search')
 ,(84,'traffic, statistics, google analytics, quant, pageviews, hits')
 ,(85,'pretty, slug')
 ,(86,'turn off statistics, tracking, statistics, pageviews, hits')
 ,(87,'configure search, site search, search option')
 ,(88,'cache option, change cache, override, turn on cache, turn off cache, no cache, page cache, caching')
 ,(89,'cache option, turn off cache, no cache, page cache, caching')
 ,(90,'index search, reindex search, build sitemap, sitemap.xml, clear old versions, page versions, remove old')
 ,(91,'editors, hide site, offline, private, public, access')
 ,(92,'file options, file manager, upload, modify')
 ,(93,'security, files, media, extension, manager, upload')
 ,(94,'security, actions, administrator, admin, package, marketplace, search')
 ,(95,'security, lock ip, lock out, block ip, address, restrict, access')
 ,(96,'security, registration')
 ,(97,'antispam, block spam, security')
 ,(98,'lock site, under construction, hide, hidden')
 ,(99,'profile, login, redirect, specific, dashboard, administrators')
 ,(100,'member profile, member page, community, forums, social, avatar')
 ,(101,'signup, new user, community')
 ,(102,'smtp, mail settings')
 ,(103,'email server, mail settings, mail configuration, external, internal')
 ,(104,'email server, mail settings, mail configuration, private message, message system, import, email, message')
 ,(105,'attribute configuration')
 ,(106,'attributes, sets')
 ,(107,'attributes, types')
 ,(109,'overrides, system info, debug, support, help')
 ,(110,'errors, exceptions, develop, support, help')
 ,(111,'email, logging, logs, smtp, pop, errors, mysql, log')
 ,(112,'security, alternate storage, hide files')
 ,(113,'network, proxy server')
 ,(114,'export, backup, database, sql, mysql, encryption, restore')
 ,(115,'upgrade, new version, update')
 ,(116,'export, database, xml, starting, points, schema, refresh, custom, tables');

DROP TABLE IF EXISTS atFile;

CREATE TABLE IF NOT EXISTS `atFile` (
  `avID` int(10) unsigned NOT NULL,
  `fID` int(10) unsigned NOT NULL,
  PRIMARY KEY (`avID`)
) ENGINE=InnoDB DEFAULT CHARSET=utf8;



DROP TABLE IF EXISTS atNumber;

CREATE TABLE IF NOT EXISTS `atNumber` (
  `avID` int(10) unsigned NOT NULL,
  `value` decimal(14,4) DEFAULT '0.0000',
  PRIMARY KEY (`avID`)
) ENGINE=InnoDB DEFAULT CHARSET=utf8;

INSERT INTO atNumber VALUES(120,3192.0000)
 ,(121,1064.0000)
 ,(122,1521.0000)
 ,(123,528.0000)
 ,(124,1520.0000)
 ,(125,518.0000)
 ,(126,3192.0000)
 ,(127,1064.0000)
 ,(128,1521.0000)
 ,(129,528.0000)
 ,(130,1520.0000)
 ,(131,518.0000)
 ,(132,960.0000)
 ,(133,259.0000)
 ,(134,600.0000)
 ,(135,900.0000)
 ,(136,0.0000)
 ,(137,0.0000)
 ,(138,600.0000)
 ,(139,900.0000)
 ,(140,600.0000)
 ,(141,900.0000)
 ,(142,600.0000)
 ,(143,900.0000)
 ,(144,600.0000)
 ,(145,900.0000)
 ,(146,221.0000)
 ,(147,871.0000)
 ,(148,221.0000)
 ,(149,871.0000)
 ,(150,2201.0000)
 ,(151,1485.0000)
 ,(152,1300.0000)
 ,(153,541.0000)
 ,(154,1300.0000)
 ,(155,512.0000)
 ,(156,2201.0000)
 ,(157,1485.0000)
 ,(158,1300.0000)
 ,(159,721.0000)
 ,(160,2201.0000)
 ,(161,1485.0000)
 ,(162,1185.0000)
 ,(163,556.0000)
 ,(164,1168.0000)
 ,(165,578.0000)
 ,(166,1345.0000)
 ,(167,558.0000)
 ,(168,600.0000)
 ,(169,900.0000)
 ,(170,246.0000)
 ,(171,840.0000)
 ,(172,600.0000)
 ,(173,900.0000)
 ,(174,247.0000)
 ,(175,845.0000)
 ,(176,232.0000)
 ,(177,843.0000)
 ,(178,239.0000)
 ,(179,869.0000)
 ,(180,239.0000)
 ,(181,869.0000)
 ,(182,233.0000)
 ,(183,854.0000);

DROP TABLE IF EXISTS atSelectOptions;

CREATE TABLE IF NOT EXISTS `atSelectOptions` (
  `ID` int(10) unsigned NOT NULL AUTO_INCREMENT,
  `akID` int(10) unsigned DEFAULT NULL,
  `value` varchar(255) DEFAULT NULL,
  `displayOrder` int(10) unsigned DEFAULT NULL,
  `isEndUserAdded` tinyint(1) NOT NULL DEFAULT '0',
  PRIMARY KEY (`ID`)
) ENGINE=InnoDB DEFAULT CHARSET=utf8;



DROP TABLE IF EXISTS atSelectOptionsSelected;

CREATE TABLE IF NOT EXISTS `atSelectOptionsSelected` (
  `avID` int(10) unsigned NOT NULL,
  `atSelectOptionID` int(10) unsigned NOT NULL,
  PRIMARY KEY (`avID`,`atSelectOptionID`)
) ENGINE=InnoDB DEFAULT CHARSET=utf8;



DROP TABLE IF EXISTS atSelectSettings;

CREATE TABLE IF NOT EXISTS `atSelectSettings` (
  `akID` int(10) unsigned NOT NULL,
  `akSelectAllowMultipleValues` tinyint(1) NOT NULL DEFAULT '0',
  `akSelectOptionDisplayOrder` varchar(255) NOT NULL DEFAULT 'display_asc',
  `akSelectAllowOtherValues` tinyint(1) NOT NULL DEFAULT '0',
  PRIMARY KEY (`akID`)
) ENGINE=InnoDB DEFAULT CHARSET=utf8;



DROP TABLE IF EXISTS atTextareaSettings;

CREATE TABLE IF NOT EXISTS `atTextareaSettings` (
  `akID` int(10) unsigned NOT NULL DEFAULT '0',
  `akTextareaDisplayMode` varchar(255) DEFAULT NULL,
  PRIMARY KEY (`akID`)
) ENGINE=InnoDB DEFAULT CHARSET=utf8;

INSERT INTO atTextareaSettings VALUES(2,'')
 ,(3,'')
 ,(4,'')
 ,(7,'');

DROP TABLE IF EXISTS btBasicTest;

CREATE TABLE IF NOT EXISTS `btBasicTest` (
  `bID` int(10) unsigned NOT NULL,
  `content` longtext,
  PRIMARY KEY (`bID`)
) ENGINE=InnoDB DEFAULT CHARSET=utf8;

INSERT INTO btBasicTest VALUES(29,'Hello Worlds')
 ,(30,'Hello Worlds')
 ,(33,'Hello Worlds')
 ,(40,'Hello Worlds')
 ,(41,'Hello Worlds');

DROP TABLE IF EXISTS btContentFile;

CREATE TABLE IF NOT EXISTS `btContentFile` (
  `bID` int(10) unsigned NOT NULL,
  `fID` int(10) unsigned DEFAULT NULL,
  `fileLinkText` varchar(255) DEFAULT NULL,
  `filePassword` varchar(255) DEFAULT NULL,
  PRIMARY KEY (`bID`)
) ENGINE=InnoDB DEFAULT CHARSET=utf8;



DROP TABLE IF EXISTS btContentImage;

CREATE TABLE IF NOT EXISTS `btContentImage` (
  `bID` int(10) unsigned NOT NULL,
  `fID` int(10) unsigned DEFAULT '0',
  `fOnstateID` int(10) unsigned DEFAULT '0',
  `maxWidth` int(10) unsigned DEFAULT '0',
  `maxHeight` int(10) unsigned DEFAULT '0',
  `externalLink` varchar(255) DEFAULT NULL,
  `internalLinkCID` int(10) unsigned DEFAULT '0',
  `forceImageToMatchDimensions` int(10) unsigned DEFAULT '0',
  `altText` varchar(255) DEFAULT NULL,
  PRIMARY KEY (`bID`)
) ENGINE=InnoDB DEFAULT CHARSET=utf8;



DROP TABLE IF EXISTS btContentLocal;

CREATE TABLE IF NOT EXISTS `btContentLocal` (
  `bID` int(10) unsigned NOT NULL,
  `content` longtext,
  PRIMARY KEY (`bID`)
) ENGINE=InnoDB DEFAULT CHARSET=utf8;

INSERT INTO btContentLocal VALUES(1,'	<div id=\"newsflow-header-first-run\"><h1>Welcome to concrete5.</h1>\n						<h2>It\'s easy to edit content and add pages using in-context editing.</h2></div>\n						')
 ,(2,'<div class=\"newsflow-column-first-run\">\n							<h3>Building Your Own Site</h3>\n							<p>Editing with concrete5 is a breeze. Just point and click to make changes.</p>\n							<br/>\n							<p><a href=\"javascript:void(0)\" onclick=\"ccm_getNewsflowByPath(\'/welcome/editors\')\" class=\"btn primary\">Editor\'s Guide</a></p>\n							</div>')
 ,(3,'<div class=\"newsflow-column-first-run\">\n							<h3>Developing Applications</h3>\n							<p>If youre comfortable in PHP concrete5 should be a breeze to learn. Take a few moments to understand the architecture.</p>\n							<p><a href=\"javascript:void(0)\" onclick=\"ccm_getNewsflowByPath(\'/welcome/developers\')\" class=\"btn primary\">Developer\'s Guide</a></p>\n							</div>')
 ,(4,'<div class=\"newsflow-column-first-run\">\n							<h3>Designing Websites</h3>\n							<p>Good with CSS and HTML? You can easily theme anything with concrete5.</p>\n							<br/>\n							<p><a href=\"javascript:void(0)\" onclick=\"ccm_getNewsflowByPath(\'/welcome/designers\')\" class=\"btn primary\">Designer\'s Guide</a></p>\n							</div>')
 ,(5,'\n						<div class=\"newsflow-column-first-run\">\n						<h3>Business Background</h3>\n						<p>Worried about license structures, white-labeling or why concrete5 is a good choice for your agency?</p>\n						<p><a href=\"javascript:void(0)\" onclick=\"ccm_getNewsflowByPath(\'/welcome/executives\')\" class=\"btn primary\">Executive\'s Guide</a></p>\n						</div>')
 ,(13,'<div id=\"welcome\">\r\n<p>We believe we can make a difference in your personal and financial life. As the leaders in All-of-Life Financial Care we create lifelong financial blueprints - a tailored personal investment strategy leading the way to financial security. Our All-of-Life approach, expert advisers and unique financial strategy converts confusion into knowledge, opportunity into success, and commitment into absolute trust. Give us the opportunity to sit down with you and show you how.</p>\r\n</div>')
 ,(15,'<h1>Insurance, Estate Planning</h1>\r\n<p>Senior Risk Adviser Chris Davis is head of the risk management team at Lawler Financial Services.</p>\r\n<p>Chris completed a Bachelor of Commerce at The University of Newcastle in 1997 and since then has worked in the financial services industry in both Sydney and Newcastle, joining Lawler Financial Services in 2006. He has a Diploma in Financial Planning, is a Life Risk Specialist with the Financial Planning Association of Australia (FPA) and is an authorised representative of Securitor Financial Group Ltd. <br /><br />\'Appropriate insurance protection forms the foundation for a clients financial future,\' he says, \'and implementing long-term sustainable risk insurance protection forms a critical part of the overall service package that our clients receive.\'</p>\r\n<p><br />Chris enjoys spending time with his young family and is a passionate surfer who is often spotted at Merewether Beach.</p>\r\n<p></p>\r\n<h1>Professional Snapshot</h1>\r\n<p>ASIC authorised representative identification number: <strong>321627</strong></p>\r\n<p>Authorised by Securitor to provide Financial Services including advice under Securitors licence on the following financial products:</p>\r\n<ul>\r\n<li>Managed investments</li>\r\n<li>Superannuation</li>\r\n<li>Personal insurance.</li>\r\n</ul>\r\n<p>Not authorised to provide advice, services or products (but can provide a referral) in:</p>\r\n<ul>\r\n<li>Mortgage broking</li>\r\n<li>Finance broking</li>\r\n<li>Shares</li>\r\n<li>Self Managed Superannuation Funds  investment advice only (including advice to establish an SMSF).</li>\r\n</ul>\r\n<div id=\"sub-content-sidebar\">\r\n<div class=\"module contact-details\">\r\n<h2>Contact Information</h2>\r\n<ul>\r\n<li>(02) 4928 7000</li>\r\n</ul>\r\n</div>\r\n</div>')
 ,(16,'<p>Navbar grey on hover.</p>\r\n<p>LinkedIn on navbar</p>\r\n<p>Homepage section buttons: gray, darker gray on hover. Text: dark grey (same style as cur selected)</p>\r\n<p>Links: purple</p>\r\n<p>Footer: same as old one + securitor with link to disclaimer + privacy policy + legals. Minus top two sections + style of uppermost.</p>\r\n<p></p>\r\n<p>Content </p>')
 ,(17,'<p>Navbar grey on hover.</p>\r\n<p>Services navbar dropdown on hover, goto on click.</p>\r\n<p>LinkedIn on navbar</p>\r\n<p>Homepage section buttons: gray, darker gray on hover. Text: dark grey (same style as cur selected)</p>\r\n<p>Links: purple</p>\r\n<p>Footer: same as old one + securitor with link to disclaimer + privacy policy + legals. Minus top two sections + style of uppermost.</p>\r\n<p>Official font: Dax, Verdana ....</p>\r\n<p>Content div to bottom of viewport</p>\r\n<p>News auto link to new news posts</p>\r\n<p>Use current highlight images on current site. (lawlerfs.com.au)</p>\r\n<p></p>\r\n<p><strong>Services</strong>:</p>\r\n<p>Current sites services intro.</p>\r\n<p><strong>People:</strong></p>\r\n<p>Spotlight on select + Name and surname under person. Background? White, alpha/</p>\r\n<p>Person: Individual page for each person. Easily add a person. Convert video for all browsers?</p>\r\n<p>50%-50% addressx3 (Newcastle sydney tamworth) | gmaps</p>\r\n<p>full width \"Send an enquiry\" + reCaptha + Input Forms (Also config email address to: reception@lawlerfs.com.au)</p>\r\n<p>News page (Dedicated account for news page)</p>\r\n<p></p>')
 ,(18,'<div class=\"intro\">\r\n<p>A Lawler Financial Services investment strategy is unique to your circumstances and aims to suit your lifestyle goals. We focus on your needs and helping you achieve your financial objectives through our tailored financial strategies, comprehensive range of services, educational opportunities and trusted professional partnerships.</p>\r\n</div>')
 ,(19,'<p><span style=\"text-decoration: line-through;\">Navbar grey on hover.</span></p>\r\n<p><span style=\"text-decoration: line-through;\">Services navbar dropdown on hover</span>, goto on click.</p>\r\n<p><span style=\"text-decoration: line-through;\">LinkedIn on navbar</span></p>\r\n<p><span style=\"text-decoration: line-through;\">Homepage section buttons: gray, darker gray on hover. Text: dark grey (same style as cur selected)</span></p>\r\n<p><span style=\"text-decoration: line-through;\">Links: purple</span></p>\r\n<p>Footer: same as old one + securitor with link to disclaimer + privacy policy + legals. Minus top two sections + style of uppermost.</p>\r\n<p>Official font: Dax, Verdana ....</p>\r\n<p><span style=\"text-decoration: line-through;\">Content div to bottom of viewport</span></p>\r\n<p>News auto link to new news posts</p>\r\n<p>Use current highlight images on current site. (lawlerfs.com.au)</p>\r\n<p></p>\r\n<p><strong>Services</strong>:</p>\r\n<p><span style=\"text-decoration: line-through;\">Current sites services intro.</span></p>\r\n<p><strong>People:</strong></p>\r\n<p>Spotlight on select + Name and surname under person. Background? White, alpha/</p>\r\n<p>Person: Individual page for each person. Easily add a person. Convert video for all browsers?</p>\r\n<p>50%-50% addressx3 (Newcastle sydney tamworth) | gmaps</p>\r\n<p>full width \"Send an enquiry\" + reCaptha + Input Forms (Also config email address to: reception@lawlerfs.com.au)</p>\r\n<p>News page (Dedicated account for news page)</p>\r\n<p></p>')
 ,(20,'<p><span style=\"text-decoration: line-through;\">Navbar grey on hover.</span></p>\r\n<p><span style=\"text-decoration: line-through;\">Services navbar dropdown on hover, </span>goto on click.</p>\r\n<p><span style=\"text-decoration: line-through;\">LinkedIn on navbar</span></p>\r\n<p><span style=\"text-decoration: line-through;\">Homepage section buttons: gray, darker gray on hover. Text: dark grey (same style as cur selected)</span></p>\r\n<p><span style=\"text-decoration: line-through;\">Links: purple</span></p>\r\n<p>Footer: same as old one + securitor with link to disclaimer + privacy policy + legals. Minus top two sections + style of uppermost.</p>\r\n<p>Official font: Dax, Verdana ....</p>\r\n<p><span style=\"text-decoration: line-through;\">Content div to bottom of viewport</span></p>\r\n<p>News auto link to new news posts</p>\r\n<p>Use current highlight images on current site. (lawlerfs.com.au)</p>\r\n<p></p>\r\n<p><strong>Services</strong>:</p>\r\n<p><span style=\"text-decoration: line-through;\">Current sites services intro.</span></p>\r\n<p><strong>People:</strong></p>\r\n<p>Spotlight on select + Name and surname under person. Background? White, alpha/</p>\r\n<p>Person: Individual page for each person. Easily add a person. Convert video for all browsers?</p>\r\n<p>50%-50% addressx3 (Newcastle sydney tamworth) | gmaps</p>\r\n<p>full width \"Send an enquiry\" + reCaptha + Input Forms (Also config email address to: reception@lawlerfs.com.au)</p>\r\n<p>News page (Dedicated account for news page)</p>\r\n<p></p>')
 ,(22,'<p>A Lawler Financial Services investment strategy is unique to your circumstances and aims to suit your lifestyle goals. We focus on your needs and helping you achieve your financial objectives through our tailored financial strategies, comprehensive range of services, educational opportunities and trusted professional partnerships.</p>')
 ,(24,'<p><strong>Branch:</strong></p>\r\n<p>Tel:</p>\r\n<p>email:</p>\r\n<p><strong>Branch:</strong></p>\r\n<p>Tel:</p>\r\n<p>email:</p>')
 ,(25,'<p>Disclaimer</p>\r\n<p></p>')
 ,(32,'<p>Our team...</p>')
 ,(34,'<p><span style=\"text-decoration: line-through;\">Navbar grey on hover.</span></p>\r\n<p><span style=\"text-decoration: line-through;\">Services navbar dropdown on hover, </span>goto on click.</p>\r\n<p><span style=\"text-decoration: line-through;\">LinkedIn on navbar</span></p>\r\n<p><span style=\"text-decoration: line-through;\">Homepage section buttons: gray, darker gray on hover. Text: dark grey (same style as cur selected)</span></p>\r\n<p><span style=\"text-decoration: line-through;\">Links: purple</span></p>\r\n<p>Footer: <span style=\"text-decoration: line-through;\">same as old one</span> + securitor with link to disclaimer + privacy policy + legals. <span style=\"text-decoration: line-through;\">Minus top two sections + style of uppermost.</span></p>\r\n<p><span style=\"text-decoration: line-through;\">Official font: Dax, Verdana ....</span></p>\r\n<p><span style=\"text-decoration: line-through;\">Content div to bottom of viewport</span></p>\r\n<p>News auto link to new news posts</p>\r\n<p>Use current highlight images on current site. (lawlerfs.com.au)</p>\r\n<p></p>\r\n<p><strong>Services</strong>:</p>\r\n<p><span style=\"text-decoration: line-through;\">Current sites services intro.</span></p>\r\n<p><strong>People:</strong></p>\r\n<p>Spotlight on select + Name and surname under person. Background? White, alpha/</p>\r\n<p>Person: Individual page for each person. Easily add a person. Convert video for all browsers?</p>\r\n<p>50%-50% addressx3 (Newcastle sydney tamworth) | gmaps</p>\r\n<p>full width \"Send an enquiry\" + reCaptha + Input Forms (Also config email address to: reception@lawlerfs.com.au)</p>\r\n<p>News page (Dedicated account for news page)</p>\r\n<p></p>')
 ,(37,'<p><span style=\"text-decoration: line-through;\">Navbar grey on hover.</span></p>\r\n<p><span style=\"text-decoration: line-through;\">Services navbar dropdown on hover, </span><span style=\"text-decoration: line-through;\">goto on click.</span></p>\r\n<p><span style=\"text-decoration: line-through;\">LinkedIn on navbar</span></p>\r\n<p><span style=\"text-decoration: line-through;\">Homepage section buttons: gray, darker gray on hover. Text: dark grey (same style as cur selected)</span></p>\r\n<p><span style=\"text-decoration: line-through;\">Links: purple</span></p>\r\n<p>Footer: <span style=\"text-decoration: line-through;\">same as old one</span> + securitor with link to disclaimer + privacy policy + legals. <span style=\"text-decoration: line-through;\">Minus top two sections + style of uppermost.</span></p>\r\n<p><span style=\"text-decoration: line-through;\">Official font: Dax, Verdana ....</span></p>\r\n<p><span style=\"text-decoration: line-through;\">Content div to bottom of viewport</span></p>\r\n<p>News auto link to new news posts</p>\r\n<p>Use current highlight images on current site. (lawlerfs.com.au)</p>\r\n<p></p>\r\n<p><strong>Services</strong>:</p>\r\n<p><span style=\"text-decoration: line-through;\">Current sites services intro.</span></p>\r\n<p><strong>People:</strong></p>\r\n<p>Spotlight on select + Name and surname under person. Background? White, alpha/</p>\r\n<p>Person: Individual page for each person. Easily add a person. Convert video for all browsers?</p>\r\n<p>50%-50% addressx3 (Newcastle sydney tamworth) | gmaps</p>\r\n<p>full width \"Send an enquiry\" + reCaptha + Input Forms (Also config email address to: reception@lawlerfs.com.au)</p>\r\n<p>News page (Dedicated account for news page)</p>\r\n<p></p>')
 ,(38,'<p></p>\r\n<p>Newcastle...</p>')
 ,(39,'<p><span style=\"text-decoration: line-through;\">Navbar grey on hover.</span></p>\r\n<p><span style=\"text-decoration: line-through;\">Services navbar dropdown on hover, </span><span style=\"text-decoration: line-through;\">goto on click.</span></p>\r\n<p><span style=\"text-decoration: line-through;\">LinkedIn on navbar</span></p>\r\n<p><span style=\"text-decoration: line-through;\">Homepage section buttons: gray, darker gray on hover. Text: dark grey (same style as cur selected)</span></p>\r\n<p><span style=\"text-decoration: line-through;\">Links: purple</span></p>\r\n<p>Footer: <span style=\"text-decoration: line-through;\">same as old one</span> + securitor with link to disclaimer + privacy policy + legals. <span style=\"text-decoration: line-through;\">Minus top two sections + style of uppermost.</span></p>\r\n<p><span style=\"text-decoration: line-through;\">Official font: Dax, Verdana ....</span></p>\r\n<p><span style=\"text-decoration: line-through;\">Content div to bottom of viewport</span></p>\r\n<p>News auto link to new news posts</p>\r\n<p>Use current highlight images on current site. (lawlerfs.com.au)</p>\r\n<p></p>\r\n<p><strong>Services</strong>:</p>\r\n<p><span style=\"text-decoration: line-through;\">Current sites services intro.</span></p>\r\n<p><strong>People:</strong></p>\r\n<p>Spotlight on hover + popup on select + Name and surname under person. Background? Solid/image/radial?</p>\r\n<p>Person: Individual page for each person. Easily add a person. Convert video for all browsers?</p>\r\n<p>50%-50% addressx3 (Newcastle sydney tamworth) | gmaps</p>\r\n<p>full width \"Send an enquiry\" + reCaptha + Input Forms (Also config email address to: reception@lawlerfs.com.au)</p>\r\n<p>News page (Dedicated account for news page)</p>\r\n<p></p>')
 ,(42,'<p>We believe we can make a difference in your personal and financial life. As the leaders in All-of-Life Financial Care we create lifelong financial blueprints - a tailored personal investment strategy leading the way to financial security. Our All-of-Life approach, expert advisers and unique financial strategy converts confusion into knowledge, opportunity into success, and commitment into absolute trust. Give us the opportunity to sit down with you and show you how.</p>');

DROP TABLE IF EXISTS btCoreScrapbookDisplay;

CREATE TABLE IF NOT EXISTS `btCoreScrapbookDisplay` (
  `bID` int(10) unsigned NOT NULL,
  `bOriginalID` int(10) unsigned NOT NULL,
  PRIMARY KEY (`bID`),
  KEY `bOriginalID` (`bOriginalID`)
) ENGINE=InnoDB DEFAULT CHARSET=utf8;



DROP TABLE IF EXISTS btCoreStackDisplay;

CREATE TABLE IF NOT EXISTS `btCoreStackDisplay` (
  `bID` int(10) unsigned NOT NULL,
  `stID` int(10) unsigned NOT NULL,
  PRIMARY KEY (`bID`)
) ENGINE=InnoDB DEFAULT CHARSET=utf8;



DROP TABLE IF EXISTS btDashboardNewsflowLatest;

CREATE TABLE IF NOT EXISTS `btDashboardNewsflowLatest` (
  `bID` int(10) unsigned NOT NULL,
  `slot` varchar(1) NOT NULL,
  PRIMARY KEY (`bID`)
) ENGINE=InnoDB DEFAULT CHARSET=utf8;

INSERT INTO btDashboardNewsflowLatest VALUES(8,'A')
 ,(9,'B')
 ,(12,'C');

DROP TABLE IF EXISTS btDateNav;

CREATE TABLE IF NOT EXISTS `btDateNav` (
  `bID` int(10) unsigned NOT NULL,
  `num` smallint(5) unsigned NOT NULL,
  `cParentID` int(10) unsigned NOT NULL DEFAULT '1',
  `cThis` tinyint(3) unsigned NOT NULL DEFAULT '0',
  `ctID` smallint(5) unsigned DEFAULT NULL,
  `flatDisplay` int(11) DEFAULT '0',
  `defaultNode` varchar(64) DEFAULT 'current_page',
  `truncateTitles` int(11) DEFAULT '0',
  `truncateSummaries` int(11) DEFAULT '0',
  `displayFeaturedOnly` int(11) DEFAULT '0',
  `truncateChars` int(11) DEFAULT '128',
  `truncateTitleChars` int(11) DEFAULT '128',
  `showDescriptions` int(11) DEFAULT '0',
  PRIMARY KEY (`bID`)
) ENGINE=InnoDB DEFAULT CHARSET=utf8;



DROP TABLE IF EXISTS btExternalForm;

CREATE TABLE IF NOT EXISTS `btExternalForm` (
  `bID` int(10) unsigned NOT NULL,
  `filename` varchar(128) DEFAULT NULL,
  PRIMARY KEY (`bID`)
) ENGINE=InnoDB DEFAULT CHARSET=utf8;



DROP TABLE IF EXISTS btFlashContent;

CREATE TABLE IF NOT EXISTS `btFlashContent` (
  `bID` int(10) unsigned NOT NULL,
  `fID` int(10) unsigned DEFAULT NULL,
  `quality` varchar(255) DEFAULT NULL,
  `minVersion` varchar(255) DEFAULT NULL,
  PRIMARY KEY (`bID`)
) ENGINE=InnoDB DEFAULT CHARSET=utf8;



DROP TABLE IF EXISTS btForm;

CREATE TABLE IF NOT EXISTS `btForm` (
  `bID` int(10) unsigned NOT NULL,
  `questionSetId` int(10) unsigned DEFAULT '0',
  `surveyName` varchar(255) DEFAULT NULL,
  `thankyouMsg` text,
  `notifyMeOnSubmission` tinyint(3) unsigned NOT NULL DEFAULT '0',
  `recipientEmail` varchar(255) DEFAULT NULL,
  `displayCaptcha` int(11) DEFAULT '1',
  `redirectCID` int(11) DEFAULT '0',
  `addFilesToSet` int(11) DEFAULT '0',
  PRIMARY KEY (`bID`),
  KEY `questionSetIdForeign` (`questionSetId`)
) ENGINE=InnoDB DEFAULT CHARSET=utf8;



DROP TABLE IF EXISTS btFormAnswerSet;

CREATE TABLE IF NOT EXISTS `btFormAnswerSet` (
  `asID` int(10) unsigned NOT NULL AUTO_INCREMENT,
  `questionSetId` int(10) unsigned DEFAULT '0',
  `created` timestamp NOT NULL DEFAULT CURRENT_TIMESTAMP ON UPDATE CURRENT_TIMESTAMP,
  `uID` int(10) unsigned DEFAULT '0',
  PRIMARY KEY (`asID`),
  KEY `questionSetId` (`questionSetId`)
) ENGINE=InnoDB DEFAULT CHARSET=utf8;



DROP TABLE IF EXISTS btFormAnswers;

CREATE TABLE IF NOT EXISTS `btFormAnswers` (
  `aID` int(10) unsigned NOT NULL AUTO_INCREMENT,
  `asID` int(10) unsigned DEFAULT '0',
  `msqID` int(10) unsigned DEFAULT '0',
  `answer` varchar(255) DEFAULT NULL,
  `answerLong` text,
  PRIMARY KEY (`aID`)
) ENGINE=InnoDB DEFAULT CHARSET=utf8;



DROP TABLE IF EXISTS btFormQuestions;

CREATE TABLE IF NOT EXISTS `btFormQuestions` (
  `qID` int(10) unsigned NOT NULL AUTO_INCREMENT,
  `msqID` int(10) unsigned DEFAULT '0',
  `bID` int(10) unsigned DEFAULT '0',
  `questionSetId` int(10) unsigned DEFAULT '0',
  `question` varchar(255) DEFAULT NULL,
  `inputType` varchar(255) DEFAULT NULL,
  `options` text,
  `position` int(10) unsigned DEFAULT '1000',
  `width` int(10) unsigned DEFAULT '50',
  `height` int(10) unsigned DEFAULT '3',
  `required` int(11) DEFAULT '0',
  PRIMARY KEY (`qID`),
  KEY `questionSetId` (`questionSetId`),
  KEY `msqID` (`msqID`)
) ENGINE=InnoDB AUTO_INCREMENT=2 DEFAULT CHARSET=utf8;

INSERT INTO btFormQuestions VALUES(1,1,0,1386689614,'wdaawd','field','',0,50,3,0);

DROP TABLE IF EXISTS btGoogleMap;

CREATE TABLE IF NOT EXISTS `btGoogleMap` (
  `bID` int(10) unsigned NOT NULL,
  `title` varchar(255) DEFAULT NULL,
  `location` varchar(255) DEFAULT NULL,
  `latitude` double DEFAULT NULL,
  `longitude` double DEFAULT NULL,
  `zoom` int(8) DEFAULT NULL,
  PRIMARY KEY (`bID`)
) ENGINE=InnoDB DEFAULT CHARSET=utf8;

INSERT INTO btGoogleMap VALUES(35,'','Ground Floor, 134 King Street Newcastle NSW 2300',-32.9273466,151.7784544,14);

DROP TABLE IF EXISTS btGuestBook;

CREATE TABLE IF NOT EXISTS `btGuestBook` (
  `bID` int(10) unsigned NOT NULL,
  `requireApproval` int(11) DEFAULT '0',
  `title` varchar(100) DEFAULT 'Comments',
  `dateFormat` varchar(100) DEFAULT NULL,
  `displayGuestBookForm` int(11) DEFAULT '1',
  `displayCaptcha` int(11) DEFAULT '1',
  `authenticationRequired` int(11) DEFAULT '0',
  `notifyEmail` varchar(100) DEFAULT NULL,
  PRIMARY KEY (`bID`)
) ENGINE=InnoDB DEFAULT CHARSET=utf8;



DROP TABLE IF EXISTS btGuestBookEntries;

CREATE TABLE IF NOT EXISTS `btGuestBookEntries` (
  `bID` int(11) DEFAULT NULL,
  `cID` int(11) DEFAULT '1',
  `entryID` int(11) NOT NULL AUTO_INCREMENT,
  `uID` int(11) DEFAULT '0',
  `commentText` longtext,
  `user_name` varchar(100) DEFAULT NULL,
  `user_email` varchar(100) DEFAULT NULL,
  `entryDate` timestamp NOT NULL DEFAULT CURRENT_TIMESTAMP ON UPDATE CURRENT_TIMESTAMP,
  `approved` int(11) DEFAULT '1',
  PRIMARY KEY (`entryID`),
  KEY `cID` (`cID`)
) ENGINE=InnoDB DEFAULT CHARSET=utf8;



DROP TABLE IF EXISTS btNavigation;

CREATE TABLE IF NOT EXISTS `btNavigation` (
  `bID` int(10) unsigned NOT NULL,
  `orderBy` varchar(255) DEFAULT 'alpha_asc',
  `displayPages` varchar(255) DEFAULT 'top',
  `displayPagesCID` int(10) unsigned NOT NULL DEFAULT '1',
  `displayPagesIncludeSelf` tinyint(3) unsigned NOT NULL DEFAULT '0',
  `displaySubPages` varchar(255) DEFAULT 'none',
  `displaySubPageLevels` varchar(255) DEFAULT 'none',
  `displaySubPageLevelsNum` smallint(5) unsigned NOT NULL DEFAULT '0',
  `displayUnavailablePages` tinyint(3) unsigned NOT NULL DEFAULT '0',
  PRIMARY KEY (`bID`)
) ENGINE=InnoDB DEFAULT CHARSET=utf8;

INSERT INTO btNavigation VALUES(21,'display_asc','top',0,0,'all','all',0,0)
 ,(23,'display_asc','top',0,0,'none','enough',0,0);

DROP TABLE IF EXISTS btNextPrevious;

CREATE TABLE IF NOT EXISTS `btNextPrevious` (
  `bID` int(10) unsigned NOT NULL,
  `linkStyle` varchar(32) DEFAULT NULL,
  `nextLabel` varchar(128) DEFAULT NULL,
  `previousLabel` varchar(128) DEFAULT NULL,
  `parentLabel` varchar(128) DEFAULT NULL,
  `showArrows` int(11) DEFAULT '1',
  `loopSequence` int(11) DEFAULT '1',
  `excludeSystemPages` int(11) DEFAULT '1',
  `orderBy` varchar(20) DEFAULT 'display_asc',
  PRIMARY KEY (`bID`)
) ENGINE=InnoDB DEFAULT CHARSET=utf8;



DROP TABLE IF EXISTS btPageList;

CREATE TABLE IF NOT EXISTS `btPageList` (
  `bID` int(10) unsigned NOT NULL,
  `num` smallint(5) unsigned NOT NULL,
  `orderBy` varchar(32) DEFAULT NULL,
  `cParentID` int(10) unsigned NOT NULL DEFAULT '1',
  `cThis` tinyint(3) unsigned NOT NULL DEFAULT '0',
  `includeAllDescendents` tinyint(3) unsigned NOT NULL DEFAULT '0',
  `paginate` tinyint(3) unsigned NOT NULL DEFAULT '0',
  `displayAliases` tinyint(3) unsigned NOT NULL DEFAULT '1',
  `ctID` smallint(5) unsigned DEFAULT NULL,
  `rss` int(11) DEFAULT '0',
  `rssTitle` varchar(255) DEFAULT NULL,
  `rssDescription` longtext,
  `truncateSummaries` int(11) DEFAULT '0',
  `displayFeaturedOnly` int(11) DEFAULT '0',
  `truncateChars` int(11) DEFAULT '128',
  PRIMARY KEY (`bID`)
) ENGINE=InnoDB DEFAULT CHARSET=utf8;



DROP TABLE IF EXISTS btPersons;

CREATE TABLE IF NOT EXISTS `btPersons` (
  `pID` int(10) unsigned NOT NULL,
  `name` varchar(255) DEFAULT NULL,
  `intro` text,
  `image` varchar(255) DEFAULT NULL,
  `link` varchar(255) DEFAULT NULL,
  PRIMARY KEY (`pID`)
) ENGINE=InnoDB DEFAULT CHARSET=utf8;

INSERT INTO btPersons VALUES(4,'Chris Davis','Senior Risk Adviser Chris Davis is head of the risk management team at Lawler Financial Services. <h5>Click again more information</h5>','ChrisDavis.png','Chris-Davis')
 ,(5,'Damien Passmore','Damien is an Authorised Financial Adviser and a Member of the Institute of Chartered Accountants in Australia who specialises in wealth creation across all entities. He has extensive experience as a financial adviser, having practiced in accounting, superannuation and related fields since 1991. Qualified through SPAA as a Specialist Advisor, he provides strategic and investment advice to a wide range of clients. ','DamienPassmore.png','DamienPassmore')
 ,(6,'Mark Arnold','Director and Financial Adviser Mark Arnold has been providing financial advice since 1988 and his more than 25 years experience in accounting, taxation and other financial services disciplines has earned him respect in the industry. He is regularly invited to present at seminars on financial planning for CPA Australia and frequently quoted on financial matters in the media.','Mark_Arnold.png','MarkArnold')
 ,(7,'Unknown_02','','Unkown-02.png','');

DROP TABLE IF EXISTS btRssDisplay;

CREATE TABLE IF NOT EXISTS `btRssDisplay` (
  `bID` int(10) unsigned NOT NULL,
  `title` varchar(255) DEFAULT NULL,
  `url` varchar(255) DEFAULT NULL,
  `dateFormat` varchar(100) DEFAULT NULL,
  `itemsToDisplay` int(10) unsigned DEFAULT '5',
  `showSummary` tinyint(3) unsigned NOT NULL DEFAULT '1',
  `launchInNewWindow` tinyint(3) unsigned NOT NULL DEFAULT '1',
  PRIMARY KEY (`bID`)
) ENGINE=InnoDB DEFAULT CHARSET=utf8;



DROP TABLE IF EXISTS btSearch;

CREATE TABLE IF NOT EXISTS `btSearch` (
  `bID` int(10) unsigned NOT NULL,
  `title` varchar(255) DEFAULT NULL,
  `buttonText` varchar(128) DEFAULT NULL,
  `baseSearchPath` varchar(255) DEFAULT NULL,
  `postTo_cID` varchar(255) DEFAULT NULL,
  `resultsURL` varchar(255) DEFAULT NULL,
  PRIMARY KEY (`bID`)
) ENGINE=InnoDB DEFAULT CHARSET=utf8;



DROP TABLE IF EXISTS btSlideshow;

CREATE TABLE IF NOT EXISTS `btSlideshow` (
  `bID` int(10) unsigned NOT NULL,
  `fsID` int(10) unsigned DEFAULT NULL,
  `playback` varchar(50) DEFAULT NULL,
  `duration` int(10) unsigned DEFAULT NULL,
  `fadeDuration` int(10) unsigned DEFAULT NULL,
  PRIMARY KEY (`bID`)
) ENGINE=InnoDB DEFAULT CHARSET=utf8;



DROP TABLE IF EXISTS btSlideshowImg;

CREATE TABLE IF NOT EXISTS `btSlideshowImg` (
  `slideshowImgId` int(10) unsigned NOT NULL AUTO_INCREMENT,
  `bID` int(10) unsigned DEFAULT NULL,
  `fID` int(10) unsigned DEFAULT NULL,
  `url` varchar(255) DEFAULT NULL,
  `duration` int(10) unsigned DEFAULT NULL,
  `fadeDuration` int(10) unsigned DEFAULT NULL,
  `groupSet` int(10) unsigned DEFAULT NULL,
  `position` int(10) unsigned DEFAULT NULL,
  `imgHeight` int(10) unsigned DEFAULT NULL,
  PRIMARY KEY (`slideshowImgId`)
) ENGINE=InnoDB DEFAULT CHARSET=utf8;



DROP TABLE IF EXISTS btSurvey;

CREATE TABLE IF NOT EXISTS `btSurvey` (
  `bID` int(10) unsigned NOT NULL,
  `question` varchar(255) DEFAULT '',
  `requiresRegistration` int(11) DEFAULT '0',
  PRIMARY KEY (`bID`)
) ENGINE=InnoDB DEFAULT CHARSET=utf8;



DROP TABLE IF EXISTS btSurveyOptions;

CREATE TABLE IF NOT EXISTS `btSurveyOptions` (
  `optionID` int(10) unsigned NOT NULL AUTO_INCREMENT,
  `bID` int(11) DEFAULT NULL,
  `optionName` varchar(255) DEFAULT NULL,
  `displayOrder` int(11) DEFAULT '0',
  PRIMARY KEY (`optionID`)
) ENGINE=InnoDB DEFAULT CHARSET=utf8;



DROP TABLE IF EXISTS btSurveyResults;

CREATE TABLE IF NOT EXISTS `btSurveyResults` (
  `resultID` int(10) unsigned NOT NULL AUTO_INCREMENT,
  `optionID` int(10) unsigned DEFAULT '0',
  `uID` int(10) unsigned DEFAULT '0',
  `bID` int(11) DEFAULT NULL,
  `cID` int(11) DEFAULT NULL,
  `ipAddress` varchar(128) DEFAULT NULL,
  `timestamp` timestamp NOT NULL DEFAULT CURRENT_TIMESTAMP ON UPDATE CURRENT_TIMESTAMP,
  PRIMARY KEY (`resultID`)
) ENGINE=InnoDB DEFAULT CHARSET=utf8;



DROP TABLE IF EXISTS btTags;

CREATE TABLE IF NOT EXISTS `btTags` (
  `bID` int(10) unsigned NOT NULL,
  `title` varchar(255) DEFAULT NULL,
  `targetCID` int(11) DEFAULT NULL,
  `displayMode` varchar(20) DEFAULT 'page',
  `cloudCount` int(11) DEFAULT '10',
  PRIMARY KEY (`bID`)
) ENGINE=InnoDB DEFAULT CHARSET=utf8;



DROP TABLE IF EXISTS btVideo;

CREATE TABLE IF NOT EXISTS `btVideo` (
  `bID` int(10) unsigned NOT NULL,
  `fID` int(10) unsigned DEFAULT NULL,
  `width` int(10) unsigned DEFAULT NULL,
  `height` int(10) unsigned DEFAULT NULL,
  PRIMARY KEY (`bID`)
) ENGINE=InnoDB DEFAULT CHARSET=utf8;



DROP TABLE IF EXISTS btYouTube;

CREATE TABLE IF NOT EXISTS `btYouTube` (
  `bID` int(10) unsigned NOT NULL,
  `title` varchar(255) DEFAULT NULL,
  `videoURL` varchar(255) DEFAULT NULL,
  `vHeight` varchar(255) DEFAULT NULL,
  `vWidth` varchar(255) DEFAULT NULL,
  `vPlayer` tinyint(3) unsigned NOT NULL DEFAULT '0',
  PRIMARY KEY (`bID`)
) ENGINE=InnoDB DEFAULT CHARSET=utf8;



